
Device: MacBook Air (M1, 2020) | System: macOS 13.0 (22A380) | WhatsApp version: 2.26.31.74 | Build number: 1035495070 | Hash: 82c73fd8cd17 | PID: 4484 | Time zone: GMT+07:00 | JID: <******8311:20@s.whatsapp.net> | 

19:53:12.164 [ 202689] [addressbook   ] [B] LL_A syncmanager//usync/unisync/nc/allowMutation: 1, mode: 3, orion_usync_allow_mutation_attribute:1 
19:53:12.180 [ 202689] [addressbook   ] [B] LL_A syncmanager//usync/unisync/start/Background/Full list=[0] sidelist=[62]
19:53:12.180 [ 202689] [addressbook   ] [B] LL_A sync-session//usync/request/start/ cl:n dl:n dm:n pl:n sl:n st:n bz:n lid:n un=[n] ts:n cl=[0] sl=[0]
19:53:12.180 [ 202698] [normal        ] [B] LL_E sync-session//usync/request/all protocols off
19:53:12.180 [ 184665] [main-thread   ] [B] LL_A syncmanager//usync/unisync/finished time=[0.000]
19:53:12.180 [ 202689] [addressbook   ] [B] LL_A syncmanager//usync/usync/skipped/already in progress
19:53:12.183 [ 184665] [main-thread   ] [B] LL_A chat-mgr//syncmanager/usync/delegate/sync-finished result=[Success] reason=[None] deleletedContacts=[0]
19:53:12.183 [ 202689] [addressbook   ] [B] LL_A chat-mgr//refresh-chats/started
19:53:12.183 [ 202689] [addressbook   ] [B] LL_A chat-mgr//refresh-chats/finished time=[0.000]
19:53:12.192 [ 202233] [NSManaged…9110] [B] LL_W chatsession/missing-contact-identifier
19:53:12.223 [ 184665] [main-thread   ] [B] LL_A storage//save/background/done [ChatDB in 0.00s with no changes from 'NSManagedObjectContext 0x6000002a9110']
19:53:12.223 [ 184665] [main-thread   ] [B] LL_A chat-mgr//refresh-chats/merged-changes
19:53:12.453 [ 202698] [filedownload  ] [B] LL_A download-task-handler//did-receive-response/task[BUvjYg8MTbEPsA5-udngcqk5Q_cM6X0bspkUg157s7g=][{0, *}]/returned range: {0, 66986} current: 0
19:53:12.510 [ 202233] [mms (QOS:…TED)] [B] LL_A mms-base-task//finish/finishing/download-task[BUvjYg8MTbEPsA5-udngcqk5Q_cM6X0bspkUg157s7g=]/{0, *}/cellular:0
19:53:12.510 [ 202233] [mms (QOS:…TED)] [B] LL_A mms-session//did-complete/wa-mms-task[23]/callback=1
19:53:12.511 [ 202701] [v4            ] [B] LL_A media-download-operation//phase-downloading/BUvjYg8MTbEPsA5+udngcqk5Q/cM6X0bspkUg157s7g=/retry: 0 response/code: 200 error: (null)
19:53:12.511 [ 202701] [v4            ] [B] LL_A phase-downloading/BUvjYg8MTbEPsA5+udngcqk5Q/cM6X0bspkUg157s7g=/metrics
LL_A (Task Interval) <_NSConcreteDateInterval: 0x600003eccec0> (Start Date) 2026-09-22 12:53:11 +0000 + (Duration) 0.566579 seconds = (End Date) 2026-09-22 12:53:12 +0000
LL_A (Redirect Count) 0
LL_A (Transaction Metrics) 
LL_A (Transaction Metric 0 )
LL_A (Request) https://media.fcgk42-1.fna.whatsapp.net/o1/v/t24/f2/m234/AQOBXh6vvH1IpeFi2-nnMTR-cxavPIdnSEsU0wWiT3QBc3qCcHCS90hurWhLV_rG90ZsBu-7aNSV0tdK4u_ZB6Qy_W0Jcnzmjb55f3GMMQ
LL_A (Response) <https://media.fcgk42-1.fna.whatsapp.net/o1/v/t24/f2/m234/AQOBXh6vvH1IpeFi2-nnMTR-cxavPIdnSEsU0wWiT3QBc3qCcHCS90hurWhLV_rG90ZsBu-7aNSV0tdK4u_ZB6Qy_W0Jcnzmjb55f3GMMQ 200 no error>
LL_A (Fetch Start) 1790081591.943342
LL_A (Domain Lookup Start) 1790081591.944088
LL_A (Domain Lookup End) 1790081591.945088
LL_A (Domain Lookup Total) 0.001000
LL_A (Connect Start) 1790081591.945088
LL_A (Secure Connection Start) 1790081592.338088
LL_A (Secure Connection End) 1790081592.412088
LL_A (Secure Connection Total) 0.074000
LL_A (Connect End) 1790081592.412088
LL_A (Connect Total) 0.467000
LL_A (Request Start) 1790081592.413524
LL_A (Request End) 1790081592.413661
LL_A (Request Total) 0.000137
LL_A (Response Wait) 0.032353
LL_A (Response Start) 1790081592.446014
LL_A (Response End) 1790081592.509476
LL_A (Response Total) 0.063462
LL_A (Protocol Name) h2
LL_A (Proxy Connection) NO
LL_A (Reused Connection) NO
LL_A (Fetch Type) 1
LL_A 
LL_A 
19:53:12.511 [ 202701] [v4            ] [B] LL_A media-download-operation//phase-decrypting/BUvjYg8MTbEPsA5+udngcqk5Q/cM6X0bspkUg157s7g=
19:53:12.512 [ 202698] [user-init…-qos] [B] LL_A media-download-operation//phase-decrypting/BUvjYg8MTbEPsA5+udngcqk5Q/cM6X0bspkUg157s7g=/writing final plaintext to E0A33C6F-A1BF-4607-85F7-06AA890D013D.jpg
19:53:12.515 [ 202689] [v4            ] [B] LL_A media-download-operation//phase-decrypting/BUvjYg8MTbEPsA5+udngcqk5Q/cM6X0bspkUg157s7g=/complete/success plain: 1 enc: 1 expected fs: 66968
19:53:12.515 [ 202689] [v4            ] [B] LL_A media-download-operation//phase-fetching-asset/BUvjYg8MTbEPsA5+udngcqk5Q/cM6X0bspkUg157s7g=
19:53:12.517 [ 202689] [v4            ] [B] LL_A media-download-operation//phase-fetching-asset/BUvjYg8MTbEPsA5+udngcqk5Q/cM6X0bspkUg157s7g=/complete asset: 1
19:53:12.517 [ 202689] [v4            ] [B] LL_A media-download-operation//phase-completion/BUvjYg8MTbEPsA5+udngcqk5Q/cM6X0bspkUg157s7g=
19:53:12.518 [ 184665] [main-thread   ] [B] LL_A chatstorage//save/ids/success [ChatDB in 0.00s]
19:53:12.518 [ 184665] [main-thread   ] [B] LL_A chatstorage//save/process [ChatDB in 0.00s]
19:53:12.518 [ 184665] [main-thread   ] [B] LL_A chatstorage//indexing/should index messages 0
19:53:12.518 [ 184665] [main-thread   ] [B] LL_A storage//save/success [ChatDB in 0.00s with no changes]
19:53:12.518 [ 184665] [main-thread   ] [B] LL_A chatstorage//save/aggregated success [ChatDB in 0.00s]
19:53:12.520 [ 184665] [main-thread   ] [B] LL_A did-finish-downloading-media/message/x-coredata://9E96C00C-04BD-4894-BC58-7BB83C39F595/WAMessage/p58712 (3)
19:53:12.520 [ 184665] [main-thread   ] [B] LL_A media-downloader//autodownload/remove/<******0487@g.us>_A5603061E735E6849831814B50BF79B6_0_<******7373@lid>/remove-from-kvs: 1
19:53:12.558 [ 202698] [memory-us…ging] [B] LL_A app//memory: System [Used 5570MB, Free 108MB] Process [Footprint 157MB (+0MB), Available 0MB, Peak 163MB] [cpu/s: 0.104]
19:53:12.578 [ 184665] [main-thread   ] [B] LL_A message/media-local-path/updating 1 messages for full media: (
LL_A     "<******0487@g.us>_A5603061E735E6849831814B50BF79B6_0_<******7373@lid>"
LL_A )
19:53:12.579 [ 184665] [main-thread   ] [B] LL_A helper/save-to-camera-roll/skipped [<******0487@g.us>_A5603061E735E6849831814B50BF79B6_0_<******7373@lid>]
19:53:12.579 [ 184665] [main-thread   ] [B] LL_A chatstorage//save/ids/success [ChatDB in 0.00s]
19:53:12.579 [ 184665] [main-thread   ] [B] LL_A chatstorage//save/process [ChatDB in 0.00s]
19:53:12.579 [ 184665] [main-thread   ] [B] LL_A chatstorage//indexing/should index messages 1
19:53:12.586 [ 184665] [main-thread   ] [B] LL_A storage//save/success [ChatDB in 0.01s with changes]
19:53:12.586 [ 184665] [main-thread   ] [B] LL_A chatstorage//save/aggregated success [ChatDB in 0.01s]
19:53:15.558 [ 202698] [memory-us…ging] [B] LL_A app//memory: System [Used 5597MB, Free 84MB] Process [Footprint 156MB (-0MB), Available 0MB, Peak 163MB] [cpu/s: 0.008]
19:53:18.558 [ 202702] [memory-us…ging] [B] LL_A app//memory: System [Used 5643MB, Free 56MB] Process [Footprint 156MB (-0MB), Available 0MB, Peak 163MB] [cpu/s: 0.004]
19:53:21.557 [ 202698] [memory-us…ging] [B] LL_A app//memory: System [Used 5620MB, Free 79MB] Process [Footprint 156MB (-0MB), Available 0MB, Peak 163MB] [cpu/s: 0.003]
19:53:21.982 [ 202698] [NSManaged…a970] [B] LL_A storage//save/success [KVStore-LocalKeyValue.sqlite in 0.03s with changes]
19:53:21.982 [ 202712] [bgtask        ] [B] LL_A process//background-task/end/main/1439
19:53:24.558 [ 202704] [memory-us…ging] [B] LL_A app//memory: System [Used 5633MB, Free 67MB] Process [Footprint 156MB (-0MB), Available 0MB, Peak 163MB] [cpu/s: 0.012]
19:53:27.557 [ 202702] [memory-us…ging] [B] LL_A app//memory: System [Used 5601MB, Free 99MB] Process [Footprint 156MB (-0MB), Available 0MB, Peak 163MB] [cpu/s: 0.003]
19:53:30.557 [ 202702] [memory-us…ging] [B] LL_A app//memory: System [Used 5601MB, Free 98MB] Process [Footprint 156MB (+0MB), Available 0MB, Peak 163MB] [cpu/s: 0.003]
19:53:31.957 [ 202689] [normal        ] [B] LL_N stream//idle
19:53:31.957 [ 202689] [normal        ] [B] LL_A ccq/connection/cancel-stanza-processing/skip-resources-released
19:53:33.557 [ 202702] [memory-us…ging] [B] LL_A app//memory: System [Used 5619MB, Free 80MB] Process [Footprint 156MB (-0MB), Available 0MB, Peak 163MB] [cpu/s: 0.003]
19:53:36.557 [ 202702] [memory-us…ging] [B] LL_A app//memory: System [Used 5632MB, Free 68MB] Process [Footprint 156MB (0MB), Available 0MB, Peak 163MB] [cpu/s: 0.002]
19:53:39.557 [ 202702] [memory-us…ging] [B] LL_A app//memory: System [Used 5615MB, Free 93MB] Process [Footprint 156MB (0MB), Available 0MB, Peak 163MB] [cpu/s: 0.003]
19:53:42.556 [ 202704] [memory-us…ging] [B] LL_A app//memory: System [Used 5615MB, Free 94MB] Process [Footprint 156MB (0MB), Available 0MB, Peak 163MB] [cpu/s: 0.003]
19:53:45.556 [ 202704] [memory-us…ging] [B] LL_A app//memory: System [Used 5588MB, Free 120MB] Process [Footprint 156MB (0MB), Available 0MB, Peak 163MB] [cpu/s: 0.003]
19:53:48.556 [ 202704] [memory-us…ging] [B] LL_A app//memory: System [Used 5582MB, Free 127MB] Process [Footprint 156MB (0MB), Available 0MB, Peak 163MB] [cpu/s: 0.002]
19:53:51.556 [ 202704] [memory-us…ging] [B] LL_A app//memory: System [Used 5593MB, Free 116MB] Process [Footprint 156MB (0MB), Available 0MB, Peak 163MB] [cpu/s: 0.003]
19:53:54.556 [ 202702] [memory-us…ging] [B] LL_A app//memory: System [Used 5627MB, Free 84MB] Process [Footprint 156MB (-0MB), Available 0MB, Peak 163MB] [cpu/s: 0.003]
19:53:57.038 [ 184665] [main-thread   ] [B] LL_A app//battery level 0.470000
19:53:57.556 [ 202702] [memory-us…ging] [B] LL_A app//memory: System [Used 5611MB, Free 99MB] Process [Footprint 156MB (0MB), Available 0MB, Peak 163MB] [cpu/s: 0.004]
19:54:00.554 [ 202704] [memory-us…ging] [B] LL_A app//memory: System [Used 5631MB, Free 80MB] Process [Footprint 156MB (+0MB), Available 0MB, Peak 163MB] [cpu/s: 0.003]
19:54:03.555 [ 202704] [memory-us…ging] [B] LL_A app//memory: System [Used 5628MB, Free 82MB] Process [Footprint 156MB (0MB), Available 0MB, Peak 163MB] [cpu/s: 0.002]
19:54:06.555 [ 202702] [memory-us…ging] [B] LL_A app//memory: System [Used 5606MB, Free 104MB] Process [Footprint 156MB (0MB), Available 0MB, Peak 163MB] [cpu/s: 0.003]
19:54:09.555 [ 202704] [memory-us…ging] [B] LL_A app//memory: System [Used 5604MB, Free 107MB] Process [Footprint 156MB (-0MB), Available 0MB, Peak 163MB] [cpu/s: 0.003]
19:54:12.132 [ 202698] [addressbook   ] [B] LL_A syncmanager//usync/scheduled-full/check c:[(null)] d:[2026-09-22 15:14:14 +0000] dm:[2026-09-22 15:14:14 +0000] sl:[(null)] b:[2026-09-22 15:14:14 +0000] s:[2026-09-22 15:14:14 +0000]
19:54:12.132 [ 202698] [addressbook   ] [B] LL_A syncmanager//usync/scheduled-full/run/background
19:54:12.134 [ 202698] [addressbook   ] [B] LL_A syncmanager//usync/unisync/begin
19:54:12.134 [ 202698] [addressbook   ] [B] LL_A syncmanager//usync/prepare-list/Full items=[0] deleted=[0]
19:54:12.150 [ 202698] [addressbook   ] [B] LL_A syncmanager//usync/prepare-sidelist/Full items=[62]
19:54:12.152 [ 202698] [addressbook   ] [B] LL_A syncmanager//usync/contacts/backoff is nil or before now:[nil]
19:54:12.152 [ 202698] [addressbook   ] [B] LL_A syncmanager//usync/contacts/nextScheduledFullSyncDate is:[(null)]
19:54:12.152 [ 202698] [addressbook   ] [B] LL_A syncmanager//usync/contacts/isCompanionDevice
19:54:12.152 [ 202698] [addressbook   ] [B] LL_A syncmanager//usync/contacts/isContactSyncEnabled:[NO]
19:54:12.152 [ 202698] [addressbook   ] [B] LL_A syncmanager//usync/unisync/nc/allowMutation: 1, mode: 3, orion_usync_allow_mutation_attribute:1 
19:54:12.161 [ 202698] [addressbook   ] [B] LL_A syncmanager//usync/unisync/start/Background/Full list=[0] sidelist=[62]
19:54:12.161 [ 202698] [addressbook   ] [B] LL_A sync-session//usync/request/start/ cl:n dl:n dm:n pl:n sl:n st:n bz:n lid:n un=[n] ts:n cl=[0] sl=[0]
19:54:12.161 [ 202702] [normal        ] [B] LL_E sync-session//usync/request/all protocols off
19:54:12.162 [ 184665] [main-thread   ] [B] LL_A syncmanager//usync/unisync/finished time=[0.000]
19:54:12.162 [ 202698] [addressbook   ] [B] LL_A syncmanager//usync/usync/skipped/already in progress
19:54:12.164 [ 184665] [main-thread   ] [B] LL_A chat-mgr//syncmanager/usync/delegate/sync-finished result=[Success] reason=[None] deleletedContacts=[0]
19:54:12.164 [ 202704] [addressbook   ] [B] LL_A chat-mgr//refresh-chats/started
19:54:12.165 [ 202704] [addressbook   ] [B] LL_A chat-mgr//refresh-chats/finished time=[0.000]
19:54:12.171 [ 202698] [NSManaged…2630] [B] LL_W chatsession/missing-contact-identifier
19:54:12.198 [ 184665] [main-thread   ] [B] LL_A storage//save/background/done [ChatDB in 0.00s with no changes from 'NSManagedObjectContext 0x600000212630']
19:54:12.198 [ 184665] [main-thread   ] [B] LL_A chat-mgr//refresh-chats/merged-changes
19:54:12.554 [ 202702] [memory-us…ging] [B] LL_A app//memory: System [Used 5612MB, Free 102MB] Process [Footprint 156MB (+0MB), Available 0MB, Peak 163MB] [cpu/s: 0.035]
19:54:15.555 [ 202704] [memory-us…ging] [B] LL_A app//memory: System [Used 5656MB, Free 59MB] Process [Footprint 156MB (0MB), Available 0MB, Peak 163MB] [cpu/s: 0.003]
19:54:18.554 [ 202702] [memory-us…ging] [B] LL_A app//memory: System [Used 5577MB, Free 65MB] Process [Footprint 156MB (+0MB), Available 0MB, Peak 163MB] [cpu/s: 0.002]
19:54:21.554 [ 202704] [memory-us…ging] [B] LL_A app//memory: System [Used 5591MB, Free 43MB] Process [Footprint 156MB (-0MB), Available 0MB, Peak 163MB] [cpu/s: 0.003]
19:54:24.554 [ 202702] [memory-us…ging] [B] LL_A app//memory: System [Used 5539MB, Free 70MB] Process [Footprint 156MB (0MB), Available 0MB, Peak 163MB] [cpu/s: 0.003]
19:54:27.554 [ 202702] [memory-us…ging] [B] LL_A app//memory: System [Used 5525MB, Free 86MB] Process [Footprint 156MB (0MB), Available 0MB, Peak 163MB] [cpu/s: 0.003]
19:54:30.554 [ 202704] [memory-us…ging] [B] LL_A app//memory: System [Used 5574MB, Free 47MB] Process [Footprint 156MB (-0MB), Available 0MB, Peak 163MB] [cpu/s: 0.003]
19:54:33.554 [ 202702] [memory-us…ging] [B] LL_A app//memory: System [Used 5536MB, Free 75MB] Process [Footprint 156MB (0MB), Available 0MB, Peak 163MB] [cpu/s: 0.002]
19:54:36.553 [ 202702] [memory-us…ging] [B] LL_A app//memory: System [Used 5544MB, Free 65MB] Process [Footprint 156MB (0MB), Available 0MB, Peak 163MB] [cpu/s: 0.002]
19:54:39.553 [ 202702] [memory-us…ging] [B] LL_A app//memory: System [Used 5561MB, Free 50MB] Process [Footprint 156MB (0MB), Available 0MB, Peak 163MB] [cpu/s: 0.002]
19:54:42.237 [ 202704] [normal        ] [B] LL_E [WAMSYS] _WCCConnectionDefaultReceivePingIq [Line 2915] [LogLevel:I] connection/server_ping/ack
19:54:42.553 [ 202698] [memory-us…ging] [B] LL_A app//memory: System [Used 5506MB, Free 83MB] Process [Footprint 156MB (+0MB), Available 0MB, Peak 163MB] [cpu/s: 0.004]
19:54:45.553 [ 202698] [memory-us…ging] [B] LL_A app//memory: System [Used 5494MB, Free 97MB] Process [Footprint 156MB (0MB), Available 0MB, Peak 163MB] [cpu/s: 0.002]
19:54:48.552 [ 202698] [memory-us…ging] [B] LL_A app//memory: System [Used 5487MB, Free 95MB] Process [Footprint 156MB (0MB), Available 0MB, Peak 163MB] [cpu/s: 0.002]
19:54:51.552 [ 202698] [memory-us…ging] [B] LL_A app//memory: System [Used 5501MB, Free 83MB] Process [Footprint 156MB (0MB), Available 0MB, Peak 163MB] [cpu/s: 0.003]
19:54:54.552 [ 202698] [memory-us…ging] [B] LL_A app//memory: System [Used 5537MB, Free 49MB] Process [Footprint 156MB (-0MB), Available 0MB, Peak 163MB] [cpu/s: 0.003]
19:54:57.552 [ 202698] [memory-us…ging] [B] LL_A app//memory: System [Used 5531MB, Free 55MB] Process [Footprint 156MB (0MB), Available 0MB, Peak 163MB] [cpu/s: 0.004]
19:55:00.552 [ 202698] [memory-us…ging] [B] LL_A app//memory: System [Used 5540MB, Free 51MB] Process [Footprint 156MB (+0MB), Available 0MB, Peak 163MB] [cpu/s: 0.003]
19:55:02.237 [ 202702] [normal        ] [B] LL_N stream//idle
19:55:02.237 [ 202702] [normal        ] [B] LL_A ccq/connection/cancel-stanza-processing/skip-resources-released
19:55:03.551 [ 202698] [memory-us…ging] [B] LL_A app//memory: System [Used 5551MB, Free 42MB] Process [Footprint 156MB (0MB), Available 0MB, Peak 163MB] [cpu/s: 0.003]
19:55:06.550 [ 202702] [memory-us…ging] [B] LL_A app//memory: System [Used 5528MB, Free 61MB] Process [Footprint 157MB (+1MB), Available 0MB, Peak 163MB] [cpu/s: 0.002]
19:55:09.551 [ 202702] [memory-us…ging] [B] LL_A app//memory: System [Used 5526MB, Free 62MB] Process [Footprint 157MB (0MB), Available 0MB, Peak 163MB] [cpu/s: 0.002]
19:55:12.129 [ 202702] [addressbook   ] [B] LL_A syncmanager//usync/scheduled-full/check c:[(null)] d:[2026-09-22 15:14:14 +0000] dm:[2026-09-22 15:14:14 +0000] sl:[(null)] b:[2026-09-22 15:14:14 +0000] s:[2026-09-22 15:14:14 +0000]
19:55:12.129 [ 202702] [addressbook   ] [B] LL_A syncmanager//usync/scheduled-full/run/background
19:55:12.131 [ 202702] [addressbook   ] [B] LL_A syncmanager//usync/unisync/begin
19:55:12.132 [ 202702] [addressbook   ] [B] LL_A syncmanager//usync/prepare-list/Full items=[0] deleted=[0]
19:55:12.149 [ 202702] [addressbook   ] [B] LL_A syncmanager//usync/prepare-sidelist/Full items=[62]
19:55:12.151 [ 202702] [addressbook   ] [B] LL_A syncmanager//usync/contacts/backoff is nil or before now:[nil]
19:55:12.151 [ 202702] [addressbook   ] [B] LL_A syncmanager//usync/contacts/nextScheduledFullSyncDate is:[(null)]
19:55:12.151 [ 202702] [addressbook   ] [B] LL_A syncmanager//usync/contacts/isCompanionDevice
19:55:12.151 [ 202702] [addressbook   ] [B] LL_A syncmanager//usync/contacts/isContactSyncEnabled:[NO]
19:55:12.151 [ 202702] [addressbook   ] [B] LL_A syncmanager//usync/unisync/nc/allowMutation: 1, mode: 3, orion_usync_allow_mutation_attribute:1 
19:55:12.160 [ 202702] [addressbook   ] [B] LL_A syncmanager//usync/unisync/start/Background/Full list=[0] sidelist=[62]
19:55:12.160 [ 202702] [addressbook   ] [B] LL_A sync-session//usync/request/start/ cl:n dl:n dm:n pl:n sl:n st:n bz:n lid:n un=[n] ts:n cl=[0] sl=[0]
19:55:12.160 [ 202704] [normal        ] [B] LL_E sync-session//usync/request/all protocols off
19:55:12.160 [ 184665] [main-thread   ] [B] LL_A syncmanager//usync/unisync/finished time=[0.000]
19:55:12.160 [ 202702] [addressbook   ] [B] LL_A syncmanager//usync/usync/skipped/already in progress
19:55:12.163 [ 184665] [main-thread   ] [B] LL_A chat-mgr//syncmanager/usync/delegate/sync-finished result=[Success] reason=[None] deleletedContacts=[0]
19:55:12.163 [ 202698] [addressbook   ] [B] LL_A chat-mgr//refresh-chats/started
19:55:12.163 [ 202698] [addressbook   ] [B] LL_A chat-mgr//refresh-chats/finished time=[0.000]
19:55:12.170 [ 202704] [NSManaged…9110] [B] LL_W chatsession/missing-contact-identifier
19:55:12.199 [ 184665] [main-thread   ] [B] LL_A storage//save/background/done [ChatDB in 0.00s with no changes from 'NSManagedObjectContext 0x6000002a9110']
19:55:12.199 [ 184665] [main-thread   ] [B] LL_A chat-mgr//refresh-chats/merged-changes
19:55:12.550 [ 202698] [memory-us…ging] [B] LL_A app//memory: System [Used 5521MB, Free 67MB] Process [Footprint 158MB (+0MB), Available 0MB, Peak 163MB] [cpu/s: 0.031]
19:55:15.550 [ 202704] [memory-us…ging] [B] LL_A app//memory: System [Used 5522MB, Free 68MB] Process [Footprint 158MB (0MB), Available 0MB, Peak 163MB] [cpu/s: 0.003]
19:55:18.490 [ 202702] [normal        ] [B] LL_N xmpp//< recv < [notification/devices id=427629693 f=******1815:0@lid [add]]
19:55:18.491 [ 202702] [normal        ] [B] LL_A ccq/connection/background-task/begin
19:55:18.493 [ 202702] [bgtask        ] [B] LL_A process//background-task/start/main/1493
19:55:18.494 [ 202698] [ccq           ] [B] LL_A ccq/connection-queue/resume-stanza-processing source=[process-stanza] deferred=[false]
19:55:18.494 [ 202698] [ccq           ] [B] LL_A ccq/connection-queue/transition from=[stopped] to=[running]
19:55:18.494 [ 202702] [normal        ] [B] LL_A ccq/connection-queue/add-stanza id=[427629693] key=[4dd91555] type=[notification] transient=[0] allow-ack-after-persistence=[true]
19:55:18.498 [ 202698] [ccq           ] [B] LL_A ccq/unordered/cache/preloaded count=[0] keys=[] dedup-count=[0] max-sort-id=[0]
19:55:18.498 [ 202698] [ccq           ] [B] LL_A batch//ccq.dispatcher.unordered/set-disabled/prev:disabled/new:enabled
19:55:18.498 [ 202698] [ccq           ] [B] LL_A ccq/queued-stanza-factory/seed-sort-id ordered=[0]
19:55:18.498 [ 202698] [ccq           ] [B] LL_A ccq/connection-queue/transition from=[running] to=[idle]
19:55:18.498 [ 202698] [ccq           ] [B] LL_A ccq/connection-queue/add-stanza restarting
19:55:18.498 [ 202704] [normal        ] [B] LL_A ccq/connection/idle busy-connection-active=[0]
19:55:18.498 [ 202698] [ccq           ] [B] LL_A ccq/connection-queue/transition from=[idle] to=[running]
19:55:18.498 [ 202698] [ccq           ] [B] LL_A ccq/queued-stanza-factory/seed-sort-id ordered=[0]
19:55:18.498 [ 202698] [ccq           ] [B] LL_A ccq/connection-queue/add-stanza/online-stanza-detected resuming deferred processing
19:55:18.499 [ 202698] [ccq           ] [B] LL_A ccq/unordered/cache/fetch-stanzas limit=[25] source=[any]
19:55:18.499 [ 202704] [normal        ] [B] LL_A ccq/connection/cancel-stanza-processing/skip-processing-stanzas
19:55:18.550 [ 202704] [memory-us…ging] [B] LL_A app//memory: System [Used 5528MB, Free 61MB] Process [Footprint 158MB (+0MB), Available 0MB, Peak 163MB] [cpu/s: 0.006]
19:55:18.600 [ 202704] [ccq           ] [B] LL_A ccq/unordered/cache/add-stanzas count=[1] keys=[4dd91555]
19:55:18.600 [ 202704] [ccq           ] [B] LL_A ccq/unordered/cache/add-stanzas/write-back buffered=[1]
19:55:18.600 [ 202704] [ccq           ] [B] LL_A ccq/unordered/cache/fetch-stanzas limit=[25] source=[any]
19:55:18.601 [ 202704] [ccq           ] [B] LL_A ccq/unordered/consumer/process-stanzas count=[1] keys=[4dd91555]
19:55:18.601 [ 202704] [ccq           ] [B] LL_A ccq/unordered/storage/increment-process-count count=[1] keys=[4dd91555]
19:55:18.604 [ 202704] [ccq           ] [B] LL_W ccq/unordered/storage/increment-process-count incomplete updated-stanza-count=[0] expected-stanza-count=[1]
19:55:18.604 [ 202704] [ccq           ] [B] LL_A ccq/unordered/processor/process-stanzas count=[1]
19:55:18.605 [ 202702] [queue         ] [B] LL_A stanza-processing-complete stanza-id=[427629693] stanza-type=[notification] ack-child-element=[(null)] ignore-exclusive-connection=[0]
19:55:18.605 [ 202702] [ccq           ] [B] LL_A ccq/unordered/queue/handle-processing-output count=[1]
19:55:18.605 [ 202702] [ccq           ] [B] LL_A ccq/unordered/cache/fetch-stanzas limit=[25] source=[any]
19:55:18.606 [ 202711] [normal        ] [B] LL_N stream//> send > [ack/notification/devices t=******1815:0@lid id=427629693]
19:55:18.606 [ 202713] [ccq           ] [B] LL_A ccq/unordered/queue/handle-processing-output removed-stanza-count=[1]
19:55:18.606 [ 202713] [ccq           ] [B] LL_A ccq/unordered/cache/remove-stanzas count=[1] keys=[4dd91555]
19:55:18.606 [ 202713] [ccq           ] [B] LL_A ccq/unordered/cache/remove-stanzas/pending-persistence count=[1] keys=[4dd91555]
19:55:18.607 [ 202713] [ccq           ] [B] LL_A ccq/unordered/storage/remove-stanzas count=[1] keys=[4dd91555]
19:55:18.608 [ 202713] [ccq           ] [B] LL_A ccq/connection-queue/finish-processing idle
19:55:18.608 [ 202713] [ccq           ] [B] LL_A ccq/connection-queue/transition from=[running] to=[idle]
19:55:18.608 [ 202711] [normal        ] [B] LL_A ccq/connection/idle busy-connection-active=[0]
19:55:18.608 [ 202711] [normal        ] [B] LL_A ccq/connection/cancel-on-idle
19:55:18.608 [ 202711] [ccq           ] [B] LL_A ccq/connection-queue/cancel-stanza-processing reason=[WAStanzaProcessingCancellationReason(rawValue: 4)] deferred=[false]
19:55:18.608 [ 202711] [ccq           ] [B] LL_A ccq/connection-queue/transition from=[idle] to=[draining]
19:55:18.608 [ 202711] [ccq           ] [B] LL_A ccq/unordered/processor/cancel-all-processing reason=[WAStanzaProcessingCancellationReason(rawValue: 4)]
19:55:18.608 [ 202711] [ccq           ] [B] LL_A ccq/unordered/consumer/cancel-stanza-processing
19:55:18.608 [ 202713] [queue         ] [B] LL_A stanza-processing-cancellation handle-count=[0] reason=[4]
19:55:18.608 [ 202698] [queue         ] [B] LL_A stanza-processing-cancellation handle-count=[0] reason=[4]
19:55:18.608 [ 202711] [ccq           ] [B] LL_A ccq/connection-queue/transition from=[draining] to=[stopped]
19:55:18.608 [ 202711] [ccq           ] [B] LL_A ccq/unordered/cache/invalidate
19:55:18.608 [ 202711] [ccq           ] [B] LL_A batch//ccq.dispatcher.unordered/set-disabled/prev:enabled/new:disabled
19:55:18.609 [ 202704] [normal        ] [B] LL_A ccq/connection/background-task/end
19:55:18.611 [ 204157] [crypto        ] [B] LL_A signal/store//identity/fetch/user-jids={(
LL_A     <******1815@lid>
LL_A )}
19:55:18.614 [ 204157] [NSManaged…4ea0] [B] LL_A signal/store//identity/fetch/success count=1 users=(
LL_A     "<******1815:0@lid>"
LL_A )
19:55:18.615 [ 184665] [main-thread   ] [B] LL_A device-storage-updater/devices/<******1815@lid>/account-effect
LL_A 		->
LL_A 	AccountEffect(l: DeviceListEffect.mutate(1700144209 ts: 1787746184 i: [<******1815:39@lid>: 1] r: [] expectedTS: ETSEffect { .set(1790081699) } sync: true accType: WAPBADVEncryptionType(rawValue: 0) accTypeUpdated: false) k: IdentityKeyEffect { primaryIdentity: PrimaryIdentityEffect.ignore, newKeys: [] })
19:55:18.616 [ 202704] [NSManaged…4ea0] [B] LL_A storage//save/success [SignalDB in 0.00s with no changes]
19:55:18.616 [ 202704] [NSManaged…4ea0] [B] LL_A signal/store//identity/delete/success count=0
19:55:18.618 [ 184665] [main-thread   ] [B] LL_A chatstorage//save/ids/success [ChatDB in 0.00s]
19:55:18.618 [ 184665] [main-thread   ] [B] LL_A chatstorage//save/process [ChatDB in 0.00s]
19:55:18.618 [ 184665] [main-thread   ] [B] LL_A chatstorage//indexing/should index messages 0
19:55:18.622 [ 184665] [main-thread   ] [B] LL_A storage//save/success [ChatDB in 0.00s with changes]
19:55:18.622 [ 184665] [main-thread   ] [B] LL_A chatstorage//save/aggregated success [ChatDB in 0.00s]
19:55:21.550 [ 202698] [memory-us…ging] [B] LL_A app//memory: System [Used 5518MB, Free 53MB] Process [Footprint 158MB (+0MB), Available 0MB, Peak 163MB] [cpu/s: 0.013]
19:55:21.607 [ 204157] [bgtask        ] [B] LL_A process//background-task/end/main/1493
19:55:24.550 [ 204157] [memory-us…ging] [B] LL_A app//memory: System [Used 5499MB, Free 70MB] Process [Footprint 158MB (-0MB), Available 0MB, Peak 163MB] [cpu/s: 0.003]
19:55:27.550 [ 202711] [memory-us…ging] [B] LL_A app//memory: System [Used 5424MB, Free 88MB] Process [Footprint 158MB (-0MB), Available 0MB, Peak 163MB] [cpu/s: 0.003]
19:55:30.550 [ 202704] [memory-us…ging] [B] LL_A app//memory: System [Used 5407MB, Free 104MB] Process [Footprint 158MB (0MB), Available 0MB, Peak 163MB] [cpu/s: 0.003]
19:55:33.550 [ 202698] [memory-us…ging] [B] LL_A app//memory: System [Used 5353MB, Free 159MB] Process [Footprint 158MB (0MB), Available 0MB, Peak 163MB] [cpu/s: 0.003]
19:55:36.550 [ 202711] [memory-us…ging] [B] LL_A app//memory: System [Used 5306MB, Free 205MB] Process [Footprint 158MB (-0MB), Available 0MB, Peak 163MB] [cpu/s: 0.003]
19:55:38.494 [ 202704] [normal        ] [B] LL_N stream//idle
19:55:38.494 [ 202704] [normal        ] [B] LL_A ccq/connection/cancel-stanza-processing/skip-resources-released
19:55:39.549 [ 202704] [memory-us…ging] [B] LL_A app//memory: System [Used 5318MB, Free 196MB] Process [Footprint 158MB (0MB), Available 0MB, Peak 163MB] [cpu/s: 0.003]
19:55:42.549 [ 202704] [memory-us…ging] [B] LL_A app//memory: System [Used 5330MB, Free 185MB] Process [Footprint 158MB (0MB), Available 0MB, Peak 163MB] [cpu/s: 0.003]
19:55:45.549 [ 202702] [memory-us…ging] [B] LL_A app//memory: System [Used 5348MB, Free 169MB] Process [Footprint 158MB (-0MB), Available 0MB, Peak 163MB] [cpu/s: 0.003]
19:55:48.548 [ 202711] [memory-us…ging] [B] LL_A app//memory: System [Used 5347MB, Free 170MB] Process [Footprint 158MB (0MB), Available 0MB, Peak 163MB] [cpu/s: 0.002]
19:55:51.548 [ 202711] [memory-us…ging] [B] LL_A app//memory: System [Used 5336MB, Free 181MB] Process [Footprint 158MB (0MB), Available 0MB, Peak 163MB] [cpu/s: 0.003]
19:55:54.549 [ 202702] [memory-us…ging] [B] LL_A app//memory: System [Used 5381MB, Free 136MB] Process [Footprint 158MB (+0MB), Available 0MB, Peak 163MB] [cpu/s: 0.003]
19:55:57.548 [ 204612] [memory-us…ging] [B] LL_A app//memory: System [Used 5394MB, Free 127MB] Process [Footprint 158MB (+0MB), Available 0MB, Peak 163MB] [cpu/s: 0.003]
19:56:00.548 [ 202702] [memory-us…ging] [B] LL_A app//memory: System [Used 5480MB, Free 42MB] Process [Footprint 158MB (-0MB), Available 0MB, Peak 163MB] [cpu/s: 0.002]
19:56:03.548 [ 202702] [memory-us…ging] [B] LL_A app//memory: System [Used 5457MB, Free 62MB] Process [Footprint 158MB (0MB), Available 0MB, Peak 163MB] [cpu/s: 0.002]
19:56:06.547 [ 202702] [memory-us…ging] [B] LL_A app//memory: System [Used 5457MB, Free 64MB] Process [Footprint 158MB (0MB), Available 0MB, Peak 163MB] [cpu/s: 0.002]
19:56:09.547 [ 202702] [memory-us…ging] [B] LL_A app//memory: System [Used 5402MB, Free 105MB] Process [Footprint 158MB (0MB), Available 0MB, Peak 163MB] [cpu/s: 0.002]
19:56:12.125 [ 204778] [addressbook   ] [B] LL_A syncmanager//usync/scheduled-full/check c:[(null)] d:[2026-09-22 15:14:14 +0000] dm:[2026-09-22 15:14:14 +0000] sl:[(null)] b:[2026-09-22 15:14:14 +0000] s:[2026-09-22 15:14:14 +0000]
19:56:12.125 [ 204778] [addressbook   ] [B] LL_A syncmanager//usync/scheduled-full/run/background
19:56:12.129 [ 204778] [addressbook   ] [B] LL_A syncmanager//usync/unisync/begin
19:56:12.129 [ 204778] [addressbook   ] [B] LL_A syncmanager//usync/prepare-list/Full items=[0] deleted=[0]
19:56:12.153 [ 204778] [addressbook   ] [B] LL_A syncmanager//usync/prepare-sidelist/Full items=[62]
19:56:12.155 [ 204778] [addressbook   ] [B] LL_A syncmanager//usync/contacts/backoff is nil or before now:[nil]
19:56:12.156 [ 204778] [addressbook   ] [B] LL_A syncmanager//usync/contacts/nextScheduledFullSyncDate is:[(null)]
19:56:12.156 [ 204778] [addressbook   ] [B] LL_A syncmanager//usync/contacts/isCompanionDevice
19:56:12.156 [ 204778] [addressbook   ] [B] LL_A syncmanager//usync/contacts/isContactSyncEnabled:[NO]
19:56:12.156 [ 204778] [addressbook   ] [B] LL_A syncmanager//usync/unisync/nc/allowMutation: 1, mode: 3, orion_usync_allow_mutation_attribute:1 
19:56:12.178 [ 204778] [addressbook   ] [B] LL_A syncmanager//usync/unisync/start/Background/Full list=[0] sidelist=[62]
19:56:12.178 [ 204778] [addressbook   ] [B] LL_A sync-session//usync/request/start/ cl:n dl:n dm:n pl:n sl:n st:n bz:n lid:n un=[n] ts:n cl=[0] sl=[0]
19:56:12.178 [ 202702] [normal        ] [B] LL_E sync-session//usync/request/all protocols off
19:56:12.178 [ 184665] [main-thread   ] [B] LL_A syncmanager//usync/unisync/finished time=[0.000]
19:56:12.180 [ 204778] [addressbook   ] [B] LL_A syncmanager//usync/usync/skipped/already in progress
19:56:12.183 [ 184665] [main-thread   ] [B] LL_A chat-mgr//syncmanager/usync/delegate/sync-finished result=[Success] reason=[None] deleletedContacts=[0]
19:56:12.183 [ 204778] [addressbook   ] [B] LL_A chat-mgr//refresh-chats/started
19:56:12.183 [ 204778] [addressbook   ] [B] LL_A chat-mgr//refresh-chats/finished time=[0.000]
19:56:12.194 [ 204612] [NSManaged…8f70] [B] LL_W chatsession/missing-contact-identifier
19:56:12.226 [ 184665] [main-thread   ] [B] LL_A storage//save/background/done [ChatDB in 0.00s with no changes from 'NSManagedObjectContext 0x6000002a8f70']
19:56:12.226 [ 184665] [main-thread   ] [B] LL_A chat-mgr//refresh-chats/merged-changes
19:56:12.547 [ 202702] [memory-us…ging] [B] LL_A app//memory: System [Used 5396MB, Free 62MB] Process [Footprint 157MB (-0MB), Available 0MB, Peak 163MB] [cpu/s: 0.044]
19:56:15.547 [ 202702] [memory-us…ging] [B] LL_A app//memory: System [Used 5372MB, Free 72MB] Process [Footprint 157MB (+0MB), Available 0MB, Peak 163MB] [cpu/s: 0.002]
19:56:18.547 [ 202702] [memory-us…ging] [B] LL_A app//memory: System [Used 5376MB, Free 67MB] Process [Footprint 157MB (-0MB), Available 0MB, Peak 163MB] [cpu/s: 0.002]
19:56:21.546 [ 204612] [memory-us…ging] [B] LL_A app//memory: System [Used 5391MB, Free 53MB] Process [Footprint 157MB (+0MB), Available 0MB, Peak 163MB] [cpu/s: 0.003]
19:56:24.547 [ 204863] [memory-us…ging] [B] LL_A app//memory: System [Used 5363MB, Free 82MB] Process [Footprint 157MB (0MB), Available 0MB, Peak 163MB] [cpu/s: 0.003]
19:56:27.547 [ 204863] [memory-us…ging] [B] LL_A app//memory: System [Used 5358MB, Free 89MB] Process [Footprint 157MB (0MB), Available 0MB, Peak 163MB] [cpu/s: 0.003]
19:56:30.547 [ 204779] [memory-us…ging] [B] LL_A app//memory: System [Used 5354MB, Free 91MB] Process [Footprint 157MB (-0MB), Available 0MB, Peak 163MB] [cpu/s: 0.003]
19:56:33.546 [ 204779] [memory-us…ging] [B] LL_A app//memory: System [Used 5348MB, Free 98MB] Process [Footprint 157MB (+0MB), Available 0MB, Peak 163MB] [cpu/s: 0.003]
19:56:36.546 [ 204612] [memory-us…ging] [B] LL_A app//memory: System [Used 5278MB, Free 169MB] Process [Footprint 157MB (0MB), Available 0MB, Peak 163MB] [cpu/s: 0.002]
19:56:39.546 [ 204612] [memory-us…ging] [B] LL_A app//memory: System [Used 5284MB, Free 164MB] Process [Footprint 157MB (0MB), Available 0MB, Peak 163MB] [cpu/s: 0.002]
19:56:42.546 [ 202702] [memory-us…ging] [B] LL_A app//memory: System [Used 5306MB, Free 143MB] Process [Footprint 157MB (-0MB), Available 0MB, Peak 163MB] [cpu/s: 0.003]
19:56:45.546 [ 204612] [memory-us…ging] [B] LL_A app//memory: System [Used 5310MB, Free 138MB] Process [Footprint 157MB (0MB), Available 0MB, Peak 163MB] [cpu/s: 0.003]
19:56:48.544 [ 204779] [memory-us…ging] [B] LL_A app//memory: System [Used 5326MB, Free 125MB] Process [Footprint 157MB (-0MB), Available 0MB, Peak 163MB] [cpu/s: 0.002]
19:56:48.901 [ 202702] [normal        ] [B] LL_E [WAMSYS] _WCCConnectionDefaultReceivePingIq [Line 2915] [LogLevel:I] connection/server_ping/ack
19:56:51.545 [ 204779] [memory-us…ging] [B] LL_A app//memory: System [Used 5331MB, Free 120MB] Process [Footprint 157MB (+0MB), Available 0MB, Peak 163MB] [cpu/s: 0.003]
19:56:54.545 [ 204612] [memory-us…ging] [B] LL_A app//memory: System [Used 5367MB, Free 79MB] Process [Footprint 157MB (0MB), Available 0MB, Peak 163MB] [cpu/s: 0.003]
19:56:57.545 [ 204612] [memory-us…ging] [B] LL_A app//memory: System [Used 5362MB, Free 84MB] Process [Footprint 157MB (0MB), Available 0MB, Peak 163MB] [cpu/s: 0.004]
19:57:00.544 [ 204612] [memory-us…ging] [B] LL_A app//memory: System [Used 5366MB, Free 82MB] Process [Footprint 157MB (-0MB), Available 0MB, Peak 163MB] [cpu/s: 0.003]
19:57:03.544 [ 204612] [memory-us…ging] [B] LL_A app//memory: System [Used 5352MB, Free 95MB] Process [Footprint 157MB (0MB), Available 0MB, Peak 163MB] [cpu/s: 0.002]
19:57:06.544 [ 204612] [memory-us…ging] [B] LL_A app//memory: System [Used 5323MB, Free 125MB] Process [Footprint 157MB (0MB), Available 0MB, Peak 163MB] [cpu/s: 0.002]
19:57:08.901 [ 204779] [normal        ] [B] LL_N stream//idle
19:57:08.902 [ 204779] [normal        ] [B] LL_A ccq/connection/cancel-stanza-processing/skip-resources-released
19:57:09.544 [ 204779] [memory-us…ging] [B] LL_A app//memory: System [Used 4605MB, Free 1054MB] Process [Footprint 157MB (0MB), Available 0MB, Peak 163MB] [cpu/s: 0.003]
19:57:12.120 [ 202702] [addressbook   ] [B] LL_A syncmanager//usync/scheduled-full/check c:[(null)] d:[2026-09-22 15:14:14 +0000] dm:[2026-09-22 15:14:14 +0000] sl:[(null)] b:[2026-09-22 15:14:14 +0000] s:[2026-09-22 15:14:14 +0000]
19:57:12.120 [ 202702] [addressbook   ] [B] LL_A syncmanager//usync/scheduled-full/run/background
19:57:12.123 [ 202702] [addressbook   ] [B] LL_A syncmanager//usync/unisync/begin
19:57:12.123 [ 202702] [addressbook   ] [B] LL_A syncmanager//usync/prepare-list/Full items=[0] deleted=[0]
19:57:12.138 [ 202702] [addressbook   ] [B] LL_A syncmanager//usync/prepare-sidelist/Full items=[62]
19:57:12.140 [ 202702] [addressbook   ] [B] LL_A syncmanager//usync/contacts/backoff is nil or before now:[nil]
19:57:12.140 [ 202702] [addressbook   ] [B] LL_A syncmanager//usync/contacts/nextScheduledFullSyncDate is:[(null)]
19:57:12.140 [ 202702] [addressbook   ] [B] LL_A syncmanager//usync/contacts/isCompanionDevice
19:57:12.140 [ 202702] [addressbook   ] [B] LL_A syncmanager//usync/contacts/isContactSyncEnabled:[NO]
19:57:12.140 [ 202702] [addressbook   ] [B] LL_A syncmanager//usync/unisync/nc/allowMutation: 1, mode: 3, orion_usync_allow_mutation_attribute:1 
19:57:12.150 [ 202702] [addressbook   ] [B] LL_A syncmanager//usync/unisync/start/Background/Full list=[0] sidelist=[62]
19:57:12.151 [ 202702] [addressbook   ] [B] LL_A sync-session//usync/request/start/ cl:n dl:n dm:n pl:n sl:n st:n bz:n lid:n un=[n] ts:n cl=[0] sl=[0]
19:57:12.151 [ 204612] [normal        ] [B] LL_E sync-session//usync/request/all protocols off
19:57:12.151 [ 184665] [main-thread   ] [B] LL_A syncmanager//usync/unisync/finished time=[0.000]
19:57:12.151 [ 202702] [addressbook   ] [B] LL_A syncmanager//usync/usync/skipped/already in progress
19:57:12.154 [ 184665] [main-thread   ] [B] LL_A chat-mgr//syncmanager/usync/delegate/sync-finished result=[Success] reason=[None] deleletedContacts=[0]
19:57:12.154 [ 204612] [addressbook   ] [B] LL_A chat-mgr//refresh-chats/started
19:57:12.154 [ 204612] [addressbook   ] [B] LL_A chat-mgr//refresh-chats/finished time=[0.000]
19:57:12.161 [ 204779] [NSManaged…8f70] [B] LL_W chatsession/missing-contact-identifier
19:57:12.192 [ 184665] [main-thread   ] [B] LL_A storage//save/background/done [ChatDB in 0.00s with no changes from 'NSManagedObjectContext 0x6000002a8f70']
19:57:12.192 [ 184665] [main-thread   ] [B] LL_A chat-mgr//refresh-chats/merged-changes
19:57:12.543 [ 204779] [memory-us…ging] [B] LL_A app//memory: System [Used 4609MB, Free 1049MB] Process [Footprint 157MB (-0MB), Available 0MB, Peak 163MB] [cpu/s: 0.030]
19:57:15.543 [ 204612] [memory-us…ging] [B] LL_A app//memory: System [Used 4843MB, Free 833MB] Process [Footprint 157MB (0MB), Available 0MB, Peak 163MB] [cpu/s: 0.003]
19:57:18.543 [ 204612] [memory-us…ging] [B] LL_A app//memory: System [Used 4798MB, Free 880MB] Process [Footprint 157MB (0MB), Available 0MB, Peak 163MB] [cpu/s: 0.002]
19:57:21.543 [ 204779] [memory-us…ging] [B] LL_A app//memory: System [Used 4744MB, Free 934MB] Process [Footprint 157MB (+0MB), Available 0MB, Peak 163MB] [cpu/s: 0.002]
19:57:24.543 [ 204779] [memory-us…ging] [B] LL_A app//memory: System [Used 4740MB, Free 939MB] Process [Footprint 157MB (0MB), Available 0MB, Peak 163MB] [cpu/s: 0.002]
19:57:27.543 [ 202702] [memory-us…ging] [B] LL_A app//memory: System [Used 4718MB, Free 969MB] Process [Footprint 157MB (0MB), Available 0MB, Peak 163MB] [cpu/s: 0.003]
19:57:30.543 [ 204779] [memory-us…ging] [B] LL_A app//memory: System [Used 4720MB, Free 966MB] Process [Footprint 157MB (0MB), Available 0MB, Peak 163MB] [cpu/s: 0.002]
19:57:33.543 [ 204779] [memory-us…ging] [B] LL_A app//memory: System [Used 4720MB, Free 967MB] Process [Footprint 157MB (0MB), Available 0MB, Peak 163MB] [cpu/s: 0.002]
19:57:36.542 [ 204612] [memory-us…ging] [B] LL_A app//memory: System [Used 4719MB, Free 968MB] Process [Footprint 157MB (-0MB), Available 0MB, Peak 163MB] [cpu/s: 0.002]
19:57:39.541 [ 202702] [memory-us…ging] [B] LL_A app//memory: System [Used 4719MB, Free 968MB] Process [Footprint 157MB (0MB), Available 0MB, Peak 163MB] [cpu/s: 0.002]
19:57:42.542 [ 202702] [memory-us…ging] [B] LL_A app//memory: System [Used 4719MB, Free 967MB] Process [Footprint 157MB (0MB), Available 0MB, Peak 163MB] [cpu/s: 0.003]
19:57:45.542 [ 204864] [memory-us…ging] [B] LL_A app//memory: System [Used 4720MB, Free 967MB] Process [Footprint 157MB (-0MB), Available 0MB, Peak 163MB] [cpu/s: 0.002]
19:57:48.541 [ 204612] [memory-us…ging] [B] LL_A app//memory: System [Used 4720MB, Free 967MB] Process [Footprint 157MB (0MB), Available 0MB, Peak 163MB] [cpu/s: 0.002]
19:57:51.099 [ 204864] [normal        ] [B] LL_N xmpp//< recv < [notification/picture id=4152589492 f=******6869:0@lid [delete]]
19:57:51.100 [ 204864] [normal        ] [B] LL_A ccq/connection/background-task/begin
19:57:51.102 [ 204864] [bgtask        ] [B] LL_A process//background-task/start/main/1525
19:57:51.103 [ 204865] [ccq           ] [B] LL_A ccq/connection-queue/resume-stanza-processing source=[process-stanza] deferred=[false]
19:57:51.103 [ 204865] [ccq           ] [B] LL_A ccq/connection-queue/transition from=[stopped] to=[running]
19:57:51.103 [ 204864] [normal        ] [B] LL_A ccq/connection-queue/add-stanza id=[4152589492] key=[9e027a77] type=[notification] transient=[0] allow-ack-after-persistence=[true]
19:57:51.106 [ 204865] [ccq           ] [B] LL_A ccq/unordered/cache/preloaded count=[0] keys=[] dedup-count=[0] max-sort-id=[0]
19:57:51.106 [ 204865] [ccq           ] [B] LL_A batch//ccq.dispatcher.unordered/set-disabled/prev:disabled/new:enabled
19:57:51.107 [ 204865] [ccq           ] [B] LL_A ccq/queued-stanza-factory/seed-sort-id ordered=[0]
19:57:51.107 [ 204865] [ccq           ] [B] LL_A ccq/connection-queue/transition from=[running] to=[idle]
19:57:51.107 [ 204865] [ccq           ] [B] LL_A ccq/connection-queue/add-stanza restarting
19:57:51.107 [ 204612] [normal        ] [B] LL_A ccq/connection/idle busy-connection-active=[0]
19:57:51.107 [ 204865] [ccq           ] [B] LL_A ccq/connection-queue/transition from=[idle] to=[running]
19:57:51.107 [ 204865] [ccq           ] [B] LL_A ccq/queued-stanza-factory/seed-sort-id ordered=[0]
19:57:51.107 [ 204865] [ccq           ] [B] LL_A ccq/connection-queue/add-stanza/online-stanza-detected resuming deferred processing
19:57:51.107 [ 204865] [ccq           ] [B] LL_A ccq/unordered/cache/fetch-stanzas limit=[25] source=[any]
19:57:51.107 [ 204612] [normal        ] [B] LL_A ccq/connection/cancel-stanza-processing/skip-processing-stanzas
19:57:51.208 [ 205592] [ccq           ] [B] LL_A ccq/unordered/cache/add-stanzas count=[1] keys=[9e027a77]
19:57:51.209 [ 205592] [ccq           ] [B] LL_A ccq/unordered/cache/add-stanzas/write-back buffered=[1]
19:57:51.209 [ 205592] [ccq           ] [B] LL_A ccq/unordered/cache/fetch-stanzas limit=[25] source=[any]
19:57:51.209 [ 205592] [ccq           ] [B] LL_A ccq/unordered/consumer/process-stanzas count=[1] keys=[9e027a77]
19:57:51.209 [ 205592] [ccq           ] [B] LL_A ccq/unordered/storage/increment-process-count count=[1] keys=[9e027a77]
19:57:51.211 [ 205592] [ccq           ] [B] LL_W ccq/unordered/storage/increment-process-count incomplete updated-stanza-count=[0] expected-stanza-count=[1]
19:57:51.212 [ 205592] [ccq           ] [B] LL_A ccq/unordered/processor/process-stanzas count=[1]
19:57:51.214 [ 204865] [queue         ] [B] LL_A stanza-processing-complete stanza-id=[4152589492] stanza-type=[notification] ack-child-element=[(null)] ignore-exclusive-connection=[0]
19:57:51.214 [ 204865] [ccq           ] [B] LL_A ccq/unordered/queue/handle-processing-output count=[1]
19:57:51.215 [ 204865] [ccq           ] [B] LL_A ccq/unordered/cache/fetch-stanzas limit=[25] source=[any]
19:57:51.215 [ 205592] [normal        ] [B] LL_N stream//> send > [ack/notification/picture t=******6869:0@lid id=4152589492]
19:57:51.216 [ 204864] [NSManaged…8f70] [B] LL_A waprofilepicturemanager/notification/picture-changed/<******6869@lid>
19:57:51.216 [ 205592] [ccq           ] [B] LL_A ccq/unordered/queue/handle-processing-output removed-stanza-count=[1]
19:57:51.216 [ 205592] [ccq           ] [B] LL_A ccq/unordered/cache/remove-stanzas count=[1] keys=[9e027a77]
19:57:51.216 [ 205592] [ccq           ] [B] LL_A ccq/unordered/cache/remove-stanzas/pending-persistence count=[1] keys=[9e027a77]
19:57:51.216 [ 205592] [ccq           ] [B] LL_A ccq/unordered/storage/remove-stanzas count=[1] keys=[9e027a77]
19:57:51.217 [ 205592] [ccq           ] [B] LL_A ccq/connection-queue/finish-processing idle
19:57:51.217 [ 205592] [ccq           ] [B] LL_A ccq/connection-queue/transition from=[running] to=[idle]
19:57:51.217 [ 205594] [normal        ] [B] LL_A ccq/connection/idle busy-connection-active=[0]
19:57:51.217 [ 205594] [normal        ] [B] LL_A ccq/connection/cancel-on-idle
19:57:51.218 [ 205592] [ccq           ] [B] LL_A ccq/connection-queue/cancel-stanza-processing reason=[WAStanzaProcessingCancellationReason(rawValue: 4)] deferred=[false]
19:57:51.218 [ 205592] [ccq           ] [B] LL_A ccq/connection-queue/transition from=[idle] to=[draining]
19:57:51.218 [ 205592] [ccq           ] [B] LL_A ccq/unordered/processor/cancel-all-processing reason=[WAStanzaProcessingCancellationReason(rawValue: 4)]
19:57:51.218 [ 205592] [ccq           ] [B] LL_A ccq/unordered/consumer/cancel-stanza-processing
19:57:51.218 [ 205594] [queue         ] [B] LL_A stanza-processing-cancellation handle-count=[0] reason=[4]
19:57:51.218 [ 204865] [queue         ] [B] LL_A stanza-processing-cancellation handle-count=[0] reason=[4]
19:57:51.218 [ 205592] [ccq           ] [B] LL_A ccq/connection-queue/transition from=[draining] to=[stopped]
19:57:51.218 [ 205592] [ccq           ] [B] LL_A ccq/unordered/cache/invalidate
19:57:51.218 [ 205592] [ccq           ] [B] LL_A batch//ccq.dispatcher.unordered/set-disabled/prev:enabled/new:disabled
19:57:51.218 [ 205594] [normal        ] [B] LL_A ccq/connection/background-task/end
19:57:51.230 [ 184665] [main-thread   ] [B] LL_A storage//save/background/done [ChatDB in 0.00s with changes from 'NSManagedObjectContext 0x6000002a8f70']
19:57:51.233 [ 204864] [NSManaged…8750] [B] LL_A groups-in-common/fetch: contact=******6869@lid activeAccount=found jidPairCount=2
19:57:51.233 [ 205593] [NSManaged…8f70] [B] LL_W waprofilepicturemanager/picture/load-failed path=[Media/Profile/200163276656869-1790869817]
19:57:51.233 [ 204864] [NSManaged…8750] [B] LL_A groups-in-common/predicate: selfJIDCount=2 contactJIDCount=2
19:57:51.237 [ 184665] [main-thread   ] [B] LL_A storage//save/background/done [ChatDB in 0.00s with changes from 'NSManagedObjectContext 0x6000002a8f70']
19:57:51.240 [ 204864] [addressbook   ] [B] LL_A sync-session//usync/request/start/ cl:n dl:n dm:n pl:n sl:n st:n bz:n lid:n un=[n] ts:n cl=[1] sl=[0]
19:57:51.240 [ 205592] [normal        ] [B] LL_A sync-session//usync/request/begin/batch/0
19:57:51.241 [ 205592] [normal        ] [B] LL_N stream//> send > [iq/get ns=usync t=******8311@s.whatsapp.net id=1790079492-27 [usync]]
19:57:51.243 [ 205592] [normal        ] [B] LL_N stream//> send > [iq/get ns=w:profile:picture t=s.whatsapp.net id=1790079492-28]
19:57:51.244 [ 204864] [normal        ] [B] LL_N stream//> send > [iq/get ns=w:profile:picture t=s.whatsapp.net id=1790079492-29]
19:57:51.461 [ 204864] [normal        ] [B] LL_N xmpp//< recv < [iq/error code=404 f=s.whatsapp.net id=1790079492-28]
19:57:51.475 [ 204864] [normal        ] [B] LL_N xmpp//< recv < [iq/error code=404 f=s.whatsapp.net id=1790079492-29]
19:57:51.484 [ 204864] [normal        ] [B] LL_N stream//> send > [iq/get ns=w:profile:picture t=s.whatsapp.net id=1790079492-30]
19:57:51.498 [ 204864] [normal        ] [B] LL_N xmpp//< recv < [iq/result f=******8311:0@s.whatsapp.net id=1790079492-27 [usync]]
19:57:51.498 [ 204864] [normal        ] [B] LL_A sync-session//usync/request/end/batch/0
19:57:51.541 [ 205592] [memory-us…ging] [B] LL_A app//memory: System [Used 4726MB, Free 962MB] Process [Footprint 157MB (+0MB), Available 0MB, Peak 163MB] [cpu/s: 0.029]
19:57:51.692 [ 205593] [normal        ] [B] LL_N xmpp//< recv < [iq/result f=s.whatsapp.net id=1790079492-30]
19:57:51.714 [ 204865] [promises      ] [B] LL_E persistent-key-value-store+avatar/persistent-key-value-store/avatar-coinflip/failed to fetch coinflip avatar info: dataCorrupted(Swift.DecodingError.Context(codingPath: [], debugDescription: "The given data was not valid JSON.", underlyingError: Optional(Error Domain=NSCocoaErrorDomain Code=3840 "Unable to parse empty data." UserInfo={NSDebugDescription=Unable to parse empty data.})))
19:57:51.715 [ 205593] [NSManaged…8f70] [B] LL_E waprofilepicturemanager/thumb-picture-fetch/error jid=[<******6869@lid>] error=[404]
19:57:51.718 [ 184665] [main-thread   ] [B] LL_A storage//save/background/done [ChatDB in 0.00s with changes from 'NSManagedObjectContext 0x6000002a8f70']
19:57:51.718 [ 205593] [NSManaged…8750] [B] LL_E waprofilepicturemanager/thumb-picture-fetch/error jid=[<******6869@lid>] error=[404]
19:57:51.721 [ 184665] [main-thread   ] [B] LL_A storage//save/background/done [ChatDB in 0.00s with changes from 'NSManagedObjectContext 0x6000002a8750']
19:57:51.722 [ 184665] [main-thread   ] [B] LL_A storage//save/background/done [ChatDB in 0.00s with changes from 'NSManagedObjectContext 0x6000002a8f70']
19:57:51.722 [ 205593] [profilepi…ueue] [B] LL_A waprofilepicturemanager/thumb-picture-fetch/changed jid=[<******6869@lid>] exist=[YES]
19:57:54.216 [ 204865] [bgtask        ] [B] LL_A process//background-task/end/main/1525
19:57:54.541 [ 204865] [memory-us…ging] [B] LL_A app//memory: System [Used 4772MB, Free 920MB] Process [Footprint 157MB (+0MB), Available 0MB, Peak 163MB] [cpu/s: 0.020]
19:57:57.541 [ 205593] [memory-us…ging] [B] LL_A app//memory: System [Used 4772MB, Free 921MB] Process [Footprint 157MB (-0MB), Available 0MB, Peak 163MB] [cpu/s: 0.003]
19:58:00.541 [ 205593] [memory-us…ging] [B] LL_A app//memory: System [Used 4772MB, Free 921MB] Process [Footprint 157MB (0MB), Available 0MB, Peak 163MB] [cpu/s: 0.002]
19:58:03.541 [ 204864] [memory-us…ging] [B] LL_A app//memory: System [Used 4905MB, Free 806MB] Process [Footprint 157MB (-0MB), Available 0MB, Peak 163MB] [cpu/s: 0.002]
19:58:06.540 [ 205592] [memory-us…ging] [B] LL_A app//memory: System [Used 5475MB, Free 261MB] Process [Footprint 157MB (-0MB), Available 0MB, Peak 163MB] [cpu/s: 0.002]
19:58:09.540 [ 205592] [memory-us…ging] [B] LL_A app//memory: System [Used 5613MB, Free 135MB] Process [Footprint 157MB (-0MB), Available 0MB, Peak 163MB] [cpu/s: 0.002]
19:58:11.708 [ 205592] [normal        ] [B] LL_N stream//idle
19:58:11.708 [ 205592] [normal        ] [B] LL_A ccq/connection/cancel-stanza-processing/skip-resources-released
19:58:12.114 [ 204612] [addressbook   ] [B] LL_A syncmanager//usync/scheduled-full/check c:[(null)] d:[2026-09-22 15:14:14 +0000] dm:[2026-09-22 15:14:14 +0000] sl:[(null)] b:[2026-09-22 15:14:14 +0000] s:[2026-09-22 15:14:14 +0000]
19:58:12.114 [ 204612] [addressbook   ] [B] LL_A syncmanager//usync/scheduled-full/run/background
19:58:12.116 [ 204612] [addressbook   ] [B] LL_A syncmanager//usync/unisync/begin
19:58:12.116 [ 204612] [addressbook   ] [B] LL_A syncmanager//usync/prepare-list/Full items=[0] deleted=[0]
19:58:12.135 [ 204612] [addressbook   ] [B] LL_A syncmanager//usync/prepare-sidelist/Full items=[62]
19:58:12.136 [ 204612] [addressbook   ] [B] LL_A syncmanager//usync/contacts/backoff is nil or before now:[nil]
19:58:12.136 [ 204612] [addressbook   ] [B] LL_A syncmanager//usync/contacts/nextScheduledFullSyncDate is:[(null)]
19:58:12.136 [ 204612] [addressbook   ] [B] LL_A syncmanager//usync/contacts/isCompanionDevice
19:58:12.136 [ 204612] [addressbook   ] [B] LL_A syncmanager//usync/contacts/isContactSyncEnabled:[NO]
19:58:12.136 [ 204612] [addressbook   ] [B] LL_A syncmanager//usync/unisync/nc/allowMutation: 1, mode: 3, orion_usync_allow_mutation_attribute:1 
19:58:12.151 [ 204612] [addressbook   ] [B] LL_A syncmanager//usync/unisync/start/Background/Full list=[0] sidelist=[62]
19:58:12.151 [ 204612] [addressbook   ] [B] LL_A sync-session//usync/request/start/ cl:n dl:n dm:n pl:n sl:n st:n bz:n lid:n un=[n] ts:n cl=[0] sl=[0]
19:58:12.151 [ 205595] [normal        ] [B] LL_E sync-session//usync/request/all protocols off
19:58:12.151 [ 184665] [main-thread   ] [B] LL_A syncmanager//usync/unisync/finished time=[0.000]
19:58:12.152 [ 204612] [addressbook   ] [B] LL_A syncmanager//usync/usync/skipped/already in progress
19:58:12.154 [ 184665] [main-thread   ] [B] LL_A chat-mgr//syncmanager/usync/delegate/sync-finished result=[Success] reason=[None] deleletedContacts=[0]
19:58:12.155 [ 204612] [addressbook   ] [B] LL_A chat-mgr//refresh-chats/started
19:58:12.155 [ 204612] [addressbook   ] [B] LL_A chat-mgr//refresh-chats/finished time=[0.000]
19:58:12.163 [ 205595] [NSManaged…2d80] [B] LL_W chatsession/missing-contact-identifier
19:58:12.184 [ 184665] [main-thread   ] [B] LL_A storage//save/background/done [ChatDB in 0.00s with no changes from 'NSManagedObjectContext 0x600000212d80']
19:58:12.184 [ 184665] [main-thread   ] [B] LL_A chat-mgr//refresh-chats/merged-changes
19:58:12.540 [ 205592] [memory-us…ging] [B] LL_A app//memory: System [Used 5575MB, Free 176MB] Process [Footprint 158MB (+0MB), Available 0MB, Peak 163MB] [cpu/s: 0.031]
19:58:13.110 [ 205592] [normal        ] [B] LL_E [WAMSYS] _WCCConnectionDefaultLogAndStoreEdgeRouting [Line 3221] [LogLevel:I] ib/edge_routing/[routing_info={8:18:8:5:8:13}]
19:58:15.540 [ 205592] [memory-us…ging] [B] LL_A app//memory: System [Used 5562MB, Free 189MB] Process [Footprint 157MB (-0MB), Available 0MB, Peak 163MB] [cpu/s: 0.004]
19:58:18.539 [ 204612] [memory-us…ging] [B] LL_A app//memory: System [Used 5566MB, Free 184MB] Process [Footprint 157MB (-0MB), Available 0MB, Peak 163MB] [cpu/s: 0.002]
19:58:18.540 [ 205592] [WamBufferStore] [B] LL_A fieldstats/wameta///buffer/move/succeeded from /Users/adistyputri/Library/Group Containers/group.net.whatsapp.WhatsApp.shared/FieldStats2/WhatsApp/wam-a/wam-a-1-0-2848 to /Users/adistyputri/Library/Group Containers/group.net.whatsapp.WhatsApp.shared/FieldStats2/WhatsApp/wam-o/wam-o-1-0-2848
19:58:18.540 [ 205592] [WamBufferStore] [B] LL_A fieldstats/wameta///buffer/rotate/succeeded - 1-0-2848, eventCount: 2, recordCount: 68
19:58:18.541 [ 205592] [utility       ] [B] LL_A buffer/upload/initiated - accountUUID: <legacy-primary>, streamId: 1, channel: 0, sequenceNumber: 2848, eventCount: 2, recordCount: 68
19:58:18.542 [ 205595] [bgtask        ] [B] LL_A process//background-task/start/main/1553
19:58:18.542 [ 204612] [normal        ] [B] LL_N stream//> send > [iq/set ns=w:stats t=s.whatsapp.net id=1790079492-31]
19:58:18.735 [ 204612] [normal        ] [B] LL_N xmpp//< recv < [iq/result f=s.whatsapp.net id=1790079492-31]
19:58:18.735 [ 204612] [normal        ] [B] LL_A fieldstats/wameta/transport/buffer/send/succeeded - accountUUID: <legacy-primary>, stream id: 1, channel: 0, sequenceNumber: 2848, eventCount: 2, recordCount: 68
19:58:18.737 [ 205822] [WamBufferStore] [B] LL_A fieldstats/wameta///buffer/drop/succeeded - accountUUID: <legacy-primary>, bufferType: old, file: wam-o-1-0-2848
19:58:18.737 [ 205822] [utility       ] [B] LL_A fieldstats/wameta///buffer/fetch/initiated - accountUUID: <legacy-primary>, streamId: 1, bufferType: old, bufferRootDir: /Users/adistyputri/Library/Group Containers/group.net.whatsapp.WhatsApp.shared/FieldStats2/WhatsApp, fetchLimit: 20
19:58:18.737 [ 205822] [WamBufferStore] [B] LL_A fieldstats/wameta///buffer/fetch/cross-context - accountUUID: <legacy-primary>, will fetch from 1 directories
19:58:18.738 [ 205822] [WamBufferStore] [B] LL_A fieldstats/wameta///buffer/fetch/dir: /Users/adistyputri/Library/Group Containers/group.net.whatsapp.WhatsApp.shared/FieldStats2/WhatsApp/wam-o, count: 0
19:58:18.738 [ 205822] [WamBufferStore] [B] LL_A fieldstats/wameta///buffer/fetch/completed - accountUUID: <legacy-primary>, bufferType: old, successfully parsed: 0 buffers
19:58:19.544 [ 205592] [bgtask        ] [B] LL_A process//background-task/end/main/1553
19:58:21.539 [ 204612] [memory-us…ging] [B] LL_A app//memory: System [Used 5529MB, Free 225MB] Process [Footprint 157MB (+0MB), Available 0MB, Peak 163MB] [cpu/s: 0.005]
19:58:24.540 [ 204612] [memory-us…ging] [B] LL_A app//memory: System [Used 5539MB, Free 213MB] Process [Footprint 157MB (0MB), Available 0MB, Peak 163MB] [cpu/s: 0.002]
19:58:27.539 [ 205595] [memory-us…ging] [B] LL_A app//memory: System [Used 5532MB, Free 222MB] Process [Footprint 157MB (-0MB), Available 0MB, Peak 163MB] [cpu/s: 0.003]
19:58:30.539 [ 205822] [memory-us…ging] [B] LL_A app//memory: System [Used 5728MB, Free 58MB] Process [Footprint 157MB (-0MB), Available 0MB, Peak 163MB] [cpu/s: 0.002]
19:58:33.539 [ 205822] [memory-us…ging] [B] LL_A app//memory: System [Used 5651MB, Free 143MB] Process [Footprint 157MB (-0MB), Available 0MB, Peak 163MB] [cpu/s: 0.004]
19:58:36.539 [ 205595] [memory-us…ging] [B] LL_A app//memory: System [Used 5545MB, Free 248MB] Process [Footprint 157MB (-0MB), Available 0MB, Peak 163MB] [cpu/s: 0.003]
19:58:38.735 [ 205595] [normal        ] [B] LL_N stream//idle
19:58:38.736 [ 205595] [normal        ] [B] LL_A ccq/connection/cancel-stanza-processing/skip-resources-released
19:58:39.539 [ 205822] [memory-us…ging] [B] LL_A app//memory: System [Used 5598MB, Free 197MB] Process [Footprint 157MB (0MB), Available 0MB, Peak 163MB] [cpu/s: 0.002]
19:58:42.538 [ 205592] [memory-us…ging] [B] LL_A app//memory: System [Used 5610MB, Free 184MB] Process [Footprint 157MB (0MB), Available 0MB, Peak 163MB] [cpu/s: 0.002]
19:58:45.538 [ 205595] [memory-us…ging] [B] LL_A app//memory: System [Used 5636MB, Free 158MB] Process [Footprint 157MB (0MB), Available 0MB, Peak 163MB] [cpu/s: 0.002]
19:58:48.538 [ 205592] [memory-us…ging] [B] LL_A app//memory: System [Used 5624MB, Free 171MB] Process [Footprint 157MB (0MB), Available 0MB, Peak 163MB] [cpu/s: 0.002]
19:58:51.538 [ 205822] [memory-us…ging] [B] LL_A app//memory: System [Used 5728MB, Free 67MB] Process [Footprint 157MB (0MB), Available 0MB, Peak 163MB] [cpu/s: 0.002]
19:58:54.539 [ 205822] [memory-us…ging] [B] LL_A app//memory: System [Used 5628MB, Free 146MB] Process [Footprint 157MB (+0MB), Available 0MB, Peak 163MB] [cpu/s: 0.002]
19:58:57.028 [ 184665] [main-thread   ] [B] LL_A app//battery level 0.460000
19:58:57.538 [ 205595] [memory-us…ging] [B] LL_A app//memory: System [Used 5611MB, Free 168MB] Process [Footprint 157MB (+0MB), Available 0MB, Peak 163MB] [cpu/s: 0.003]
19:59:00.538 [ 205822] [memory-us…ging] [B] LL_A app//memory: System [Used 5582MB, Free 199MB] Process [Footprint 157MB (0MB), Available 0MB, Peak 163MB] [cpu/s: 0.003]
19:59:03.536 [ 205822] [memory-us…ging] [B] LL_A app//memory: System [Used 5579MB, Free 202MB] Process [Footprint 157MB (0MB), Available 0MB, Peak 163MB] [cpu/s: 0.002]
19:59:06.537 [ 205595] [memory-us…ging] [B] LL_A app//memory: System [Used 5579MB, Free 203MB] Process [Footprint 157MB (0MB), Available 0MB, Peak 163MB] [cpu/s: 0.002]
19:59:09.536 [ 205595] [memory-us…ging] [B] LL_A app//memory: System [Used 5601MB, Free 185MB] Process [Footprint 157MB (0MB), Available 0MB, Peak 163MB] [cpu/s: 0.003]
19:59:12.113 [ 205592] [addressbook   ] [B] LL_A syncmanager//usync/scheduled-full/check c:[(null)] d:[2026-09-22 15:14:14 +0000] dm:[2026-09-22 15:14:14 +0000] sl:[(null)] b:[2026-09-22 15:14:14 +0000] s:[2026-09-22 15:14:14 +0000]
19:59:12.113 [ 205592] [addressbook   ] [B] LL_A syncmanager//usync/scheduled-full/run/background
19:59:12.116 [ 205592] [addressbook   ] [B] LL_A syncmanager//usync/unisync/begin
19:59:12.116 [ 205592] [addressbook   ] [B] LL_A syncmanager//usync/prepare-list/Full items=[0] deleted=[0]
19:59:12.143 [ 205592] [addressbook   ] [B] LL_A syncmanager//usync/prepare-sidelist/Full items=[62]
19:59:12.145 [ 205592] [addressbook   ] [B] LL_A syncmanager//usync/contacts/backoff is nil or before now:[nil]
19:59:12.145 [ 205592] [addressbook   ] [B] LL_A syncmanager//usync/contacts/nextScheduledFullSyncDate is:[(null)]
19:59:12.145 [ 205592] [addressbook   ] [B] LL_A syncmanager//usync/contacts/isCompanionDevice
19:59:12.145 [ 205592] [addressbook   ] [B] LL_A syncmanager//usync/contacts/isContactSyncEnabled:[NO]
19:59:12.145 [ 205592] [addressbook   ] [B] LL_A syncmanager//usync/unisync/nc/allowMutation: 1, mode: 3, orion_usync_allow_mutation_attribute:1 
19:59:12.162 [ 205592] [addressbook   ] [B] LL_A syncmanager//usync/unisync/start/Background/Full list=[0] sidelist=[62]
19:59:12.162 [ 205592] [addressbook   ] [B] LL_A sync-session//usync/request/start/ cl:n dl:n dm:n pl:n sl:n st:n bz:n lid:n un=[n] ts:n cl=[0] sl=[0]
19:59:12.162 [ 205595] [normal        ] [B] LL_E sync-session//usync/request/all protocols off
19:59:12.162 [ 184665] [main-thread   ] [B] LL_A syncmanager//usync/unisync/finished time=[0.000]
19:59:12.163 [ 205592] [addressbook   ] [B] LL_A syncmanager//usync/usync/skipped/already in progress
19:59:12.165 [ 184665] [main-thread   ] [B] LL_A chat-mgr//syncmanager/usync/delegate/sync-finished result=[Success] reason=[None] deleletedContacts=[0]
19:59:12.166 [ 205595] [addressbook   ] [B] LL_A chat-mgr//refresh-chats/started
19:59:12.166 [ 205595] [addressbook   ] [B] LL_A chat-mgr//refresh-chats/finished time=[0.000]
19:59:12.174 [ 205595] [NSManaged…d110] [B] LL_W chatsession/missing-contact-identifier
19:59:12.204 [ 184665] [main-thread   ] [B] LL_A storage//save/background/done [ChatDB in 0.00s with no changes from 'NSManagedObjectContext 0x60000023d110']
19:59:12.204 [ 184665] [main-thread   ] [B] LL_A chat-mgr//refresh-chats/merged-changes
19:59:12.537 [ 205595] [memory-us…ging] [B] LL_A app//memory: System [Used 5461MB, Free 192MB] Process [Footprint 157MB (+0MB), Available 0MB, Peak 163MB] [cpu/s: 0.031]
19:59:15.537 [ 205822] [memory-us…ging] [B] LL_A app//memory: System [Used 5527MB, Free 94MB] Process [Footprint 157MB (0MB), Available 0MB, Peak 163MB] [cpu/s: 0.003]
19:59:15.673 [ 205595] [normal        ] [B] LL_N xmpp//< recv < [media/ id=AC21C08EEB217D856FF3BE4AEA5A9699 f=******atus@broadcast p=******9239:0@lid participant_pn=<******1309@s.whatsapp.net> [enc {282b}] [enc {4604b}]]
19:59:15.673 [ 205595] [normal        ] [B] LL_W ccq/queued-stanza-factory/supports-stanza/disabled type=[message]
19:59:15.674 [ 205595] [normal        ] [B] LL_A wamessagehandler//ingress/enqueue/AC21C08EEB217D856FF3BE4AEA5A9699/offline=0
19:59:15.676 [ 205823] [bgtask        ] [B] LL_A process//background-task/start/main/1567
19:59:15.776 [ 205822] [handler       ] [B] LL_A wamessagehandler//ingress/dequeue/AC21C08EEB217D856FF3BE4AEA5A9699/offline=0
19:59:15.779 [ 205822] [handler       ] [B] LL_A wamessagehandler//handle/context/process/AC21C08EEB217D856FF3BE4AEA5A9699/start
19:59:15.782 [ 205823] [handler       ] [B] LL_A wamessagehandler//handle/context/process/AC21C08EEB217D856FF3BE4AEA5A9699/end decryption-context=<decrypt_group retry_count=0 offline=0>
19:59:15.783 [ 205823] [handler       ] [B] LL_A wamessagehandler//handle/process/group/AC21C08EEB217D856FF3BE4AEA5A9699
19:59:15.783 [ 205823] [prekey        ] [B] LL_A wamessagehandler//handle/decrypt/group/start/AC21C08EEB217D856FF3BE4AEA5A9699
19:59:15.784 [ 205822] [crypto        ] [B] LL_A signal/store//identity/fetch/user-jids={(
LL_A     <******9239@lid>
LL_A )}
19:59:15.788 [ 205822] [NSManaged…4ea0] [B] LL_A signal/store//identity/fetch/success count=1 users=(
LL_A     "<******9239:0@lid>"
LL_A )
19:59:15.789 [ 205822] [crypto        ] [B] LL_A signal/store//batch-context/4F7C18C9-30B7-407E-B197-4C65DC2B320A/decrypt-group-msg/deferredSaveCount is 1 after incrementing
19:59:15.789 [ 205822] [crypto        ] [B] LL_A signal/store//batch-context/4F7C18C9-30B7-407E-B197-4C65DC2B320A/decrypt-group-msg/begin-execute
19:59:15.790 [ 205822] [NSManaged…4ea0] [B] LL_A signal/store//session/fetch/device=<******9239:0@lid>
19:59:15.793 [ 205822] [crypto        ] [B] LL_A signal: /promote/session: current
19:59:15.793 [ 205822] [crypto        ] [B] LL_A signal/store//identity/store/start device=[<******9239:0@lid>]
19:59:15.795 [ 205822] [NSManaged…4ea0] [B] LL_A signal/store//save/skipped/deferredSaveCount is 1
19:59:15.797 [ 205822] [NSManaged…4ea0] [B] LL_A signal/store//session/store/update WASignalAddress { d: <******9239:0@lid> ; pq: NO ; scope: 0 }
19:59:15.797 [ 205822] [NSManaged…4ea0] [B] LL_A signal/store//save/skipped/deferredSaveCount is 1
19:59:15.797 [ 205822] [NSManaged…4ea0] [B] LL_A signal/store//session/store/success WASignalAddress { d: <******9239:0@lid> ; pq: NO ; scope: 0 }
19:59:15.797 [ 205822] [NSManaged…4ea0] [B] LL_A signal/store//sender-key/fetch/WASignalAddress { d: <******9239:0@lid> ; g: ******cast ; pq: NO ; scope: 0 }
19:59:15.800 [ 205822] [NSManaged…4ea0] [B] LL_A signal/store//sender-key/store/WASignalAddress { d: <******9239:0@lid> ; g: ******cast ; pq: NO ; scope: 0 }
19:59:15.801 [ 205822] [NSManaged…4ea0] [B] LL_A signal/store//sender-key/store/update
19:59:15.801 [ 205822] [NSManaged…4ea0] [B] LL_A signal/store//save/skipped/deferredSaveCount is 1
19:59:15.801 [ 205822] [NSManaged…4ea0] [B] LL_A signal/store//sender-key/store/success
19:59:15.802 [ 205822] [NSManaged…4ea0] [B] LL_A signal/store//sender-key/fetch/WASignalAddress { d: <******9239:0@lid> ; g: ******cast ; pq: NO ; scope: 0 }
19:59:15.805 [ 205822] [NSManaged…4ea0] [B] LL_A signal/store//sender-key/store/WASignalAddress { d: <******9239:0@lid> ; g: ******cast ; pq: NO ; scope: 0 }
19:59:15.806 [ 205822] [NSManaged…4ea0] [B] LL_A signal/store//sender-key/store/update
19:59:15.806 [ 205822] [NSManaged…4ea0] [B] LL_A signal/store//save/skipped/deferredSaveCount is 1
19:59:15.806 [ 205822] [NSManaged…4ea0] [B] LL_A signal/store//sender-key/store/success
19:59:15.807 [ 205822] [NSManaged…4ea0] [B] LL_A signal/store//save/skipped/deferredSaveCount is 1
19:59:15.809 [ 205822] [crypto        ] [B] LL_A signal/store//batch-context/4F7C18C9-30B7-407E-B197-4C65DC2B320A/decrypt-group-msg/end-execute
19:59:15.809 [ 184665] [main-thread   ] [B] LL_A chatstorage//save/ids/success [ChatDB in 0.00s]
19:59:15.809 [ 184665] [main-thread   ] [B] LL_A chatstorage//save/process [ChatDB in 0.00s]
19:59:15.809 [ 184665] [main-thread   ] [B] LL_A chatstorage//indexing/should index messages 0
19:59:15.809 [ 184665] [main-thread   ] [B] LL_A storage//save/success [ChatDB in 0.00s with no changes]
19:59:15.810 [ 184665] [main-thread   ] [B] LL_A chatstorage//save/aggregated success [ChatDB in 0.00s]
19:59:15.813 [ 205822] [NSManaged…4ea0] [B] LL_A storage//save/success [SignalDB in 0.00s with changes]
19:59:15.813 [ 205822] [NSManaged…4ea0] [B] LL_A signal/store//batch-context/4F7C18C9-30B7-407E-B197-4C65DC2B320A/decrypt-group-msg/deferredSaveCount is 0 after decrementing
19:59:15.813 [ 205822] [crypto        ] [B] LL_A wamessagehandler//handle/decrypt/group/finished/AC21C08EEB217D856FF3BE4AEA5A9699/(null)
19:59:15.813 [ 205595] [handler       ] [B] LL_A wamessagehandler//handle/process/post-decrypt/AC21C08EEB217D856FF3BE4AEA5A9699: decryptFailure=0, duplicate=0 plaintextData=0 bytes, plaintextProtobufValid=1, botFbid=0, error=(null)
19:59:15.814 [ 205595] [handler       ] [B] LL_A wamessagehandler//egress/enqueue/AC21C08EEB217D856FF3BE4AEA5A9699/offline=0
19:59:15.915 [ 184665] [main-thread   ] [B] LL_A wamessagehandler//egress/dequeue/postprocess-start/AC21C08EEB217D856FF3BE4AEA5A9699/offline=0
19:59:15.928 [ 184665] [main-thread   ] [B] LL_E biz/unrecognized-verification-level: empty level
19:59:15.932 [ 184665] [main-thread   ] [B] LL_A messageprotobufserialization//messageID: AC21C08EEB217D856FF3BE4AEA5A9699, verifyMessageType: 1, messageType: 12, canHaveExistingMediaItem: 0
19:59:15.933 [ 184665] [main-thread   ] [B] LL_W wapbmessage+wamessage//embed-mms-thumbnail-info/missing-thumbnail-metadata: AC21C08EEB217D856FF3BE4AEA5A9699 [source=media-info]
19:59:15.940 [ 184665] [main-thread   ] [B] LL_A wamessagehandler//handle/postprocess-finish/AC21C08EEB217D856FF3BE4AEA5A9699
19:59:15.941 [ 205592] [NSManaged…a970] [B] LL_A storage//save/success [KVStore-LocalKeyValue.sqlite in 0.00s with changes]
19:59:15.941 [ 205592] [mms (QOS:…TED)] [B] LL_A mms-session//conn-info/route-request/fetching
19:59:15.945 [ 205824] [NSManaged…a970] [B] LL_A storage//save/success [KVStore-LocalKeyValue.sqlite in 0.00s with changes]
19:59:15.946 [ 206450] [NSManaged…6150] [B] LL_A storage//save/success [KVStore-BackedUpKeyValue.sqlite in 0.00s with changes]
19:59:15.946 [ 184665] [main-thread   ] [B] LL_A chatstorage//save/ids/success [ChatDB in 0.00s]
19:59:15.946 [ 184665] [main-thread   ] [B] LL_A chatstorage//save/process [ChatDB in 0.00s]
19:59:15.946 [ 184665] [main-thread   ] [B] LL_A chatstorage//indexing/should index messages 0
19:59:15.947 [ 205823] [NSManaged…a970] [B] LL_A storage//save/success [KVStore-LocalKeyValue.sqlite in 0.00s with changes]
19:59:15.950 [ 206450] [NSManaged…a970] [B] LL_A storage//save/success [KVStore-LocalKeyValue.sqlite in 0.00s with changes]
19:59:15.954 [ 184665] [main-thread   ] [B] LL_A storage//save/success [ChatDB in 0.01s with changes]
19:59:15.954 [ 184665] [main-thread   ] [B] LL_A chatstorage//save/aggregated success [ChatDB in 0.01s]
19:59:15.955 [ 184665] [main-thread   ] [B] LL_E chatsessionmanager//existingChatSessions/error: nil error
19:59:15.956 [ 184665] [main-thread   ] [B] LL_A chatsession/<******1309@status>/counter/67
19:59:15.960 [ 184665] [main-thread   ] [B] LL_A OrphanMessageManager/deleting message addons from cql orphan store
19:59:15.961 [ 184665] [main-thread   ] [B] LL_A OrphanMessageManager/resolving orphans from cql orphan store
19:59:15.964 [ 184665] [main-thread   ] [B] LL_A chatsessiontransaction//unread [******1309@status; 3 -> 4]
19:59:15.967 [ 184665] [NSManaged…9860] [B] LL_A storage//save/success [AppStateStore in 0.00s with changes]
19:59:15.968 [ 184665] [main-thread   ] [B] LL_A chatstorage//save/ids/success [ChatDB in 0.00s]
19:59:15.968 [ 184665] [main-thread   ] [B] LL_A chatstorage//save/process [ChatDB in 0.00s]
19:59:15.968 [ 184665] [main-thread   ] [B] LL_A chatstorage//indexing/should index messages 1
19:59:15.972 [ 184665] [main-thread   ] [B] LL_A storage//save/success [ChatDB in 0.00s with changes]
19:59:15.972 [ 184665] [main-thread   ] [B] LL_A chatstorage-searchengine//indexing/chat-messages/start
19:59:15.972 [ 184665] [main-thread   ] [B] LL_A chatstorage//save/aggregated success [ChatDB in 0.00s]
19:59:15.974 [ 184665] [main-thread   ] [B] LL_A chatstorage/status//badge/boundary [2026-09-22 12:59:15 +0000]
LL_S <
2026-09-22 19:59:15.979 WhatsApp[4484:205592] Cannot create shortcut from intent (<INIntent: 0x600000b2f9f0> {
}) because it has no valid parameter combinations
LL_S >
19:59:15.981 [ 184665] [NSManaged…9860] [B] LL_A storage//save/success [AppStateStore in 0.00s with changes]
19:59:15.982 [ 184665] [main-thread   ] [B] LL_A create/operation/key-diag rawBlobLen=76 keyDataLen=32 mediaType=0 stanzaID=AC21C08EEB217D856FF3BE4AEA5A9699
19:59:15.982 [ 184665] [main-thread   ] [B] LL_E file-manager//link/failed ([NSCocoaErrorDomain/260, NSPOSIXErrorDomain/2])
19:59:15.982 [ 184665] [main-thread   ] [B] LL_A create/operation/creating progressive operation for identifier VTGw8+0pR7KrVL5LaKX6hSv+9rEGPa+iks38IW0JqYs=, is auto-download 0, message sent 0 hours ago
19:59:15.985 [ 205823] [v4            ] [B] LL_A media-download-operation//phase-preflight/VTGw8+0pR7KrVL5LaKX6hSv+9rEGPa+iks38IW0JqYs=
19:59:15.985 [ 205823] [v4            ] [B] LL_A media-download-operation//phase-downloading/VTGw8+0pR7KrVL5LaKX6hSv+9rEGPa+iks38IW0JqYs=
19:59:15.985 [ 205823] [mms (QOS:…TED)] [B] LL_A mms-session//task-endpoint-request/exists
19:59:15.985 [ 205823] [mms (QOS:…TED)] [B] LL_A mms-base-task//resume/endpoints fetch response/download-task[VTGw8-0pR7KrVL5LaKX6hSv-9rEGPa-iks38IW0JqYs=]/{0, 26384}/cellular:1
19:59:15.985 [ 205823] [mms (QOS:…TED)] [B] LL_A mms-base-task//resume/direct path//o1/v/t24/f2/m232/AQOAHf3Yyx-zT0nXYPRyysHWs9LPr6KvgEIxYrB-EXSVim_KbUqqtFItBap4KGHaPsvraDqbtOlJeFdiCWSRc0rS5oTvaTNnEfnkY1ZH_A?ccb=9-4&oh=01_Q5Aa5gHLGNS3WmnOJJMvwyNVp_W9DIcGD3V9Yu0EzzOOkRNLtA&oe=6AD9EA6E&_nc_sid=e6ed6c/download-task[VTGw8-0pR7KrVL5LaKX6hSv-9rEGPa-iks38IW0JqYs=]/{0, 26384}/cellular:1
19:59:15.985 [ 184665] [main-thread   ] [B] LL_A media-downloader//download/<******atus@broadcast>_AC21C08EEB217D856FF3BE4AEA5A9699_0_<******1309@s.whatsapp.net>/check: 2/reason: 0
19:59:15.985 [ 184665] [main-thread   ] [B] LL_A media-downloader//download/<******atus@broadcast>_AC21C08EEB217D856FF3BE4AEA5A9699_0_<******1309@s.whatsapp.net>/will auto-download now
19:59:15.985 [ 184665] [main-thread   ] [B] LL_A media-downloader//autodownload/add/<******atus@broadcast>_AC21C08EEB217D856FF3BE4AEA5A9699_0_<******1309@s.whatsapp.net>/save-to-kvs: 1
19:59:15.985 [ 205823] [mms (QOS:…TED)] [B] LL_A mms-base-task//resume/download-task[VTGw8-0pR7KrVL5LaKX6hSv-9rEGPa-iks38IW0JqYs=]/{0, 26384}/cellular:1
19:59:15.985 [ 205823] [mms (QOS:…TED)] [B] LL_A download-task//create/download-task[VTGw8-0pR7KrVL5LaKX6hSv-9rEGPa-iks38IW0JqYs=]/{0, 26384}/cellular:1
19:59:15.985 [ 184665] [main-thread   ] [B] LL_A media-downloader//queue-media-download/<******atus@broadcast>_AC21C08EEB217D856FF3BE4AEA5A9699_0_<******1309@s.whatsapp.net>/queued (downloads queued: 2)
19:59:15.985 [ 205823] [mms (QOS:…TED)] [B] LL_A download-task//create/download-task[VTGw8-0pR7KrVL5LaKX6hSv-9rEGPa-iks38IW0JqYs=]/{0, 26384}/cellular:1/regular
19:59:15.985 [ 184665] [main-thread   ] [B] LL_A media-downloader//enqueue-download/message/AC21C08EEB217D856FF3BE4AEA5A9699 [https://mmg.whatsapp.net/o1/v/t24/f2/m232/AQOAHf3Yyx-zT0nXYPRyysHWs9LPr6KvgEIxYrB-EXSVim_KbUqqtFItBap4KGHaPsvraDqbtOlJeFdiCWSRc0rS5oTvaTNnEfnkY1ZH_A?ccb=9-4&oh=01_Q5Aa5gHLGNS3WmnOJJMvwyNVp_W9DIcGD3V9Yu0EzzOOkRNLtA&oe=6AD9EA6E&_nc_sid=e6ed6c&mms3=true] VTGw8+0pR7KrVL5LaKX6hSv+9rEGPa+iks38IW0JqYs=
19:59:15.986 [ 184665] [main-thread   ] [B] LL_A chat/media/link/not-possible [AC21C08EEB217D856FF3BE4AEA5A9699]
19:59:15.986 [ 184665] [main-thread   ] [B] LL_A create/operation/key-diag rawBlobLen=76 keyDataLen=32 mediaType=0 stanzaID=AC21C08EEB217D856FF3BE4AEA5A9699
19:59:15.986 [ 184665] [main-thread   ] [B] LL_E file-manager//link/failed ([NSCocoaErrorDomain/260, NSPOSIXErrorDomain/2])
19:59:15.986 [ 184665] [main-thread   ] [B] LL_A create/operation/creating progressive operation for identifier VTGw8+0pR7KrVL5LaKX6hSv+9rEGPa+iks38IW0JqYs=, is auto-download 1, message sent 0 hours ago
19:59:15.987 [ 206450] [NSManaged…a970] [B] LL_A storage//save/success [KVStore-LocalKeyValue.sqlite in 0.00s with changes]
19:59:15.988 [ 205822] [v4            ] [B] LL_A media-download-operation//phase-preflight/VTGw8+0pR7KrVL5LaKX6hSv+9rEGPa+iks38IW0JqYs=
19:59:15.988 [ 205822] [v4            ] [B] LL_A media-download-operation//phase-downloading/VTGw8+0pR7KrVL5LaKX6hSv+9rEGPa+iks38IW0JqYs=
19:59:15.988 [ 184665] [main-thread   ] [B] LL_A regular-media-downloader//favicon-download/no favicon to download
19:59:15.988 [ 205822] [mms (QOS:…TED)] [B] LL_A mms-session//task-endpoint-request/exists
19:59:15.988 [ 205822] [mms (QOS:…TED)] [B] LL_A mms-base-task//resume/endpoints fetch response/download-task[VTGw8-0pR7KrVL5LaKX6hSv-9rEGPa-iks38IW0JqYs=]/{0, *}/cellular:0
19:59:15.988 [ 205822] [mms (QOS:…TED)] [B] LL_A mms-base-task//resume/direct path//o1/v/t24/f2/m232/AQOAHf3Yyx-zT0nXYPRyysHWs9LPr6KvgEIxYrB-EXSVim_KbUqqtFItBap4KGHaPsvraDqbtOlJeFdiCWSRc0rS5oTvaTNnEfnkY1ZH_A?ccb=9-4&oh=01_Q5Aa5gHLGNS3WmnOJJMvwyNVp_W9DIcGD3V9Yu0EzzOOkRNLtA&oe=6AD9EA6E&_nc_sid=e6ed6c/download-task[VTGw8-0pR7KrVL5LaKX6hSv-9rEGPa-iks38IW0JqYs=]/{0, *}/cellular:0
19:59:15.989 [ 184665] [main-thread   ] [B] LL_A wamessagehandler//handle/chat-storage-processing-finished/AC21C08EEB217D856FF3BE4AEA5A9699: accepted=1
19:59:15.989 [ 205822] [mms (QOS:…TED)] [B] LL_A mms-base-task//resume/download-task[VTGw8-0pR7KrVL5LaKX6hSv-9rEGPa-iks38IW0JqYs=]/{0, *}/cellular:0
19:59:15.989 [ 205822] [mms (QOS:…TED)] [B] LL_A download-task//create/download-task[VTGw8-0pR7KrVL5LaKX6hSv-9rEGPa-iks38IW0JqYs=]/{0, *}/cellular:0
19:59:15.989 [ 205822] [mms (QOS:…TED)] [B] LL_A download-task//create/download-task[VTGw8-0pR7KrVL5LaKX6hSv-9rEGPa-iks38IW0JqYs=]/{0, *}/cellular:0/regular
19:59:15.990 [ 184665] [main-thread   ] [B] LL_A xmpp/main//incoming-message/acked/AC21C08EEB217D856FF3BE4AEA5A9699
19:59:15.990 [ 205592] [normal        ] [B] LL_N stream//> send > [receipt/delivery t=******atus@broadcast p=******9239:0@lid id=AC21C08EEB217D856FF3BE4AEA5A9699]
19:59:15.990 [ 184665] [main-thread   ] [B] LL_A task-manager//task-queue/schedule-task task=<WABlockTask: 0x6000036e9e00 [index-messages]> task-manager=<WATaskManager: 0x600001724100>, queue=<WATaskQueue: 0x600001254af0> existingTask=0, tasksArrayCount=68
19:59:15.990 [ 184665] [main-thread   ] [B] LL_A task-manager//task-queue/schedule-task task=<WABlockTask: 0x6000036e9e00 [index-messages]> task-manager=<WATaskManager: 0x600001724100>, queue=<WATaskQueue: 0x600001254b60> existingTask=0, tasksArrayCount=1
19:59:15.990 [ 184665] [main-thread   ] [B] LL_A chatstorage-searchengine//indexing/chat-messages/task-scheduled task = <WABlockTask: 0x6000036e9e00 [index-messages]>
19:59:15.991 [ 205824] [normal        ] [B] LL_N stream//> send > [iq/set ns=w:m t=s.whatsapp.net id=1790079492-32]
19:59:16.894 [ 205595] [normal        ] [B] LL_N xmpp//< recv < [iq/result f=s.whatsapp.net id=1790079492-32]
19:59:16.894 [ 205824] [mms (QOS:…TED)] [B] LL_A mms-session//conn-info/route-request/response/endpoints: 7 duration: 0.953307
19:59:16.986 [ 205823] [filedownload  ] [B] LL_A download-task-handler//did-receive-response/task[VTGw8-0pR7KrVL5LaKX6hSv-9rEGPa-iks38IW0JqYs=][{0, *}]/returned range: {0, 46794} current: 0
19:59:16.988 [ 205823] [v4            ] [B] LL_A media-download-pjpeg-decryption-handler//processing/chunk: 0, chunk size: 4816, already received for chunk: 1491, received in this batch: 1491, total received: 1491, total length: 46794
19:59:17.934 [ 205824] [v4            ] [B] LL_A media-download-pjpeg-decryption-handler//finished/chunk: 0, chunk size: 4816, received for chunk: 4816, received in this batch: 14893, received in total: 16384, total length: 46794
19:59:17.938 [ 205824] [v4            ] [B] LL_A media-download-pjpeg-decryption-handler//Writing PJPEG plaintext for scan 0 to 30F2E180-C39E-43DB-AEA0-947AB1FC7CE6.jpg
19:59:17.939 [ 205824] [v4            ] [B] LL_A media-download-pjpeg-decryption-handler//processing/chunk: 1, chunk size: 21568, already received for chunk: 11568, received in this batch: 11568, total received: 16384, total length: 46794
19:59:17.939 [ 205824] [v4            ] [B] LL_A media-download-operation//phase-downloading/VTGw8+0pR7KrVL5LaKX6hSv+9rEGPa+iks38IW0JqYs=/succesfully decrypted scan for progressive download
19:59:17.939 [ 184665] [main-thread   ] [B] LL_A chatstorage//save/ids/success [ChatDB in 0.00s]
19:59:17.940 [ 184665] [main-thread   ] [B] LL_A chatstorage//save/process [ChatDB in 0.00s]
19:59:17.940 [ 184665] [main-thread   ] [B] LL_A chatstorage//indexing/should index messages 0
19:59:17.940 [ 184665] [main-thread   ] [B] LL_A storage//save/success [ChatDB in 0.00s with no changes]
19:59:17.940 [ 184665] [main-thread   ] [B] LL_A chatstorage//save/aggregated success [ChatDB in 0.00s]
19:59:17.959 [ 205824] [v4            ] [B] LL_A media-download-pjpeg-decryption-handler//processing/chunk: 1, chunk size: 21568, already received for chunk: 13059, received in this batch: 1491, total received: 17875, total length: 46794
19:59:18.276 [ 205824] [filedownload  ] [B] LL_A download-task-handler//did-receive-response/task[VTGw8-0pR7KrVL5LaKX6hSv-9rEGPa-iks38IW0JqYs=][{0, 26384}]/returned range: {0, 26384} current: 0
19:59:18.278 [ 205824] [v4            ] [B] LL_A media-download-pjpeg-decryption-handler//finished/chunk: 0, chunk size: 4816, received for chunk: 4816, received in this batch: 17875, received in total: 17875, total length: 46794
19:59:18.281 [ 205824] [v4            ] [B] LL_A media-download-pjpeg-decryption-handler//Writing PJPEG plaintext for scan 0 to BF42B342-D87E-4745-871F-C607F0918355.jpg
19:59:18.282 [ 205824] [v4            ] [B] LL_A media-download-pjpeg-decryption-handler//processing/chunk: 1, chunk size: 21568, already received for chunk: 13059, received in this batch: 13059, total received: 17875, total length: 46794
19:59:18.282 [ 205824] [v4            ] [B] LL_A media-download-operation//phase-downloading/VTGw8+0pR7KrVL5LaKX6hSv+9rEGPa+iks38IW0JqYs=/succesfully decrypted scan for progressive download
19:59:18.283 [ 184665] [main-thread   ] [B] LL_A chatstorage//save/ids/success [ChatDB in 0.00s]
19:59:18.283 [ 184665] [main-thread   ] [B] LL_A chatstorage//save/process [ChatDB in 0.00s]
19:59:18.283 [ 184665] [main-thread   ] [B] LL_A chatstorage//indexing/should index messages 0
19:59:18.284 [ 184665] [main-thread   ] [B] LL_A storage//save/success [ChatDB in 0.00s with no changes]
19:59:18.284 [ 184665] [main-thread   ] [B] LL_A chatstorage//save/aggregated success [ChatDB in 0.00s]
19:59:18.286 [ 205824] [v4            ] [B] LL_A media-download-pjpeg-decryption-handler//finished/chunk: 1, chunk size: 21568, received for chunk: 21568, received in this batch: 14893, received in total: 32768, total length: 46794
19:59:18.289 [ 205824] [v4            ] [B] LL_A media-download-pjpeg-decryption-handler//Writing PJPEG plaintext for scan 1 to FBB61DB4-701E-4AF6-B91C-7EBE7F788AD8.jpg
19:59:18.290 [ 205824] [v4            ] [B] LL_A media-download-pjpeg-decryption-handler//processing/chunk: 2, chunk size: 8464, already received for chunk: 6384, received in this batch: 6384, total received: 32768, total length: 46794
19:59:18.290 [ 205824] [v4            ] [B] LL_A media-download-operation//phase-downloading/VTGw8+0pR7KrVL5LaKX6hSv+9rEGPa+iks38IW0JqYs=/succesfully decrypted scan for progressive download
19:59:18.291 [ 184665] [main-thread   ] [B] LL_A chatstorage//save/ids/success [ChatDB in 0.00s]
19:59:18.291 [ 184665] [main-thread   ] [B] LL_A chatstorage//save/process [ChatDB in 0.00s]
19:59:18.291 [ 184665] [main-thread   ] [B] LL_A chatstorage//indexing/should index messages 0
19:59:18.291 [ 184665] [main-thread   ] [B] LL_A storage//save/success [ChatDB in 0.00s with no changes]
19:59:18.292 [ 184665] [main-thread   ] [B] LL_A chatstorage//save/aggregated success [ChatDB in 0.00s]
19:59:18.379 [ 206451] [mms (QOS:…TED)] [B] LL_A mms-base-task//finish/finishing/download-task[VTGw8-0pR7KrVL5LaKX6hSv-9rEGPa-iks38IW0JqYs=]/{0, 26384}/cellular:1
19:59:18.379 [ 205823] [v4            ] [B] LL_A media-download-pjpeg-decryption-handler//processing/chunk: 2, chunk size: 8464, already received for chunk: 7875, received in this batch: 1491, total received: 34259, total length: 46794
19:59:18.379 [ 206451] [mms (QOS:…TED)] [B] LL_A mms-session//did-complete/wa-mms-task[24]/callback=1
19:59:18.379 [ 205823] [v4            ] [B] LL_A media-download-pjpeg-decryption-handler//finished/chunk: 1, chunk size: 21568, received for chunk: 21568, received in this batch: 8509, received in total: 26384, total length: 46794
19:59:18.381 [ 205823] [v4            ] [B] LL_A media-download-pjpeg-decryption-handler//Writing PJPEG plaintext for scan 1 to 5112E380-8AA1-46B4-89D0-A1BCB7A181BC.jpg
19:59:18.382 [ 205823] [v4            ] [B] LL_A media-download-operation//phase-downloading/VTGw8+0pR7KrVL5LaKX6hSv+9rEGPa+iks38IW0JqYs=/succesfully decrypted scan for progressive download
19:59:18.383 [ 205823] [v4            ] [B] LL_A media-download-operation//phase-downloading/VTGw8+0pR7KrVL5LaKX6hSv+9rEGPa+iks38IW0JqYs=/retry: 0 response/code: 206 error: (null)
19:59:18.383 [ 205823] [v4            ] [B] LL_A phase-downloading/VTGw8+0pR7KrVL5LaKX6hSv+9rEGPa+iks38IW0JqYs=/metrics
LL_A (Task Interval) <_NSConcreteDateInterval: 0x600003906c60> (Start Date) 2026-09-22 12:59:15 +0000 + (Duration) 2.393362 seconds = (End Date) 2026-09-22 12:59:18 +0000
LL_A (Redirect Count) 0
LL_A (Transaction Metrics) 
LL_A (Transaction Metric 0 )
LL_A (Request) https://media.fcgk42-1.fna.whatsapp.net/o1/v/t24/f2/m232/AQOAHf3Yyx-zT0nXYPRyysHWs9LPr6KvgEIxYrB-EXSVim_KbUqqtFItBap4KGHaPsvraDqbtOlJeFdiCWSRc0rS5oTvaTNnEfnkY1ZH_A
LL_A (Response) <https://media.fcgk42-1.fna.whatsapp.net/o1/v/t24/f2/m232/AQOAHf3Yyx-zT0nXYPRyysHWs9LPr6KvgEIxYrB-EXSVim_KbUqqtFItBap4KGHaPsvraDqbtOlJeFdiCWSRc0rS5oTvaTNnEfnkY1ZH_A 206 partial content>
LL_A (Fetch Start) 1790081955.985519
LL_A (Domain Lookup Start) 1790081955.986399
LL_A (Domain Lookup End) 1790081955.987399
LL_A (Domain Lookup Total) 0.001000
LL_A (Connect Start) 1790081955.987399
LL_A (Secure Connection Start) 1790081956.636399
LL_A (Secure Connection End) 1790081956.920399
LL_A (Secure Connection Total) 0.284000
LL_A (Connect End) 1790081956.920399
LL_A (Connect Total) 0.933000
LL_A (Request Start) 1790081956.920772
LL_A (Request End) 1790081956.920869
LL_A (Request Total) 0.000097
LL_A (Response Wait) 1.333495
LL_A (Response Start) 1790081958.254364
LL_A (Response End) 1790081958.378331
LL_A (Response Total) 0.123967
LL_A (Protocol Name) h2
LL_A (Proxy Connection) NO
LL_A (Reused Connection) NO
LL_A (Fetch Type) 1
LL_A 
LL_A 
19:59:18.383 [ 205823] [v4            ] [B] LL_A media-download-operation//phase-fetching-asset/VTGw8+0pR7KrVL5LaKX6hSv+9rEGPa+iks38IW0JqYs=
19:59:18.384 [ 205824] [v4            ] [B] LL_A media-download-operation//phase-fetching-asset/VTGw8+0pR7KrVL5LaKX6hSv+9rEGPa+iks38IW0JqYs=/complete asset: 1
19:59:18.384 [ 205824] [v4            ] [B] LL_A media-download-operation//phase-completion/VTGw8+0pR7KrVL5LaKX6hSv+9rEGPa+iks38IW0JqYs=
19:59:18.518 [ 205822] [mms (QOS:…TED)] [B] LL_A mms-base-task//finish/finishing/download-task[VTGw8-0pR7KrVL5LaKX6hSv-9rEGPa-iks38IW0JqYs=]/{0, *}/cellular:0
19:59:18.519 [ 205822] [mms (QOS:…TED)] [B] LL_A mms-session//did-complete/wa-mms-task[25]/callback=1
19:59:18.519 [ 205595] [v4            ] [B] LL_A media-download-pjpeg-decryption-handler//finished/chunk: 2, chunk size: 8464, received for chunk: 8464, received in this batch: 12535, received in total: 46794, total length: 46794
19:59:18.522 [ 205595] [v4            ] [B] LL_A media-download-pjpeg-decryption-handler//Writing PJPEG plaintext for scan 2 to 3372733C-406B-41EE-A7F8-F5427E6FF394.jpg
19:59:18.524 [ 205595] [v4            ] [B] LL_A media-download-pjpeg-decryption-handler//finished/chunk: 3, chunk size: 11946, received for chunk: 11946, received in this batch: 11946, received in total: 46794, total length: 46794
19:59:18.527 [ 205595] [v4            ] [B] LL_A media-download-pjpeg-decryption-handler//Writing PJPEG plaintext for scan 3 to 28BA713C-E112-43A6-9345-A9321F457DD6.jpg
19:59:18.528 [ 205595] [v4            ] [B] LL_A media-download-operation//phase-downloading/VTGw8+0pR7KrVL5LaKX6hSv+9rEGPa+iks38IW0JqYs=/succesfully decrypted scan for progressive download
19:59:18.529 [ 205595] [v4            ] [B] LL_A media-download-operation//phase-downloading/VTGw8+0pR7KrVL5LaKX6hSv+9rEGPa+iks38IW0JqYs=/retry: 0 response/code: 200 error: (null)
19:59:18.529 [ 184665] [main-thread   ] [B] LL_A did-finish-downloading-mid-scan/message/x-coredata://9E96C00C-04BD-4894-BC58-7BB83C39F595/WAMessage/p58713
19:59:18.530 [ 205595] [v4            ] [B] LL_A phase-downloading/VTGw8+0pR7KrVL5LaKX6hSv+9rEGPa+iks38IW0JqYs=/metrics
LL_A (Task Interval) <_NSConcreteDateInterval: 0x600003902f00> (Start Date) 2026-09-22 12:59:15 +0000 + (Duration) 2.529379 seconds = (End Date) 2026-09-22 12:59:18 +0000
LL_A (Redirect Count) 0
LL_A (Transaction Metrics) 
LL_A (Transaction Metric 0 )
LL_A (Request) https://media.fcgk42-1.fna.whatsapp.net/o1/v/t24/f2/m232/AQOAHf3Yyx-zT0nXYPRyysHWs9LPr6KvgEIxYrB-EXSVim_KbUqqtFItBap4KGHaPsvraDqbtOlJeFdiCWSRc0rS5oTvaTNnEfnkY1ZH_A
LL_A (Response) <https://media.fcgk42-1.fna.whatsapp.net/o1/v/t24/f2/m232/AQOAHf3Yyx-zT0nXYPRyysHWs9LPr6KvgEIxYrB-EXSVim_KbUqqtFItBap4KGHaPsvraDqbtOlJeFdiCWSRc0rS5oTvaTNnEfnkY1ZH_A 200 no error>
LL_A (Fetch Start) 1790081955.989099
LL_A (Domain Lookup Start) 1790081955.989852
LL_A (Domain Lookup End) 1790081955.990852
LL_A (Domain Lookup Total) 0.001000
LL_A (Connect Start) 1790081955.990852
LL_A (Secure Connection Start) 1790081956.635852
LL_A (Secure Connection End) 1790081956.908852
LL_A (Secure Connection Total) 0.273000
LL_A (Connect End) 1790081956.908852
LL_A (Connect Total) 0.918000
LL_A (Request Start) 1790081956.909656
LL_A (Request End) 1790081956.909851
LL_A (Request Total) 0.000195
LL_A (Response Wait) 0.068680
LL_A (Response Start) 1790081956.978531
LL_A (Response End) 1790081958.517859
LL_A (Response Total) 1.539328
LL_A (Protocol Name) h2
LL_A (Proxy Connection) NO
LL_A (Reused Connection) NO
LL_A (Fetch Type) 1
LL_A 
LL_A 
19:59:18.530 [ 205595] [v4            ] [B] LL_A media-download-operation//phase-decrypting/VTGw8+0pR7KrVL5LaKX6hSv+9rEGPa+iks38IW0JqYs=
19:59:18.530 [ 205824] [user-init…-qos] [B] LL_A media-download-operation//phase-decrypting/VTGw8+0pR7KrVL5LaKX6hSv+9rEGPa+iks38IW0JqYs=/writing final plaintext to C2BD41A7-3B2B-48FE-97C1-FCB9456757E5.jpg
19:59:18.531 [ 184665] [main-thread   ] [B] LL_A message/media-local-path/updating 1 messages for partial media: (
LL_A     "<******atus@broadcast>_AC21C08EEB217D856FF3BE4AEA5A9699_0_<******1309@s.whatsapp.net>"
LL_A )
19:59:18.531 [ 184665] [main-thread   ] [B] LL_A chatstorage//save/ids/success [ChatDB in 0.00s]
19:59:18.531 [ 184665] [main-thread   ] [B] LL_A chatstorage//save/process [ChatDB in 0.00s]
19:59:18.531 [ 184665] [main-thread   ] [B] LL_A chatstorage//indexing/should index messages 1
19:59:18.532 [ 205823] [v4            ] [B] LL_A media-download-operation//phase-decrypting/VTGw8+0pR7KrVL5LaKX6hSv+9rEGPa+iks38IW0JqYs=/complete/success plain: 1 enc: 1 expected fs: 46783
19:59:18.532 [ 205823] [v4            ] [B] LL_A media-download-operation//phase-fetching-asset/VTGw8+0pR7KrVL5LaKX6hSv+9rEGPa+iks38IW0JqYs=
19:59:18.535 [ 184665] [main-thread   ] [B] LL_A storage//save/success [ChatDB in 0.00s with changes]
19:59:18.535 [ 184665] [main-thread   ] [B] LL_A chatstorage//save/aggregated success [ChatDB in 0.00s]
19:59:18.536 [ 205595] [memory-us…ging] [B] LL_A app//memory: System [Used 5552MB, Free 77MB] Process [Footprint 157MB (+0MB), Available 0MB, Peak 163MB] [cpu/s: 0.093]
19:59:18.536 [ 184665] [main-thread   ] [B] LL_A chatstorage//save/ids/success [ChatDB in 0.00s]
19:59:18.536 [ 184665] [main-thread   ] [B] LL_A chatstorage//save/process [ChatDB in 0.00s]
19:59:18.536 [ 184665] [main-thread   ] [B] LL_A chatstorage//indexing/should index messages 0
19:59:18.537 [ 184665] [main-thread   ] [B] LL_A storage//save/success [ChatDB in 0.00s with no changes]
19:59:18.537 [ 184665] [main-thread   ] [B] LL_A chatstorage//save/aggregated success [ChatDB in 0.00s]
19:59:18.537 [ 205595] [v4            ] [B] LL_A media-download-operation//phase-fetching-asset/VTGw8+0pR7KrVL5LaKX6hSv+9rEGPa+iks38IW0JqYs=/complete asset: 1
19:59:18.537 [ 205595] [v4            ] [B] LL_A media-download-operation//phase-completion/VTGw8+0pR7KrVL5LaKX6hSv+9rEGPa+iks38IW0JqYs=
19:59:18.538 [ 184665] [main-thread   ] [B] LL_A chatstorage//save/ids/success [ChatDB in 0.00s]
19:59:18.538 [ 184665] [main-thread   ] [B] LL_A chatstorage//save/process [ChatDB in 0.00s]
19:59:18.538 [ 184665] [main-thread   ] [B] LL_A chatstorage//indexing/should index messages 0
19:59:18.539 [ 184665] [main-thread   ] [B] LL_A storage//save/success [ChatDB in 0.00s with no changes]
19:59:18.539 [ 184665] [main-thread   ] [B] LL_A chatstorage//save/aggregated success [ChatDB in 0.00s]
19:59:18.541 [ 184665] [main-thread   ] [B] LL_E file-manager//link/remove temp/error ([NSCocoaErrorDomain/4, NSPOSIXErrorDomain/2])
19:59:18.541 [ 184665] [main-thread   ] [B] LL_A did-finish-downloading-media/message/x-coredata://9E96C00C-04BD-4894-BC58-7BB83C39F595/WAMessage/p58713 (3)
19:59:18.541 [ 184665] [main-thread   ] [B] LL_A media-downloader//autodownload/remove/<******atus@broadcast>_AC21C08EEB217D856FF3BE4AEA5A9699_0_<******1309@s.whatsapp.net>/remove-from-kvs: 1
19:59:18.545 [ 184665] [main-thread   ] [B] LL_A message/media-local-path/updating 1 messages for full media: (
LL_A     "<******atus@broadcast>_AC21C08EEB217D856FF3BE4AEA5A9699_0_<******1309@s.whatsapp.net>"
LL_A )
19:59:18.545 [ 184665] [main-thread   ] [B] LL_A helper/save-to-camera-roll/skipped [<******atus@broadcast>_AC21C08EEB217D856FF3BE4AEA5A9699_0_<******1309@s.whatsapp.net>]
19:59:18.545 [ 184665] [main-thread   ] [B] LL_A chatstorage//save/ids/success [ChatDB in 0.00s]
19:59:18.546 [ 184665] [main-thread   ] [B] LL_A chatstorage//save/process [ChatDB in 0.00s]
19:59:18.546 [ 184665] [main-thread   ] [B] LL_A chatstorage//indexing/should index messages 0
19:59:18.548 [ 184665] [main-thread   ] [B] LL_A storage//save/success [ChatDB in 0.00s with changes]
19:59:18.548 [ 184665] [main-thread   ] [B] LL_A chatstorage//save/aggregated success [ChatDB in 0.00s]
19:59:21.536 [ 206454] [memory-us…ging] [B] LL_A app//memory: System [Used 5571MB, Free 63MB] Process [Footprint 157MB (-0MB), Available 0MB, Peak 163MB] [cpu/s: 0.009]
19:59:24.536 [ 205822] [memory-us…ging] [B] LL_A app//memory: System [Used 5541MB, Free 94MB] Process [Footprint 157MB (-0MB), Available 0MB, Peak 163MB] [cpu/s: 0.002]
19:59:25.996 [ 205822] [NSManaged…a970] [B] LL_A storage//save/success [KVStore-LocalKeyValue.sqlite in 0.00s with changes]
19:59:25.997 [ 206454] [bgtask        ] [B] LL_A process//background-task/end/main/1567
19:59:27.536 [ 205595] [memory-us…ging] [B] LL_A app//memory: System [Used 5508MB, Free 95MB] Process [Footprint 157MB (-0MB), Available 0MB, Peak 163MB] [cpu/s: 0.005]
19:59:30.536 [ 205824] [memory-us…ging] [B] LL_A app//memory: System [Used 5539MB, Free 69MB] Process [Footprint 157MB (-0MB), Available 0MB, Peak 163MB] [cpu/s: 0.002]
19:59:33.536 [ 205592] [memory-us…ging] [B] LL_A app//memory: System [Used 5514MB, Free 88MB] Process [Footprint 157MB (+0MB), Available 0MB, Peak 163MB] [cpu/s: 0.002]
19:59:36.535 [ 206454] [memory-us…ging] [B] LL_A app//memory: System [Used 5547MB, Free 56MB] Process [Footprint 157MB (-0MB), Available 0MB, Peak 163MB] [cpu/s: 0.002]
19:59:36.894 [ 206454] [normal        ] [B] LL_N stream//idle
19:59:36.895 [ 206454] [normal        ] [B] LL_A ccq/connection/cancel-stanza-processing/skip-resources-released
19:59:39.535 [ 206454] [memory-us…ging] [B] LL_A app//memory: System [Used 5555MB, Free 51MB] Process [Footprint 157MB (0MB), Available 0MB, Peak 163MB] [cpu/s: 0.002]
19:59:42.535 [ 206454] [memory-us…ging] [B] LL_A app//memory: System [Used 5479MB, Free 121MB] Process [Footprint 157MB (0MB), Available 0MB, Peak 163MB] [cpu/s: 0.003]
19:59:45.535 [ 205824] [memory-us…ging] [B] LL_A app//memory: System [Used 5438MB, Free 163MB] Process [Footprint 157MB (-0MB), Available 0MB, Peak 163MB] [cpu/s: 0.002]
19:59:48.534 [ 205595] [memory-us…ging] [B] LL_A app//memory: System [Used 5538MB, Free 68MB] Process [Footprint 157MB (0MB), Available 0MB, Peak 163MB] [cpu/s: 0.002]
19:59:51.534 [ 205824] [memory-us…ging] [B] LL_A app//memory: System [Used 5495MB, Free 45MB] Process [Footprint 157MB (0MB), Available 0MB, Peak 163MB] [cpu/s: 0.002]
19:59:54.534 [ 205824] [memory-us…ging] [B] LL_A app//memory: System [Used 5415MB, Free 95MB] Process [Footprint 157MB (+0MB), Available 0MB, Peak 163MB] [cpu/s: 0.002]
19:59:57.534 [ 205824] [memory-us…ging] [B] LL_A app//memory: System [Used 5440MB, Free 71MB] Process [Footprint 157MB (0MB), Available 0MB, Peak 163MB] [cpu/s: 0.004]
20:00:00.534 [ 205595] [memory-us…ging] [B] LL_A app//memory: System [Used 5463MB, Free 54MB] Process [Footprint 157MB (0MB), Available 0MB, Peak 163MB] [cpu/s: 0.003]
20:00:03.534 [ 205595] [memory-us…ging] [B] LL_A app//memory: System [Used 5396MB, Free 126MB] Process [Footprint 157MB (0MB), Available 0MB, Peak 163MB] [cpu/s: 0.002]
20:00:06.533 [ 205824] [memory-us…ging] [B] LL_A app//memory: System [Used 5375MB, Free 151MB] Process [Footprint 157MB (0MB), Available 0MB, Peak 163MB] [cpu/s: 0.002]
20:00:09.533 [ 205824] [memory-us…ging] [B] LL_A app//memory: System [Used 5464MB, Free 69MB] Process [Footprint 157MB (0MB), Available 0MB, Peak 163MB] [cpu/s: 0.002]
20:00:12.110 [ 205824] [addressbook   ] [B] LL_A syncmanager//usync/scheduled-full/check c:[(null)] d:[2026-09-22 15:14:14 +0000] dm:[2026-09-22 15:14:14 +0000] sl:[(null)] b:[2026-09-22 15:14:14 +0000] s:[2026-09-22 15:14:14 +0000]
20:00:12.111 [ 205824] [addressbook   ] [B] LL_A syncmanager//usync/scheduled-full/run/background
20:00:12.114 [ 205824] [addressbook   ] [B] LL_A syncmanager//usync/unisync/begin
20:00:12.114 [ 205824] [addressbook   ] [B] LL_A syncmanager//usync/prepare-list/Full items=[0] deleted=[0]
20:00:12.143 [ 205824] [addressbook   ] [B] LL_A syncmanager//usync/prepare-sidelist/Full items=[62]
20:00:12.145 [ 205824] [addressbook   ] [B] LL_A syncmanager//usync/contacts/backoff is nil or before now:[nil]
20:00:12.145 [ 205824] [addressbook   ] [B] LL_A syncmanager//usync/contacts/nextScheduledFullSyncDate is:[(null)]
20:00:12.145 [ 205824] [addressbook   ] [B] LL_A syncmanager//usync/contacts/isCompanionDevice
20:00:12.145 [ 205824] [addressbook   ] [B] LL_A syncmanager//usync/contacts/isContactSyncEnabled:[NO]
20:00:12.145 [ 205824] [addressbook   ] [B] LL_A syncmanager//usync/unisync/nc/allowMutation: 1, mode: 3, orion_usync_allow_mutation_attribute:1 
20:00:12.164 [ 205824] [addressbook   ] [B] LL_A syncmanager//usync/unisync/start/Background/Full list=[0] sidelist=[62]
20:00:12.165 [ 205824] [addressbook   ] [B] LL_A sync-session//usync/request/start/ cl:n dl:n dm:n pl:n sl:n st:n bz:n lid:n un=[n] ts:n cl=[0] sl=[0]
20:00:12.165 [ 205595] [normal        ] [B] LL_E sync-session//usync/request/all protocols off
20:00:12.165 [ 184665] [main-thread   ] [B] LL_A syncmanager//usync/unisync/finished time=[0.000]
20:00:12.166 [ 205824] [addressbook   ] [B] LL_A syncmanager//usync/usync/skipped/already in progress
20:00:12.169 [ 184665] [main-thread   ] [B] LL_A chat-mgr//syncmanager/usync/delegate/sync-finished result=[Success] reason=[None] deleletedContacts=[0]
20:00:12.169 [ 205824] [addressbook   ] [B] LL_A chat-mgr//refresh-chats/started
20:00:12.169 [ 205824] [addressbook   ] [B] LL_A chat-mgr//refresh-chats/finished time=[0.000]
20:00:12.179 [ 205824] [NSManaged…2d80] [B] LL_W chatsession/missing-contact-identifier
20:00:12.210 [ 184665] [main-thread   ] [B] LL_A storage//save/background/done [ChatDB in 0.00s with no changes from 'NSManagedObjectContext 0x600000212d80']
20:00:12.211 [ 184665] [main-thread   ] [B] LL_A chat-mgr//refresh-chats/merged-changes
20:00:12.533 [ 206455] [memory-us…ging] [B] LL_A app//memory: System [Used 5432MB, Free 107MB] Process [Footprint 158MB (+1MB), Available 0MB, Peak 163MB] [cpu/s: 0.050]
20:00:15.533 [ 205824] [memory-us…ging] [B] LL_A app//memory: System [Used 5444MB, Free 98MB] Process [Footprint 158MB (0MB), Available 0MB, Peak 163MB] [cpu/s: 0.002]
20:00:18.533 [ 205595] [memory-us…ging] [B] LL_A app//memory: System [Used 5441MB, Free 102MB] Process [Footprint 158MB (-0MB), Available 0MB, Peak 163MB] [cpu/s: 0.002]
20:00:21.533 [ 206455] [memory-us…ging] [B] LL_A app//memory: System [Used 5453MB, Free 91MB] Process [Footprint 158MB (+0MB), Available 0MB, Peak 163MB] [cpu/s: 0.003]
20:00:24.532 [ 205595] [memory-us…ging] [B] LL_A app//memory: System [Used 5467MB, Free 78MB] Process [Footprint 158MB (-0MB), Available 0MB, Peak 163MB] [cpu/s: 0.003]
20:00:27.532 [ 205595] [memory-us…ging] [B] LL_A app//memory: System [Used 5488MB, Free 65MB] Process [Footprint 158MB (-0MB), Available 0MB, Peak 163MB] [cpu/s: 0.004]
20:00:28.410 [ 206455] [normal        ] [B] LL_N xmpp//< recv < [media/ id=ACFF42C47FD1DBE8E71953402054D523 f=******5872@g.us p=******3669:0@lid participant_pn=<******9487@s.whatsapp.net> [enc {764b}]]
20:00:28.411 [ 206455] [normal        ] [B] LL_W ccq/queued-stanza-factory/supports-stanza/disabled type=[message]
20:00:28.411 [ 206455] [normal        ] [B] LL_A wamessagehandler//ingress/enqueue/ACFF42C47FD1DBE8E71953402054D523/offline=0
20:00:28.412 [ 205595] [bgtask        ] [B] LL_A process//background-task/start/main/1607
20:00:28.512 [ 206455] [handler       ] [B] LL_A wamessagehandler//ingress/dequeue/ACFF42C47FD1DBE8E71953402054D523/offline=0
20:00:28.519 [ 206455] [handler       ] [B] LL_A wamessagehandler//handle/context/process/ACFF42C47FD1DBE8E71953402054D523/start
20:00:28.521 [ 206455] [handler       ] [B] LL_A wamessagehandler//handle/context/process/ACFF42C47FD1DBE8E71953402054D523/end decryption-context=<decrypt_group retry_count=0 offline=0>
20:00:28.521 [ 206455] [handler       ] [B] LL_A wamessagehandler//handle/process/group/ACFF42C47FD1DBE8E71953402054D523
20:00:28.521 [ 207338] [prekey        ] [B] LL_A wamessagehandler//handle/decrypt/group/start/ACFF42C47FD1DBE8E71953402054D523
20:00:28.521 [ 207337] [crypto        ] [B] LL_A signal/store//batch-context/F68A1B10-1381-4942-9B73-31440F5FCEED/decrypt-group-msg/deferredSaveCount is 1 after incrementing
20:00:28.521 [ 207337] [crypto        ] [B] LL_A signal/store//batch-context/F68A1B10-1381-4942-9B73-31440F5FCEED/decrypt-group-msg/begin-execute
20:00:28.522 [ 207337] [NSManaged…4ea0] [B] LL_A signal/store//sender-key/fetch/WASignalAddress { d: <******3669:0@lid> ; g: ******g.us ; pq: NO ; scope: 0 }
20:00:28.527 [ 207337] [NSManaged…4ea0] [B] LL_A signal/store//sender-key/store/WASignalAddress { d: <******3669:0@lid> ; g: ******g.us ; pq: NO ; scope: 0 }
20:00:28.529 [ 207337] [NSManaged…4ea0] [B] LL_A signal/store//sender-key/store/update
20:00:28.529 [ 207337] [NSManaged…4ea0] [B] LL_A signal/store//save/skipped/deferredSaveCount is 1
20:00:28.529 [ 207337] [NSManaged…4ea0] [B] LL_A signal/store//sender-key/store/success
20:00:28.531 [ 207337] [NSManaged…4ea0] [B] LL_A signal/store//save/skipped/deferredSaveCount is 1
20:00:28.531 [ 207337] [crypto        ] [B] LL_A signal/store//batch-context/F68A1B10-1381-4942-9B73-31440F5FCEED/decrypt-group-msg/end-execute
20:00:28.534 [ 207337] [NSManaged…4ea0] [B] LL_A storage//save/success [SignalDB in 0.00s with changes]
20:00:28.534 [ 207337] [NSManaged…4ea0] [B] LL_A signal/store//batch-context/F68A1B10-1381-4942-9B73-31440F5FCEED/decrypt-group-msg/deferredSaveCount is 0 after decrementing
20:00:28.534 [ 207337] [crypto        ] [B] LL_A wamessagehandler//handle/decrypt/group/finished/ACFF42C47FD1DBE8E71953402054D523/(null)
20:00:28.535 [ 207338] [handler       ] [B] LL_A wamessagehandler//handle/process/post-decrypt/ACFF42C47FD1DBE8E71953402054D523: decryptFailure=0, duplicate=0 plaintextData=0 bytes, plaintextProtobufValid=1, botFbid=0, error=(null)
20:00:28.535 [ 207338] [handler       ] [B] LL_A wamessagehandler//egress/enqueue/ACFF42C47FD1DBE8E71953402054D523/offline=0
20:00:28.636 [ 184665] [main-thread   ] [B] LL_A wamessagehandler//egress/dequeue/postprocess-start/ACFF42C47FD1DBE8E71953402054D523/offline=0
20:00:28.649 [ 184665] [main-thread   ] [B] LL_E biz/unrecognized-verification-level: empty level
20:00:28.651 [ 184665] [main-thread   ] [B] LL_A messageprotobufserialization//messageID: ACFF42C47FD1DBE8E71953402054D523, verifyMessageType: 1, messageType: 12, canHaveExistingMediaItem: 0
20:00:28.655 [ 184665] [main-thread   ] [B] LL_W wapbmessage+wamessage//embed-mms-thumbnail-info/missing-thumbnail-metadata: ACFF42C47FD1DBE8E71953402054D523 [source=media-info]
20:00:28.659 [ 184665] [main-thread   ] [B] LL_A wamessagehandler//handle/postprocess-finish/ACFF42C47FD1DBE8E71953402054D523
20:00:28.664 [ 207338] [NSManaged…6150] [B] LL_A storage//save/success [KVStore-BackedUpKeyValue.sqlite in 0.00s with changes]
20:00:28.665 [ 184665] [main-thread   ] [B] LL_A chatstorage//save/ids/success [ChatDB in 0.00s]
20:00:28.665 [ 184665] [main-thread   ] [B] LL_A chatstorage//save/process [ChatDB in 0.00s]
20:00:28.665 [ 184665] [main-thread   ] [B] LL_A chatstorage//indexing/should index messages 0
20:00:28.669 [ 207338] [NSManaged…a970] [B] LL_A storage//save/success [KVStore-LocalKeyValue.sqlite in 0.00s with changes]
20:00:28.673 [ 184665] [main-thread   ] [B] LL_A storage//save/success [ChatDB in 0.01s with changes]
20:00:28.673 [ 184665] [main-thread   ] [B] LL_A chatstorage//save/aggregated success [ChatDB in 0.01s]
20:00:28.673 [ 184665] [main-thread   ] [B] LL_E chatsessionmanager//existingChatSessions/error: nil error
20:00:28.681 [ 184665] [main-thread   ] [B] LL_A chatsessiontransaction-groups//companion-join-dbg/companion-summary g=[<******5872@g.us>] total=[1] alreadyActive=[1] added=[0] reason=[0] addrMode=[2]
20:00:28.681 [ 184665] [main-thread   ] [B] LL_A chatsession/<******5872@g.us>/counter/609
20:00:28.682 [ 184665] [main-thread   ] [B] LL_E message//attach/thumbnail/skipped [thumbnailData: nil, jid: present, stanzaID: ACFF42C47FD1DBE8E71953402054D523]
20:00:28.682 [ 184665] [main-thread   ] [B] LL_A OrphanMessageManager/deleting message addons from cql orphan store
20:00:28.683 [ 184665] [main-thread   ] [B] LL_A OrphanMessageManager/resolving orphans from cql orphan store
20:00:28.687 [ 184665] [main-thread   ] [B] LL_A chatsessiontransaction//unread [******5872@g.us; 9 -> 10]
20:00:28.691 [ 184665] [NSManaged…9860] [B] LL_A storage//save/success [AppStateStore in 0.00s with changes]
20:00:28.692 [ 184665] [main-thread   ] [B] LL_A chatstorage//save/ids/success [ChatDB in 0.00s]
20:00:28.692 [ 184665] [main-thread   ] [B] LL_A chatstorage//save/process [ChatDB in 0.00s]
20:00:28.692 [ 184665] [main-thread   ] [B] LL_A chatstorage//indexing/should index messages 1
20:00:28.698 [ 184665] [main-thread   ] [B] LL_A storage//save/success [ChatDB in 0.01s with changes]
20:00:28.699 [ 184665] [main-thread   ] [B] LL_A chatstorage-searchengine//indexing/chat-messages/start
20:00:28.699 [ 184665] [main-thread   ] [B] LL_A chatstorage//save/aggregated success [ChatDB in 0.01s]
LL_S <
2026-09-22 20:00:28.702 WhatsApp[4484:205595] Cannot create shortcut from intent (<INIntent: 0x600000b37cc0> {
}) because it has no valid parameter combinations
LL_S >
20:00:28.716 [ 184665] [main-thread   ] [B] LL_A notification-center//mainapp-notif/identifier=[a5dPGL9XbSACnnm1wsqVDDrbnMhIqAN3y-4kSZ3CGT0]/messageID.uniqueKey=[<******5872@g.us>_ACFF42C47FD1DBE8E71953402054D523_0_<******3669@lid>]/messageID.remoteChatJID=[******5872@g.us]/messageID.stanzaID=[ACFF42C47FD1DBE8E71953402054D523]/messageID.participantJID=[******3669@lid]/messageID.fromMe=[0]/displayStatus=[2]
20:00:28.719 [ 184665] [main-thread   ] [B] LL_A notification-center//show-local-notification/a5dPGL9XbSACnnm1wsqVDDrbnMhIqAN3y-4kSZ3CGT0
20:00:28.719 [ 184665] [main-thread   ] [B] LL_E wamessage+bot/missing-rich-response-data
20:00:28.723 [ 184665] [main-thread   ] [B] LL_W chatsession/missing-contact-identifier
20:00:28.738 [ 184665] [main-thread   ] [B] LL_A notification-scheduler//prepare-hq-thumbnail/isGrapevineInstalled:0
20:00:28.739 [ 184665] [main-thread   ] [B] LL_A notification-scheduler//prepare-hq-thumbnail/no-merge/ACFF42C47FD1DBE8E71953402054D523
20:00:28.740 [ 207339] [NSManaged…a970] [B] LL_A storage//save/success [KVStore-LocalKeyValue.sqlite in 0.00s with changes]
20:00:28.740 [ 184665] [main-thread   ] [B] LL_A notification-scheduler//prepare-hq-thumbnail/update-notification-content-for-communication/ACFF42C47FD1DBE8E71953402054D523
20:00:28.743 [ 184665] [NSManaged…9860] [B] LL_A storage//save/success [AppStateStore in 0.00s with changes]
20:00:28.748 [ 184665] [main-thread   ] [B] LL_A regular-media-downloader//thumbnail-download/no thumbnail to download
20:00:28.748 [ 184665] [main-thread   ] [B] LL_A media-downloader//download/<******5872@g.us>_ACFF42C47FD1DBE8E71953402054D523_0_<******3669@lid>/check: 2/reason: 0
20:00:28.748 [ 184665] [main-thread   ] [B] LL_A media-downloader//download/<******5872@g.us>_ACFF42C47FD1DBE8E71953402054D523_0_<******3669@lid>/will auto-download now
20:00:28.748 [ 184665] [main-thread   ] [B] LL_A media-downloader//autodownload/add/<******5872@g.us>_ACFF42C47FD1DBE8E71953402054D523_0_<******3669@lid>/save-to-kvs: 1
20:00:28.748 [ 184665] [main-thread   ] [B] LL_A media-downloader//queue-media-download/<******5872@g.us>_ACFF42C47FD1DBE8E71953402054D523_0_<******3669@lid>/queued (downloads queued: 2)
20:00:28.748 [ 184665] [main-thread   ] [B] LL_A media-downloader//enqueue-download/message/ACFF42C47FD1DBE8E71953402054D523 [https://mmg.whatsapp.net/v/t62.7119-24/818760940_2144990109384606_8633674621968211443_n.enc?ccb=11-4&oh=01_Q5Aa5gHFaHHtXNQI2Rdug31f7YL1W0MZkRfOE6b_M-Ilcw1YcQ&oe=6AD9FB44&_nc_sid=5e03e0&mms3=true] JJhw9J4/6W155teJA5iBaYrUtxnshlxNOjyAAKwU99s=
20:00:28.748 [ 184665] [main-thread   ] [B] LL_A chat/media/link/not-possible [ACFF42C47FD1DBE8E71953402054D523]
20:00:28.749 [ 184665] [main-thread   ] [B] LL_A create/operation/key-diag rawBlobLen=112 keyDataLen=32 mediaType=3 stanzaID=ACFF42C47FD1DBE8E71953402054D523
20:00:28.749 [ 207339] [v4            ] [B] LL_A media-download-operation//phase-preflight/JJhw9J4/6W155teJA5iBaYrUtxnshlxNOjyAAKwU99s=
20:00:28.749 [ 207339] [v4            ] [B] LL_A media-download-operation//phase-downloading/JJhw9J4/6W155teJA5iBaYrUtxnshlxNOjyAAKwU99s=
20:00:28.749 [ 184665] [main-thread   ] [B] LL_A regular-media-downloader//favicon-download/no favicon to download
20:00:28.749 [ 205595] [mms (QOS:…TED)] [B] LL_A mms-session//task-endpoint-request/exists
20:00:28.749 [ 205595] [mms (QOS:…TED)] [B] LL_A mms-base-task//resume/endpoints fetch response/download-task[JJhw9J4_6W155teJA5iBaYrUtxnshlxNOjyAAKwU99s=]/{0, *}/cellular:0
20:00:28.749 [ 205595] [mms (QOS:…TED)] [B] LL_A mms-base-task//resume/direct path//v/t62.7119-24/818760940_2144990109384606_8633674621968211443_n.enc?ccb=11-4&oh=01_Q5Aa5gHFaHHtXNQI2Rdug31f7YL1W0MZkRfOE6b_M-Ilcw1YcQ&oe=6AD9FB44&_nc_sid=5e03e0&_nc_hot=1790082027/download-task[JJhw9J4_6W155teJA5iBaYrUtxnshlxNOjyAAKwU99s=]/{0, *}/cellular:0
20:00:28.749 [ 207338] [NSManaged…a970] [B] LL_A storage//save/success [KVStore-LocalKeyValue.sqlite in 0.00s with changes]
20:00:28.749 [ 205595] [mms (QOS:…TED)] [B] LL_A mms-base-task//resume/download-task[JJhw9J4_6W155teJA5iBaYrUtxnshlxNOjyAAKwU99s=]/{0, *}/cellular:0
20:00:28.749 [ 205595] [mms (QOS:…TED)] [B] LL_A download-task//create/download-task[JJhw9J4_6W155teJA5iBaYrUtxnshlxNOjyAAKwU99s=]/{0, *}/cellular:0
20:00:28.749 [ 205595] [mms (QOS:…TED)] [B] LL_A download-task//create/download-task[JJhw9J4_6W155teJA5iBaYrUtxnshlxNOjyAAKwU99s=]/{0, *}/cellular:0/regular
20:00:28.751 [ 184665] [main-thread   ] [B] LL_A wamessagehandler//handle/chat-storage-processing-finished/ACFF42C47FD1DBE8E71953402054D523: accepted=1
20:00:28.753 [ 184665] [main-thread   ] [B] LL_A xmpp/main//incoming-message/acked/ACFF42C47FD1DBE8E71953402054D523
20:00:28.753 [ 206455] [NSManaged…a970] [B] LL_A storage//save/success [KVStore-LocalKeyValue.sqlite in 0.00s with changes]
20:00:28.753 [ 207431] [normal        ] [B] LL_N stream//> send > [receipt/delivery t=******5872@g.us p=******3669:0@lid id=ACFF42C47FD1DBE8E71953402054D523]
20:00:28.754 [ 184665] [main-thread   ] [B] LL_A task-manager//task-queue/schedule-task task=<WABlockTask: 0x6000036e9e00 [index-messages]> task-manager=<WATaskManager: 0x600001724100>, queue=<WATaskQueue: 0x600001254af0> existingTask=0, tasksArrayCount=68
20:00:28.754 [ 184665] [main-thread   ] [B] LL_A task-manager//task-queue/schedule-task task=<WABlockTask: 0x6000036e9e00 [index-messages]> task-manager=<WATaskManager: 0x600001724100>, queue=<WATaskQueue: 0x600001254b60> existingTask=0, tasksArrayCount=1
20:00:28.754 [ 184665] [main-thread   ] [B] LL_A chatstorage-searchengine//indexing/chat-messages/task-scheduled task = <WABlockTask: 0x6000036e9e00 [index-messages]>
20:00:28.754 [ 184665] [main-thread   ] [B] LL_A badge-controller/3 BadgeController/didReceiveVisibleMessage(ACFF42C47FD1DBE8E71953402054D523)
20:00:28.754 [ 206455] [NSManaged…a970] [B] LL_A storage//save/success [KVStore-LocalKeyValue.sqlite in 0.00s with changes]
20:00:28.755 [ 184665] [main-thread   ] [B] LL_A badge-data-source/local-unread-count/messages: [1], missed-calls: [0], nse-messages: [0]
20:00:28.757 [ 184665] [main-thread   ] [B] LL_A badge-state-machine/Handled badge change [handleReceivedVisibleMessage (ACFF42C47FD1DBE8E71953402054D523)]: 0 -> 1
20:00:28.769 [ 207432] [normal        ] [B] LL_N stream//> send > [iq/get ns=w:profile:picture t=s.whatsapp.net id=1790079492-33]
20:00:28.811 [ 184665] [main-thread   ] [B] LL_A notification-scheduler//local-notification/posted/a5dPGL9XbSACnnm1wsqVDDrbnMhIqAN3y-4kSZ3CGT0
20:00:28.827 [ 206455] [NSManaged…a970] [B] LL_A storage//save/success [KVStore-LocalKeyValue.sqlite in 0.00s with changes]
20:00:30.532 [ 206455] [memory-us…ging] [B] LL_A app//memory: System [Used 5498MB, Free 82MB] Process [Footprint 158MB (+0MB), Available 0MB, Peak 163MB] [cpu/s: 0.063]
20:00:30.839 [ 207433] [normal        ] [B] LL_N xmpp//< recv < [iq/result f=s.whatsapp.net id=1790079492-33]
20:00:30.844 [ 205595] [profilepi…ueue] [B] LL_A waprofilepicturemanager/thumb-picture-fetch/changed jid=[<******5872@g.us>] exist=[YES]
20:00:30.844 [ 184665] [main-thread   ] [B] LL_A storage//save/background/done [ChatDB in 0.00s with changes from 'NSManagedObjectContext 0x6000002d6be0']
20:00:30.994 [ 205595] [filedownload  ] [B] LL_A download-task-handler//did-receive-response/task[JJhw9J4_6W155teJA5iBaYrUtxnshlxNOjyAAKwU99s=][{0, *}]/returned range: {0, 16362} current: 0
20:00:31.050 [ 207431] [mms (QOS:…TED)] [B] LL_A mms-base-task//finish/finishing/download-task[JJhw9J4_6W155teJA5iBaYrUtxnshlxNOjyAAKwU99s=]/{0, *}/cellular:0
20:00:31.050 [ 207431] [mms (QOS:…TED)] [B] LL_A mms-session//did-complete/wa-mms-task[26]/callback=1
20:00:31.051 [ 205595] [v4            ] [B] LL_A media-download-operation//phase-downloading/JJhw9J4/6W155teJA5iBaYrUtxnshlxNOjyAAKwU99s=/retry: 0 response/code: 200 error: (null)
20:00:31.052 [ 205595] [v4            ] [B] LL_A phase-downloading/JJhw9J4/6W155teJA5iBaYrUtxnshlxNOjyAAKwU99s=/metrics
LL_A (Task Interval) <_NSConcreteDateInterval: 0x600003873300> (Start Date) 2026-09-22 13:00:28 +0000 + (Duration) 2.300119 seconds = (End Date) 2026-09-22 13:00:31 +0000
LL_A (Redirect Count) 0
LL_A (Transaction Metrics) 
LL_A (Transaction Metric 0 )
LL_A (Request) https://media-sin2-3.cdn.whatsapp.net/v/t62.7119-24/818760940_2144990109384606_8633674621968211443_n.enc
LL_A (Response) <https://media-sin2-3.cdn.whatsapp.net/v/t62.7119-24/818760940_2144990109384606_8633674621968211443_n.enc 200 no error>
LL_A (Fetch Start) 1790082028.749738
LL_A (Domain Lookup Start) 1790082028.750303
LL_A (Domain Lookup End) 1790082028.751303
LL_A (Domain Lookup Total) 0.001000
LL_A (Connect Start) 1790082028.751303
LL_A (Secure Connection Start) 1790082030.720303
LL_A (Secure Connection End) 1790082030.805303
LL_A (Secure Connection Total) 0.085000
LL_A (Connect End) 1790082030.805303
LL_A (Connect Total) 2.054000
LL_A (Request Start) 1790082030.806211
LL_A (Request End) 1790082030.806375
LL_A (Request Total) 0.000164
LL_A (Response Wait) 0.182230
LL_A (Response Start) 1790082030.988605
LL_A (Response End) 1790082031.049398
LL_A (Response Total) 0.060793
LL_A (Protocol Name) h2
LL_A (Proxy Connection) NO
LL_A (Reused Connection) NO
LL_A (Fetch Type) 1
LL_A 
LL_A 
20:00:31.052 [ 205595] [v4            ] [B] LL_A media-download-operation//phase-decrypting/JJhw9J4/6W155teJA5iBaYrUtxnshlxNOjyAAKwU99s=
20:00:31.052 [ 207432] [user-init…-qos] [B] LL_A media-download-operation//phase-decrypting/JJhw9J4/6W155teJA5iBaYrUtxnshlxNOjyAAKwU99s=/writing final plaintext to BBD1A1D2-364E-4EAF-ADEA-2917B2F2C326.docx
20:00:31.053 [ 207431] [v4            ] [B] LL_A media-download-operation//phase-decrypting/JJhw9J4/6W155teJA5iBaYrUtxnshlxNOjyAAKwU99s=/complete/success plain: 1 enc: 1 expected fs: 16350
20:00:31.053 [ 207431] [v4            ] [B] LL_A media-download-operation//phase-fetching-asset/JJhw9J4/6W155teJA5iBaYrUtxnshlxNOjyAAKwU99s=
20:00:31.056 [ 205595] [v4            ] [B] LL_A media-download-operation//phase-fetching-asset/JJhw9J4/6W155teJA5iBaYrUtxnshlxNOjyAAKwU99s=/complete asset: 1
20:00:31.056 [ 205595] [v4            ] [B] LL_A media-download-operation//phase-completion/JJhw9J4/6W155teJA5iBaYrUtxnshlxNOjyAAKwU99s=
20:00:31.056 [ 184665] [main-thread   ] [B] LL_A chatstorage//save/ids/success [ChatDB in 0.00s]
20:00:31.056 [ 184665] [main-thread   ] [B] LL_A chatstorage//save/process [ChatDB in 0.00s]
20:00:31.056 [ 184665] [main-thread   ] [B] LL_A chatstorage//indexing/should index messages 0
20:00:31.057 [ 184665] [main-thread   ] [B] LL_A storage//save/success [ChatDB in 0.00s with no changes]
20:00:31.057 [ 184665] [main-thread   ] [B] LL_A chatstorage//save/aggregated success [ChatDB in 0.00s]
20:00:31.059 [ 184665] [main-thread   ] [B] LL_A did-finish-downloading-media/message/x-coredata://9E96C00C-04BD-4894-BC58-7BB83C39F595/WAMessage/p58714 (3)
20:00:31.060 [ 184665] [main-thread   ] [B] LL_A media-downloader//autodownload/remove/<******5872@g.us>_ACFF42C47FD1DBE8E71953402054D523_0_<******3669@lid>/remove-from-kvs: 1
20:00:31.065 [ 184665] [main-thread   ] [B] LL_A message/media-local-path/updating 1 messages for full media: (
LL_A     "<******5872@g.us>_ACFF42C47FD1DBE8E71953402054D523_0_<******3669@lid>"
LL_A )
20:00:31.065 [ 184665] [main-thread   ] [B] LL_A helper/save-to-camera-roll/skipped [<******5872@g.us>_ACFF42C47FD1DBE8E71953402054D523_0_<******3669@lid>]
20:00:31.065 [ 184665] [main-thread   ] [B] LL_A chatstorage//save/ids/success [ChatDB in 0.00s]
20:00:31.065 [ 184665] [main-thread   ] [B] LL_A chatstorage//save/process [ChatDB in 0.00s]
20:00:31.065 [ 184665] [main-thread   ] [B] LL_A chatstorage//indexing/should index messages 1
20:00:31.068 [ 184665] [main-thread   ] [B] LL_A storage//save/success [ChatDB in 0.00s with changes]
20:00:31.069 [ 184665] [main-thread   ] [B] LL_A chatstorage//save/aggregated success [ChatDB in 0.00s]
20:00:33.532 [ 207430] [memory-us…ging] [B] LL_A app//memory: System [Used 5424MB, Free 160MB] Process [Footprint 158MB (-0MB), Available 0MB, Peak 163MB] [cpu/s: 0.025]
20:00:36.531 [ 205595] [memory-us…ging] [B] LL_A app//memory: System [Used 5423MB, Free 161MB] Process [Footprint 158MB (-0MB), Available 0MB, Peak 163MB] [cpu/s: 0.004]
20:00:38.759 [ 207433] [NSManaged…a970] [B] LL_A storage//save/success [KVStore-LocalKeyValue.sqlite in 0.00s with changes]
20:00:38.759 [ 205595] [bgtask        ] [B] LL_A process//background-task/end/main/1607
20:00:39.531 [ 207430] [memory-us…ging] [B] LL_A app//memory: System [Used 5643MB, Free 52MB] Process [Footprint 159MB (+0MB), Available 0MB, Peak 163MB] [cpu/s: 0.005]
20:00:42.531 [ 205595] [memory-us…ging] [B] LL_A app//memory: System [Used 5581MB, Free 73MB] Process [Footprint 159MB (+0MB), Available 0MB, Peak 163MB] [cpu/s: 0.003]
20:00:45.531 [ 207433] [memory-us…ging] [B] LL_A app//memory: System [Used 5573MB, Free 82MB] Process [Footprint 159MB (-0MB), Available 0MB, Peak 163MB] [cpu/s: 0.003]
20:00:45.994 [ 205595] [normal        ] [B] LL_N xmpp//< recv < [text/ id=ACF8530B9734C25DD868C42CAF0BAA6F f=******5872@g.us p=******3669:0@lid participant_pn=<******9487@s.whatsapp.net> [enc {876b}]]
20:00:45.994 [ 205595] [normal        ] [B] LL_W ccq/queued-stanza-factory/supports-stanza/disabled type=[message]
20:00:45.995 [ 205595] [normal        ] [B] LL_A wamessagehandler//ingress/enqueue/ACF8530B9734C25DD868C42CAF0BAA6F/offline=0
20:00:45.997 [ 207433] [bgtask        ] [B] LL_A process//background-task/start/main/1638
20:00:46.096 [ 207435] [handler       ] [B] LL_A wamessagehandler//ingress/dequeue/ACF8530B9734C25DD868C42CAF0BAA6F/offline=0
20:00:46.102 [ 207435] [handler       ] [B] LL_A wamessagehandler//handle/context/process/ACF8530B9734C25DD868C42CAF0BAA6F/start
20:00:46.104 [ 207434] [handler       ] [B] LL_A wamessagehandler//handle/context/process/ACF8530B9734C25DD868C42CAF0BAA6F/end decryption-context=<decrypt_group retry_count=0 offline=0>
20:00:46.104 [ 207434] [handler       ] [B] LL_A wamessagehandler//handle/process/group/ACF8530B9734C25DD868C42CAF0BAA6F
20:00:46.104 [ 207433] [prekey        ] [B] LL_A wamessagehandler//handle/decrypt/group/start/ACF8530B9734C25DD868C42CAF0BAA6F
20:00:46.105 [ 205595] [crypto        ] [B] LL_A signal/store//batch-context/1A1603A6-56F8-4612-B15B-5466BAB3E883/decrypt-group-msg/deferredSaveCount is 1 after incrementing
20:00:46.105 [ 205595] [crypto        ] [B] LL_A signal/store//batch-context/1A1603A6-56F8-4612-B15B-5466BAB3E883/decrypt-group-msg/begin-execute
20:00:46.105 [ 205595] [NSManaged…4ea0] [B] LL_A signal/store//sender-key/fetch/WASignalAddress { d: <******3669:0@lid> ; g: ******g.us ; pq: NO ; scope: 0 }
20:00:46.108 [ 205595] [NSManaged…4ea0] [B] LL_A signal/store//sender-key/store/WASignalAddress { d: <******3669:0@lid> ; g: ******g.us ; pq: NO ; scope: 0 }
20:00:46.110 [ 205595] [NSManaged…4ea0] [B] LL_A signal/store//sender-key/store/update
20:00:46.110 [ 205595] [NSManaged…4ea0] [B] LL_A signal/store//save/skipped/deferredSaveCount is 1
20:00:46.110 [ 205595] [NSManaged…4ea0] [B] LL_A signal/store//sender-key/store/success
20:00:46.111 [ 205595] [NSManaged…4ea0] [B] LL_A signal/store//save/skipped/deferredSaveCount is 1
20:00:46.111 [ 205595] [crypto        ] [B] LL_A signal/store//batch-context/1A1603A6-56F8-4612-B15B-5466BAB3E883/decrypt-group-msg/end-execute
20:00:46.114 [ 205595] [NSManaged…4ea0] [B] LL_A storage//save/success [SignalDB in 0.00s with changes]
20:00:46.114 [ 205595] [NSManaged…4ea0] [B] LL_A signal/store//batch-context/1A1603A6-56F8-4612-B15B-5466BAB3E883/decrypt-group-msg/deferredSaveCount is 0 after decrementing
20:00:46.114 [ 205595] [crypto        ] [B] LL_A wamessagehandler//handle/decrypt/group/finished/ACF8530B9734C25DD868C42CAF0BAA6F/(null)
20:00:46.114 [ 207435] [handler       ] [B] LL_A wamessagehandler//handle/process/post-decrypt/ACF8530B9734C25DD868C42CAF0BAA6F: decryptFailure=0, duplicate=0 plaintextData=0 bytes, plaintextProtobufValid=1, botFbid=0, error=(null)
20:00:46.114 [ 207435] [handler       ] [B] LL_A wamessagehandler//egress/enqueue/ACF8530B9734C25DD868C42CAF0BAA6F/offline=0
20:00:46.215 [ 184665] [main-thread   ] [B] LL_A wamessagehandler//egress/dequeue/postprocess-start/ACF8530B9734C25DD868C42CAF0BAA6F/offline=0
20:00:46.230 [ 184665] [main-thread   ] [B] LL_E biz/unrecognized-verification-level: empty level
20:00:46.234 [ 184665] [main-thread   ] [B] LL_A messageprotobufserialization//messageID: ACF8530B9734C25DD868C42CAF0BAA6F, verifyMessageType: 1, messageType: 12, canHaveExistingMediaItem: 0
20:00:46.236 [ 184665] [main-thread   ] [B] LL_W wapbmessage+wamessage//embed-mms-thumbnail-info/missing-thumbnail-metadata: ACF8530B9734C25DD868C42CAF0BAA6F [source=thumbnail-only hasMediaKey=0 hasTimestamp=0 hasDimensions=0 hasDirectPath=0 hasSha256=0 hasEncSha256=0]
20:00:46.237 [ 184665] [main-thread   ] [B] LL_W wapbmessage+wamessage//embed-mms-favicon-thumbnail-info/missing-favicon-metadata: ACF8530B9734C25DD868C42CAF0BAA6F [source=favicon-thumbnail-only hasMediaKey=0 hasTimestamp=0 hasDimensions=0 hasDirectPath=0 hasSha256=0 hasEncSha256=0]
20:00:46.245 [ 184665] [main-thread   ] [B] LL_A wamessagehandler//handle/postprocess-finish/ACF8530B9734C25DD868C42CAF0BAA6F
20:00:46.248 [ 207433] [NSManaged…6150] [B] LL_A storage//save/success [KVStore-BackedUpKeyValue.sqlite in 0.00s with changes]
20:00:46.250 [ 184665] [main-thread   ] [B] LL_A chatstorage//save/ids/success [ChatDB in 0.00s]
20:00:46.250 [ 184665] [main-thread   ] [B] LL_A chatstorage//save/process [ChatDB in 0.00s]
20:00:46.250 [ 184665] [main-thread   ] [B] LL_A chatstorage//indexing/should index messages 0
20:00:46.252 [ 207433] [NSManaged…a970] [B] LL_A storage//save/success [KVStore-LocalKeyValue.sqlite in 0.00s with changes]
20:00:46.259 [ 184665] [main-thread   ] [B] LL_A storage//save/success [ChatDB in 0.01s with changes]
20:00:46.259 [ 184665] [main-thread   ] [B] LL_A chatstorage//save/aggregated success [ChatDB in 0.01s]
20:00:46.259 [ 184665] [main-thread   ] [B] LL_E chatsessionmanager//existingChatSessions/error: nil error
20:00:46.265 [ 184665] [main-thread   ] [B] LL_A chatsessiontransaction-groups//companion-join-dbg/companion-summary g=[<******5872@g.us>] total=[1] alreadyActive=[1] added=[0] reason=[0] addrMode=[2]
20:00:46.265 [ 184665] [main-thread   ] [B] LL_A chatsession/<******5872@g.us>/counter/610
20:00:46.266 [ 184665] [main-thread   ] [B] LL_E message//attach/thumbnail/skipped [thumbnailData: nil, jid: present, stanzaID: ACF8530B9734C25DD868C42CAF0BAA6F]
20:00:46.266 [ 184665] [main-thread   ] [B] LL_A OrphanMessageManager/deleting message addons from cql orphan store
20:00:46.267 [ 184665] [main-thread   ] [B] LL_A OrphanMessageManager/resolving orphans from cql orphan store
20:00:46.268 [ 184665] [main-thread   ] [B] LL_A chatsessiontransaction//unread [******5872@g.us; 10 -> 11]
20:00:46.271 [ 184665] [NSManaged…9860] [B] LL_A storage//save/success [AppStateStore in 0.00s with changes]
20:00:46.271 [ 184665] [main-thread   ] [B] LL_A chatstorage//save/ids/success [ChatDB in 0.00s]
20:00:46.271 [ 184665] [main-thread   ] [B] LL_A chatstorage//save/process [ChatDB in 0.00s]
20:00:46.271 [ 184665] [main-thread   ] [B] LL_A chatstorage//indexing/should index messages 1
20:00:46.274 [ 184665] [main-thread   ] [B] LL_A storage//save/success [ChatDB in 0.00s with changes]
20:00:46.274 [ 184665] [main-thread   ] [B] LL_A chatstorage-searchengine//indexing/chat-messages/start
20:00:46.274 [ 184665] [main-thread   ] [B] LL_A chatstorage//save/aggregated success [ChatDB in 0.00s]
20:00:46.276 [ 184665] [main-thread   ] [B] LL_A notification-center//mainapp-notif/identifier=[qAq1-fnxfpHDnmiJfQY-nIaIfKKD1-Emc38OZMuZfIc]/messageID.uniqueKey=[<******5872@g.us>_ACF8530B9734C25DD868C42CAF0BAA6F_0_<******3669@lid>]/messageID.remoteChatJID=[******5872@g.us]/messageID.stanzaID=[ACF8530B9734C25DD868C42CAF0BAA6F]/messageID.participantJID=[******3669@lid]/messageID.fromMe=[0]/displayStatus=[2]
20:00:46.277 [ 184665] [main-thread   ] [B] LL_A notification-center//show-local-notification/qAq1-fnxfpHDnmiJfQY-nIaIfKKD1-Emc38OZMuZfIc
20:00:46.277 [ 184665] [main-thread   ] [B] LL_E wamessage+bot/missing-rich-response-data
LL_S <
2026-09-22 20:00:46.279 WhatsApp[4484:207430] Cannot create shortcut from intent (<INIntent: 0x600000b254d0> {
}) because it has no valid parameter combinations
LL_S >
20:00:46.286 [ 184665] [main-thread   ] [B] LL_W chatsession/missing-contact-identifier
20:00:46.292 [ 184665] [main-thread   ] [B] LL_A notification-scheduler//prepare-hq-thumbnail/isGrapevineInstalled:0
20:00:46.292 [ 184665] [main-thread   ] [B] LL_A notification-scheduler//prepare-hq-thumbnail/no-merge/ACF8530B9734C25DD868C42CAF0BAA6F
20:00:46.292 [ 184665] [main-thread   ] [B] LL_A notification-scheduler//prepare-hq-thumbnail/update-notification-content-for-communication/ACF8530B9734C25DD868C42CAF0BAA6F
20:00:46.294 [ 184665] [NSManaged…9860] [B] LL_A storage//save/success [AppStateStore in 0.00s with changes]
20:00:46.295 [ 184665] [main-thread   ] [B] LL_A wamessagehandler//handle/chat-storage-processing-finished/ACF8530B9734C25DD868C42CAF0BAA6F: accepted=1
20:00:46.296 [ 184665] [main-thread   ] [B] LL_A xmpp/main//incoming-message/acked/ACF8530B9734C25DD868C42CAF0BAA6F
20:00:46.297 [ 207430] [normal        ] [B] LL_N stream//> send > [receipt/delivery t=******5872@g.us p=******3669:0@lid id=ACF8530B9734C25DD868C42CAF0BAA6F]
20:00:46.297 [ 184665] [main-thread   ] [B] LL_A task-manager//task-queue/schedule-task task=<WABlockTask: 0x6000036e9e00 [index-messages]> task-manager=<WATaskManager: 0x600001724100>, queue=<WATaskQueue: 0x600001254af0> existingTask=0, tasksArrayCount=68
20:00:46.297 [ 184665] [main-thread   ] [B] LL_A task-manager//task-queue/schedule-task task=<WABlockTask: 0x6000036e9e00 [index-messages]> task-manager=<WATaskManager: 0x600001724100>, queue=<WATaskQueue: 0x600001254b60> existingTask=0, tasksArrayCount=1
20:00:46.297 [ 184665] [main-thread   ] [B] LL_A chatstorage-searchengine//indexing/chat-messages/task-scheduled task = <WABlockTask: 0x6000036e9e00 [index-messages]>
20:00:46.297 [ 184665] [main-thread   ] [B] LL_A badge-controller/2 BadgeController/didReceiveVisibleMessage(ACF8530B9734C25DD868C42CAF0BAA6F)
20:00:46.298 [ 184665] [main-thread   ] [B] LL_A badge-data-source/local-unread-count/messages: [2], missed-calls: [0], nse-messages: [0]
20:00:46.298 [ 207434] [NSManaged…a970] [B] LL_A storage//save/success [KVStore-LocalKeyValue.sqlite in 0.00s with changes]
20:00:46.299 [ 184665] [main-thread   ] [B] LL_A badge-state-machine/Handled badge change [handleReceivedVisibleMessage (ACF8530B9734C25DD868C42CAF0BAA6F)]: 1 -> 2
20:00:46.299 [ 184665] [main-thread   ] [B] LL_A notification-scheduler//local-notification/posted/qAq1-fnxfpHDnmiJfQY-nIaIfKKD1-Emc38OZMuZfIc
20:00:46.301 [ 205595] [NSManaged…a970] [B] LL_A storage//save/success [KVStore-LocalKeyValue.sqlite in 0.00s with changes]
20:00:46.312 [ 205595] [NSManaged…a970] [B] LL_A storage//save/success [KVStore-LocalKeyValue.sqlite in 0.00s with changes]
20:00:48.530 [ 207646] [memory-us…ging] [B] LL_A app//memory: System [Used 5588MB, Free 71MB] Process [Footprint 159MB (+0MB), Available 0MB, Peak 163MB] [cpu/s: 0.052]
20:00:49.298 [ 207646] [bgtask        ] [B] LL_A process//background-task/end/main/1638
20:00:51.530 [ 207652] [memory-us…ging] [B] LL_A app//memory: System [Used 5622MB, Free 64MB] Process [Footprint 159MB (-0MB), Available 0MB, Peak 163MB] [cpu/s: 0.004]
20:00:54.530 [ 207651] [memory-us…ging] [B] LL_A app//memory: System [Used 5640MB, Free 75MB] Process [Footprint 159MB (+0MB), Available 0MB, Peak 163MB] [cpu/s: 0.003]
20:00:57.531 [ 207652] [memory-us…ging] [B] LL_A app//memory: System [Used 5649MB, Free 68MB] Process [Footprint 159MB (+0MB), Available 0MB, Peak 163MB] [cpu/s: 0.003]
20:01:00.530 [ 207652] [memory-us…ging] [B] LL_A app//memory: System [Used 5656MB, Free 61MB] Process [Footprint 159MB (-0MB), Available 0MB, Peak 163MB] [cpu/s: 0.003]
20:01:03.530 [ 207652] [memory-us…ging] [B] LL_A app//memory: System [Used 5656MB, Free 63MB] Process [Footprint 159MB (-0MB), Available 0MB, Peak 163MB] [cpu/s: 0.003]
20:01:05.994 [ 207652] [normal        ] [B] LL_N stream//idle
20:01:05.994 [ 207652] [normal        ] [B] LL_A ccq/connection/cancel-stanza-processing/skip-resources-released
20:01:06.530 [ 207653] [memory-us…ging] [B] LL_A app//memory: System [Used 5656MB, Free 65MB] Process [Footprint 159MB (0MB), Available 0MB, Peak 163MB] [cpu/s: 0.003]
20:01:09.530 [ 207653] [memory-us…ging] [B] LL_A app//memory: System [Used 5658MB, Free 60MB] Process [Footprint 159MB (-0MB), Available 0MB, Peak 163MB] [cpu/s: 0.003]
20:01:12.107 [ 207435] [addressbook   ] [B] LL_A syncmanager//usync/scheduled-full/check c:[(null)] d:[2026-09-22 15:14:14 +0000] dm:[2026-09-22 15:14:14 +0000] sl:[(null)] b:[2026-09-22 15:14:14 +0000] s:[2026-09-22 15:14:14 +0000]
20:01:12.107 [ 207435] [addressbook   ] [B] LL_A syncmanager//usync/scheduled-full/run/background
20:01:12.110 [ 207435] [addressbook   ] [B] LL_A syncmanager//usync/unisync/begin
20:01:12.111 [ 207435] [addressbook   ] [B] LL_A syncmanager//usync/prepare-list/Full items=[0] deleted=[0]
20:01:12.137 [ 207435] [addressbook   ] [B] LL_A syncmanager//usync/prepare-sidelist/Full items=[62]
20:01:12.139 [ 207435] [addressbook   ] [B] LL_A syncmanager//usync/contacts/backoff is nil or before now:[nil]
20:01:12.139 [ 207435] [addressbook   ] [B] LL_A syncmanager//usync/contacts/nextScheduledFullSyncDate is:[(null)]
20:01:12.139 [ 207435] [addressbook   ] [B] LL_A syncmanager//usync/contacts/isCompanionDevice
20:01:12.139 [ 207435] [addressbook   ] [B] LL_A syncmanager//usync/contacts/isContactSyncEnabled:[NO]
20:01:12.139 [ 207435] [addressbook   ] [B] LL_A syncmanager//usync/unisync/nc/allowMutation: 1, mode: 3, orion_usync_allow_mutation_attribute:1 
20:01:12.161 [ 207435] [addressbook   ] [B] LL_A syncmanager//usync/unisync/start/Background/Full list=[0] sidelist=[62]
20:01:12.161 [ 207435] [addressbook   ] [B] LL_A sync-session//usync/request/start/ cl:n dl:n dm:n pl:n sl:n st:n bz:n lid:n un=[n] ts:n cl=[0] sl=[0]
20:01:12.161 [ 207653] [normal        ] [B] LL_E sync-session//usync/request/all protocols off
20:01:12.161 [ 184665] [main-thread   ] [B] LL_A syncmanager//usync/unisync/finished time=[0.000]
20:01:12.162 [ 207435] [addressbook   ] [B] LL_A syncmanager//usync/usync/skipped/already in progress
20:01:12.164 [ 184665] [main-thread   ] [B] LL_A chat-mgr//syncmanager/usync/delegate/sync-finished result=[Success] reason=[None] deleletedContacts=[0]
20:01:12.164 [ 207435] [addressbook   ] [B] LL_A chat-mgr//refresh-chats/started
20:01:12.164 [ 207435] [addressbook   ] [B] LL_A chat-mgr//refresh-chats/finished time=[0.000]
20:01:12.173 [ 207652] [NSManaged…f260] [B] LL_W chatsession/missing-contact-identifier
20:01:12.205 [ 184665] [main-thread   ] [B] LL_A storage//save/background/done [ChatDB in 0.00s with no changes from 'NSManagedObjectContext 0x60000020f260']
20:01:12.205 [ 184665] [main-thread   ] [B] LL_A chat-mgr//refresh-chats/merged-changes
20:01:12.529 [ 207435] [memory-us…ging] [B] LL_A app//memory: System [Used 5665MB, Free 55MB] Process [Footprint 159MB (-0MB), Available 0MB, Peak 163MB] [cpu/s: 0.036]
20:01:15.529 [ 207435] [memory-us…ging] [B] LL_A app//memory: System [Used 5670MB, Free 51MB] Process [Footprint 159MB (0MB), Available 0MB, Peak 163MB] [cpu/s: 0.003]
20:01:18.529 [ 207435] [memory-us…ging] [B] LL_A app//memory: System [Used 5674MB, Free 47MB] Process [Footprint 157MB (-1MB), Available 0MB, Peak 163MB] [cpu/s: 0.004]
20:01:21.528 [ 207652] [memory-us…ging] [B] LL_A app//memory: System [Used 5650MB, Free 69MB] Process [Footprint 157MB (+0MB), Available 0MB, Peak 163MB] [cpu/s: 0.002]
20:01:24.528 [ 207652] [memory-us…ging] [B] LL_A app//memory: System [Used 5656MB, Free 64MB] Process [Footprint 157MB (0MB), Available 0MB, Peak 163MB] [cpu/s: 0.002]
20:01:27.529 [ 207653] [memory-us…ging] [B] LL_A app//memory: System [Used 5630MB, Free 89MB] Process [Footprint 157MB (+0MB), Available 0MB, Peak 163MB] [cpu/s: 0.004]
20:01:30.528 [ 207805] [memory-us…ging] [B] LL_A app//memory: System [Used 5621MB, Free 103MB] Process [Footprint 157MB (-0MB), Available 0MB, Peak 163MB] [cpu/s: 0.003]
20:01:33.528 [ 207805] [memory-us…ging] [B] LL_A app//memory: System [Used 5601MB, Free 78MB] Process [Footprint 157MB (+0MB), Available 0MB, Peak 163MB] [cpu/s: 0.002]
20:01:36.528 [ 207653] [memory-us…ging] [B] LL_A app//memory: System [Used 5593MB, Free 88MB] Process [Footprint 157MB (0MB), Available 0MB, Peak 163MB] [cpu/s: 0.002]
20:01:39.527 [ 207653] [memory-us…ging] [B] LL_A app//memory: System [Used 5565MB, Free 120MB] Process [Footprint 157MB (+0MB), Available 0MB, Peak 163MB] [cpu/s: 0.003]
20:01:42.528 [ 207653] [memory-us…ging] [B] LL_A app//memory: System [Used 5598MB, Free 88MB] Process [Footprint 157MB (0MB), Available 0MB, Peak 163MB] [cpu/s: 0.003]
20:01:45.528 [ 207805] [memory-us…ging] [B] LL_A app//memory: System [Used 5630MB, Free 59MB] Process [Footprint 157MB (-0MB), Available 0MB, Peak 163MB] [cpu/s: 0.002]
20:01:48.527 [ 207435] [memory-us…ging] [B] LL_A app//memory: System [Used 5610MB, Free 82MB] Process [Footprint 157MB (0MB), Available 0MB, Peak 163MB] [cpu/s: 0.002]
20:01:51.527 [ 207653] [memory-us…ging] [B] LL_A app//memory: System [Used 5606MB, Free 89MB] Process [Footprint 157MB (-0MB), Available 0MB, Peak 163MB] [cpu/s: 0.004]
20:01:54.526 [ 207435] [memory-us…ging] [B] LL_A app//memory: System [Used 5612MB, Free 104MB] Process [Footprint 157MB (0MB), Available 0MB, Peak 163MB] [cpu/s: 0.002]
20:01:57.526 [ 207805] [memory-us…ging] [B] LL_A app//memory: System [Used 5604MB, Free 114MB] Process [Footprint 157MB (0MB), Available 0MB, Peak 163MB] [cpu/s: 0.003]
20:02:00.527 [ 207805] [memory-us…ging] [B] LL_A app//memory: System [Used 5597MB, Free 121MB] Process [Footprint 157MB (0MB), Available 0MB, Peak 163MB] [cpu/s: 0.002]
20:02:03.526 [ 207805] [memory-us…ging] [B] LL_A app//memory: System [Used 5601MB, Free 117MB] Process [Footprint 157MB (0MB), Available 0MB, Peak 163MB] [cpu/s: 0.002]
20:02:06.526 [ 207435] [memory-us…ging] [B] LL_A app//memory: System [Used 5679MB, Free 40MB] Process [Footprint 157MB (0MB), Available 0MB, Peak 163MB] [cpu/s: 0.002]
20:02:09.526 [ 207805] [memory-us…ging] [B] LL_A app//memory: System [Used 5653MB, Free 52MB] Process [Footprint 157MB (+0MB), Available 0MB, Peak 163MB] [cpu/s: 0.002]
20:02:12.102 [ 207653] [addressbook   ] [B] LL_A syncmanager//usync/scheduled-full/check c:[(null)] d:[2026-09-22 15:14:14 +0000] dm:[2026-09-22 15:14:14 +0000] sl:[(null)] b:[2026-09-22 15:14:14 +0000] s:[2026-09-22 15:14:14 +0000]
20:02:12.102 [ 207653] [addressbook   ] [B] LL_A syncmanager//usync/scheduled-full/run/background
20:02:12.104 [ 207653] [addressbook   ] [B] LL_A syncmanager//usync/unisync/begin
20:02:12.104 [ 207653] [addressbook   ] [B] LL_A syncmanager//usync/prepare-list/Full items=[0] deleted=[0]
20:02:12.128 [ 207653] [addressbook   ] [B] LL_A syncmanager//usync/prepare-sidelist/Full items=[62]
20:02:12.129 [ 207653] [addressbook   ] [B] LL_A syncmanager//usync/contacts/backoff is nil or before now:[nil]
20:02:12.130 [ 207653] [addressbook   ] [B] LL_A syncmanager//usync/contacts/nextScheduledFullSyncDate is:[(null)]
20:02:12.130 [ 207653] [addressbook   ] [B] LL_A syncmanager//usync/contacts/isCompanionDevice
20:02:12.130 [ 207653] [addressbook   ] [B] LL_A syncmanager//usync/contacts/isContactSyncEnabled:[NO]
20:02:12.130 [ 207653] [addressbook   ] [B] LL_A syncmanager//usync/unisync/nc/allowMutation: 1, mode: 3, orion_usync_allow_mutation_attribute:1 
20:02:12.151 [ 207653] [addressbook   ] [B] LL_A syncmanager//usync/unisync/start/Background/Full list=[0] sidelist=[62]
20:02:12.151 [ 207653] [addressbook   ] [B] LL_A sync-session//usync/request/start/ cl:n dl:n dm:n pl:n sl:n st:n bz:n lid:n un=[n] ts:n cl=[0] sl=[0]
20:02:12.151 [ 207435] [normal        ] [B] LL_E sync-session//usync/request/all protocols off
20:02:12.151 [ 184665] [main-thread   ] [B] LL_A syncmanager//usync/unisync/finished time=[0.000]
20:02:12.153 [ 207653] [addressbook   ] [B] LL_A syncmanager//usync/usync/skipped/already in progress
20:02:12.156 [ 184665] [main-thread   ] [B] LL_A chat-mgr//syncmanager/usync/delegate/sync-finished result=[Success] reason=[None] deleletedContacts=[0]
20:02:12.156 [ 207653] [addressbook   ] [B] LL_A chat-mgr//refresh-chats/started
20:02:12.156 [ 207653] [addressbook   ] [B] LL_A chat-mgr//refresh-chats/finished time=[0.000]
20:02:12.166 [ 207435] [NSManaged…f260] [B] LL_W chatsession/missing-contact-identifier
20:02:12.205 [ 184665] [main-thread   ] [B] LL_A storage//save/background/done [ChatDB in 0.00s with no changes from 'NSManagedObjectContext 0x60000020f260']
20:02:12.205 [ 184665] [main-thread   ] [B] LL_A chat-mgr//refresh-chats/merged-changes
20:02:12.526 [ 207805] [memory-us…ging] [B] LL_A app//memory: System [Used 5609MB, Free 68MB] Process [Footprint 158MB (+0MB), Available 0MB, Peak 163MB] [cpu/s: 0.040]
20:02:15.526 [ 207805] [memory-us…ging] [B] LL_A app//memory: System [Used 5525MB, Free 126MB] Process [Footprint 157MB (-0MB), Available 0MB, Peak 163MB] [cpu/s: 0.004]
20:02:16.529 [ 207653] [normal        ] [B] LL_E [WAMSYS] _WCCConnectionDefaultReceivePingIq [Line 2915] [LogLevel:I] connection/server_ping/ack
20:02:18.525 [ 207805] [memory-us…ging] [B] LL_A app//memory: System [Used 5571MB, Free 82MB] Process [Footprint 157MB (-0MB), Available 0MB, Peak 163MB] [cpu/s: 0.002]
20:02:21.525 [ 207808] [memory-us…ging] [B] LL_A app//memory: System [Used 5612MB, Free 43MB] Process [Footprint 157MB (+0MB), Available 0MB, Peak 163MB] [cpu/s: 0.003]
20:02:24.525 [ 207808] [memory-us…ging] [B] LL_A app//memory: System [Used 5603MB, Free 54MB] Process [Footprint 157MB (0MB), Available 0MB, Peak 163MB] [cpu/s: 0.003]
20:02:27.525 [ 207805] [memory-us…ging] [B] LL_A app//memory: System [Used 5581MB, Free 83MB] Process [Footprint 157MB (0MB), Available 0MB, Peak 163MB] [cpu/s: 0.004]
20:02:30.525 [ 207805] [memory-us…ging] [B] LL_A app//memory: System [Used 5551MB, Free 114MB] Process [Footprint 157MB (-0MB), Available 0MB, Peak 163MB] [cpu/s: 0.003]
20:02:33.525 [ 207805] [memory-us…ging] [B] LL_A app//memory: System [Used 5561MB, Free 107MB] Process [Footprint 157MB (0MB), Available 0MB, Peak 163MB] [cpu/s: 0.003]
20:02:36.525 [ 207808] [memory-us…ging] [B] LL_A app//memory: System [Used 5557MB, Free 113MB] Process [Footprint 157MB (-0MB), Available 0MB, Peak 163MB] [cpu/s: 0.003]
20:02:36.529 [ 207808] [normal        ] [B] LL_N stream//idle
20:02:36.529 [ 207808] [normal        ] [B] LL_A ccq/connection/cancel-stanza-processing/skip-resources-released
20:02:39.524 [ 207805] [memory-us…ging] [B] LL_A app//memory: System [Used 5557MB, Free 114MB] Process [Footprint 157MB (0MB), Available 0MB, Peak 163MB] [cpu/s: 0.003]
20:02:42.524 [ 207805] [memory-us…ging] [B] LL_A app//memory: System [Used 5562MB, Free 111MB] Process [Footprint 157MB (-0MB), Available 0MB, Peak 163MB] [cpu/s: 0.004]
20:02:45.523 [ 207805] [memory-us…ging] [B] LL_A app//memory: System [Used 5564MB, Free 110MB] Process [Footprint 157MB (0MB), Available 0MB, Peak 163MB] [cpu/s: 0.003]
20:02:48.524 [ 207805] [memory-us…ging] [B] LL_A app//memory: System [Used 5568MB, Free 104MB] Process [Footprint 157MB (0MB), Available 0MB, Peak 163MB] [cpu/s: 0.003]
20:02:51.524 [ 207805] [memory-us…ging] [B] LL_A app//memory: System [Used 5571MB, Free 101MB] Process [Footprint 157MB (0MB), Available 0MB, Peak 163MB] [cpu/s: 0.003]
20:02:54.749 [ 207808] [memory-us…ging] [B] LL_A app//memory: System [Used 5594MB, Free 101MB] Process [Footprint 157MB (0MB), Available 0MB, Peak 163MB] [cpu/s: 0.002]
20:02:57.523 [ 207435] [memory-us…ging] [B] LL_A app//memory: System [Used 5587MB, Free 111MB] Process [Footprint 157MB (0MB), Available 0MB, Peak 163MB] [cpu/s: 0.003]
20:03:00.523 [ 207435] [memory-us…ging] [B] LL_A app//memory: System [Used 5605MB, Free 98MB] Process [Footprint 157MB (0MB), Available 0MB, Peak 163MB] [cpu/s: 0.003]
20:03:02.406 [ 207808] [normal        ] [B] LL_N xmpp//< recv < [media/ id=AC753BDDE84411D54CE68EA7C5D659E2 f=******atus@broadcast p=******8103:0@lid participant_pn=<******6588@s.whatsapp.net> [enc {7212b}]]
20:03:02.407 [ 207808] [normal        ] [B] LL_W ccq/queued-stanza-factory/supports-stanza/disabled type=[message]
20:03:02.408 [ 207808] [normal        ] [B] LL_A wamessagehandler//ingress/enqueue/AC753BDDE84411D54CE68EA7C5D659E2/offline=0
20:03:02.410 [ 207805] [bgtask        ] [B] LL_A process//background-task/start/main/1681
20:03:02.509 [ 207807] [handler       ] [B] LL_A wamessagehandler//ingress/dequeue/AC753BDDE84411D54CE68EA7C5D659E2/offline=0
20:03:02.516 [ 207807] [handler       ] [B] LL_A wamessagehandler//handle/context/process/AC753BDDE84411D54CE68EA7C5D659E2/start
20:03:02.519 [ 207808] [handler       ] [B] LL_A wamessagehandler//handle/context/process/AC753BDDE84411D54CE68EA7C5D659E2/end decryption-context=<decrypt_group retry_count=0 offline=0>
20:03:02.520 [ 207808] [handler       ] [B] LL_A wamessagehandler//handle/process/group/AC753BDDE84411D54CE68EA7C5D659E2
20:03:02.520 [ 207807] [prekey        ] [B] LL_A wamessagehandler//handle/decrypt/group/start/AC753BDDE84411D54CE68EA7C5D659E2
20:03:02.520 [ 207805] [crypto        ] [B] LL_A signal/store//batch-context/A822F43F-8555-41B5-B038-5145D1ED75C7/decrypt-group-msg/deferredSaveCount is 1 after incrementing
20:03:02.520 [ 207805] [crypto        ] [B] LL_A signal/store//batch-context/A822F43F-8555-41B5-B038-5145D1ED75C7/decrypt-group-msg/begin-execute
20:03:02.521 [ 207805] [NSManaged…4ea0] [B] LL_A signal/store//sender-key/fetch/WASignalAddress { d: <******8103:0@lid> ; g: ******cast ; pq: NO ; scope: 0 }
20:03:02.526 [ 207805] [NSManaged…4ea0] [B] LL_A signal/store//sender-key/store/WASignalAddress { d: <******8103:0@lid> ; g: ******cast ; pq: NO ; scope: 0 }
20:03:02.527 [ 207805] [NSManaged…4ea0] [B] LL_A signal/store//sender-key/store/update
20:03:02.527 [ 207805] [NSManaged…4ea0] [B] LL_A signal/store//save/skipped/deferredSaveCount is 1
20:03:02.527 [ 207805] [NSManaged…4ea0] [B] LL_A signal/store//sender-key/store/success
20:03:02.529 [ 207805] [NSManaged…4ea0] [B] LL_A signal/store//save/skipped/deferredSaveCount is 1
20:03:02.529 [ 207805] [crypto        ] [B] LL_A signal/store//batch-context/A822F43F-8555-41B5-B038-5145D1ED75C7/decrypt-group-msg/end-execute
20:03:02.532 [ 207805] [NSManaged…4ea0] [B] LL_A storage//save/success [SignalDB in 0.00s with changes]
20:03:02.532 [ 207805] [NSManaged…4ea0] [B] LL_A signal/store//batch-context/A822F43F-8555-41B5-B038-5145D1ED75C7/decrypt-group-msg/deferredSaveCount is 0 after decrementing
20:03:02.532 [ 207805] [crypto        ] [B] LL_A wamessagehandler//handle/decrypt/group/finished/AC753BDDE84411D54CE68EA7C5D659E2/(null)
20:03:02.532 [ 207806] [handler       ] [B] LL_A wamessagehandler//handle/process/post-decrypt/AC753BDDE84411D54CE68EA7C5D659E2: decryptFailure=0, duplicate=0 plaintextData=0 bytes, plaintextProtobufValid=1, botFbid=0, error=(null)
20:03:02.532 [ 207806] [handler       ] [B] LL_A wamessagehandler//egress/enqueue/AC753BDDE84411D54CE68EA7C5D659E2/offline=0
20:03:02.634 [ 184665] [main-thread   ] [B] LL_A wamessagehandler//egress/dequeue/postprocess-start/AC753BDDE84411D54CE68EA7C5D659E2/offline=0
20:03:02.652 [ 184665] [main-thread   ] [B] LL_E biz/unrecognized-verification-level: empty level
20:03:02.657 [ 184665] [main-thread   ] [B] LL_A messageprotobufserialization//messageID: AC753BDDE84411D54CE68EA7C5D659E2, verifyMessageType: 1, messageType: 12, canHaveExistingMediaItem: 0
20:03:02.663 [ 207805] [NSManaged…a970] [B] LL_A storage//save/success [KVStore-LocalKeyValue.sqlite in 0.00s with changes]
20:03:02.667 [ 184665] [main-thread   ] [B] LL_A wamessagehandler//handle/postprocess-finish/AC753BDDE84411D54CE68EA7C5D659E2
20:03:02.668 [ 207807] [mms (QOS:…TED)] [B] LL_A mms-session//conn-info/route-request/fetching
20:03:02.671 [ 184665] [main-thread   ] [B] LL_A chatstorage//save/ids/success [ChatDB in 0.00s]
20:03:02.671 [ 184665] [main-thread   ] [B] LL_A chatstorage//save/process [ChatDB in 0.00s]
20:03:02.671 [ 184665] [main-thread   ] [B] LL_A chatstorage//indexing/should index messages 0
20:03:02.673 [ 207805] [NSManaged…6150] [B] LL_A storage//save/success [KVStore-BackedUpKeyValue.sqlite in 0.00s with changes]
20:03:02.676 [ 207805] [NSManaged…a970] [B] LL_A storage//save/success [KVStore-LocalKeyValue.sqlite in 0.00s with changes]
20:03:02.680 [ 184665] [main-thread   ] [B] LL_A storage//save/success [ChatDB in 0.01s with changes]
20:03:02.680 [ 184665] [main-thread   ] [B] LL_A chatstorage//save/aggregated success [ChatDB in 0.01s]
20:03:02.680 [ 184665] [main-thread   ] [B] LL_E chatsessionmanager//existingChatSessions/error: nil error
20:03:02.682 [ 184665] [main-thread   ] [B] LL_A chatsession/<******6588@status>/counter/32
20:03:02.684 [ 184665] [main-thread   ] [B] LL_A OrphanMessageManager/deleting message addons from cql orphan store
20:03:02.685 [ 184665] [main-thread   ] [B] LL_A OrphanMessageManager/resolving orphans from cql orphan store
20:03:02.688 [ 184665] [main-thread   ] [B] LL_A chatsessiontransaction//unread [******6588@status; 0 -> 1]
20:03:02.691 [ 184665] [NSManaged…9860] [B] LL_A storage//save/success [AppStateStore in 0.00s with changes]
20:03:02.691 [ 184665] [main-thread   ] [B] LL_A chatstorage//save/ids/success [ChatDB in 0.00s]
20:03:02.691 [ 184665] [main-thread   ] [B] LL_A chatstorage//save/process [ChatDB in 0.00s]
20:03:02.691 [ 184665] [main-thread   ] [B] LL_A chatstorage//indexing/should index messages 1
20:03:02.695 [ 184665] [main-thread   ] [B] LL_A storage//save/success [ChatDB in 0.00s with changes]
20:03:02.696 [ 184665] [main-thread   ] [B] LL_A chatstorage-searchengine//indexing/chat-messages/start
20:03:02.696 [ 184665] [main-thread   ] [B] LL_A chatstorage//save/aggregated success [ChatDB in 0.00s]
20:03:02.697 [ 184665] [main-thread   ] [B] LL_A chatstorage/status//badge/boundary [2026-09-22 13:03:01 +0000]
20:03:02.699 [ 184665] [NSManaged…9860] [B] LL_A storage//save/success [AppStateStore in 0.00s with changes]
20:03:02.701 [ 207805] [v4            ] [B] LL_A media-download-operation//phase-preflight/3kgwOcLx1cm8L2Mm1n7n2OB/B9WI4gRwnt4s41vwR8g=
20:03:02.701 [ 207805] [v4            ] [B] LL_A media-download-operation//phase-downloading/3kgwOcLx1cm8L2Mm1n7n2OB/B9WI4gRwnt4s41vwR8g=
20:03:02.701 [ 207805] [mms (QOS:…TED)] [B] LL_A mms-session//task-endpoint-request/exists
20:03:02.701 [ 207805] [mms (QOS:…TED)] [B] LL_A mms-base-task//resume/endpoints fetch response/download-task[3kgwOcLx1cm8L2Mm1n7n2OB_B9WI4gRwnt4s41vwR8g=]/{0, *}/cellular:1
20:03:02.701 [ 207805] [mms (QOS:…TED)] [B] LL_A mms-base-task//resume/direct path//v/t62.36147-24/815094919_2797496657289894_4240368564361859159_n.enc?ccb=11-4&oh=01_Q5Aa5gFcbsScmJpPUGqvsyKlUUnuJEN1Ip3raXfCvDaR7nEEAA&oe=6ADA0135&_nc_sid=5e03e0/download-task[3kgwOcLx1cm8L2Mm1n7n2OB_B9WI4gRwnt4s41vwR8g=]/{0, *}/cellular:1
20:03:02.701 [ 184665] [main-thread   ] [B] LL_A media-downloader//download/<******atus@broadcast>_AC753BDDE84411D54CE68EA7C5D659E2_0_<******6588@s.whatsapp.net>/check: 2/reason: 0
20:03:02.701 [ 184665] [main-thread   ] [B] LL_A media-downloader//download/<******atus@broadcast>_AC753BDDE84411D54CE68EA7C5D659E2_0_<******6588@s.whatsapp.net>/will auto-download now
20:03:02.701 [ 184665] [main-thread   ] [B] LL_A media-downloader//autodownload/add/<******atus@broadcast>_AC753BDDE84411D54CE68EA7C5D659E2_0_<******6588@s.whatsapp.net>/save-to-kvs: 1
20:03:02.701 [ 207805] [mms (QOS:…TED)] [B] LL_A mms-base-task//resume/download-task[3kgwOcLx1cm8L2Mm1n7n2OB_B9WI4gRwnt4s41vwR8g=]/{0, *}/cellular:1
20:03:02.701 [ 207805] [mms (QOS:…TED)] [B] LL_A download-task//create/download-task[3kgwOcLx1cm8L2Mm1n7n2OB_B9WI4gRwnt4s41vwR8g=]/{0, *}/cellular:1
20:03:02.701 [ 184665] [main-thread   ] [B] LL_A media-downloader//queue-media-download/<******atus@broadcast>_AC753BDDE84411D54CE68EA7C5D659E2_0_<******6588@s.whatsapp.net>/queued (downloads queued: 2)
20:03:02.701 [ 207805] [mms (QOS:…TED)] [B] LL_A download-task//create/download-task[3kgwOcLx1cm8L2Mm1n7n2OB_B9WI4gRwnt4s41vwR8g=]/{0, *}/cellular:1/regular
20:03:02.701 [ 184665] [main-thread   ] [B] LL_A media-downloader//enqueue-download/message/AC753BDDE84411D54CE68EA7C5D659E2 [https://mmg.whatsapp.net/v/t62.7161-24/814872236_1296138045866979_3575783459556756149_n.enc?ccb=11-4&oh=01_Q5Aa5gFtZECyqedgsOdSQxIHRjr2QpiZAwGYuPaTaIt3KLjCkA&oe=6AD9E0A1&_nc_sid=5e03e0&mms3=true] U5vTWOIgL2k737NhctZ/d3h0jwQ3GaT8F/iU/WhC86k=
20:03:02.702 [ 184665] [main-thread   ] [B] LL_A chat/media/link/not-possible [AC753BDDE84411D54CE68EA7C5D659E2]
20:03:02.702 [ 184665] [main-thread   ] [B] LL_A regular-media-downloader//favicon-download/no favicon to download
LL_S <
2026-09-22 20:03:02.701 WhatsApp[4484:207805] Cannot create shortcut from intent (<INIntent: 0x600000b7e9a0> {
}) because it has no valid parameter combinations
LL_S >
20:03:02.702 [ 184665] [main-thread   ] [B] LL_A wamessagehandler//handle/chat-storage-processing-finished/AC753BDDE84411D54CE68EA7C5D659E2: accepted=1
20:03:02.703 [ 207806] [NSManaged…a970] [B] LL_A storage//save/success [KVStore-LocalKeyValue.sqlite in 0.00s with changes]
20:03:02.703 [ 184665] [main-thread   ] [B] LL_A xmpp/main//incoming-message/acked/AC753BDDE84411D54CE68EA7C5D659E2
20:03:02.703 [ 207805] [normal        ] [B] LL_N stream//> send > [receipt/delivery t=******atus@broadcast p=******8103:0@lid id=AC753BDDE84411D54CE68EA7C5D659E2]
20:03:02.704 [ 184665] [main-thread   ] [B] LL_A task-manager//task-queue/schedule-task task=<WABlockTask: 0x6000036e9e00 [index-messages]> task-manager=<WATaskManager: 0x600001724100>, queue=<WATaskQueue: 0x600001254af0> existingTask=0, tasksArrayCount=68
20:03:02.704 [ 184665] [main-thread   ] [B] LL_A task-manager//task-queue/schedule-task task=<WABlockTask: 0x6000036e9e00 [index-messages]> task-manager=<WATaskManager: 0x600001724100>, queue=<WATaskQueue: 0x600001254b60> existingTask=0, tasksArrayCount=1
20:03:02.704 [ 184665] [main-thread   ] [B] LL_A chatstorage-searchengine//indexing/chat-messages/task-scheduled task = <WABlockTask: 0x6000036e9e00 [index-messages]>
20:03:02.704 [ 209233] [normal        ] [B] LL_N stream//> send > [iq/set ns=w:m t=s.whatsapp.net id=1790079492-34]
20:03:02.704 [ 207807] [NSManaged…a970] [B] LL_A storage//save/success [KVStore-LocalKeyValue.sqlite in 0.00s with changes]
20:03:02.704 [ 207807] [streaming…ader] [B] LL_A streaming/mgr//add-loader/AutoDownload/count=1/task-mgr[72B47C]{}
20:03:02.704 [ 207807] [streaming…ader] [B] LL_A streaming//auto-download/task-mgr[72B47C]{}
20:03:02.704 [ 207807] [streaming…ader] [B] LL_A streaming/task-mgr//open/task-mgr[72B47C]{}
20:03:02.704 [ 207807] [streaming…ader] [B] LL_A streaming/task-mgr//fill-next-gap/task-mgr[72B47C]{}
20:03:02.705 [ 207807] [streaming…ader] [B] LL_A streaming/task-mgr//create-request/add-task/task-mgr[72B47C]{}/task[061E1D][cellular=0][range={0, *}][left=*][retries=0]/request[53F39F][cellular=0][range={0, *}][type=4]
20:03:02.705 [ 207807] [streaming…ader] [B] LL_A streaming/task//resume: task[061E1D][cellular=0][range={0, *}][left=*][retries=0]
20:03:02.705 [ 207807] [streaming…ader] [B] LL_A streaming/task//resume: task[061E1D][cellular=0][range={0, *}][left=*][retries=0]/range: {0, *}
20:03:02.705 [ 207435] [mms (QOS:…TED)] [B] LL_A mms-session//task-endpoint-request/exists
20:03:02.705 [ 207435] [mms (QOS:…TED)] [B] LL_A mms-base-task//resume/endpoints fetch response/download-task[U5vTWOIgL2k737NhctZ_d3h0jwQ3GaT8F_iU_WhC86k=]/{0, *}/cellular:0
20:03:02.705 [ 207435] [mms (QOS:…TED)] [B] LL_A mms-base-task//resume/direct path//v/t62.7161-24/814872236_1296138045866979_3575783459556756149_n.enc?ccb=11-4&oh=01_Q5Aa5gFtZECyqedgsOdSQxIHRjr2QpiZAwGYuPaTaIt3KLjCkA&oe=6AD9E0A1&_nc_sid=5e03e0/download-task[U5vTWOIgL2k737NhctZ_d3h0jwQ3GaT8F_iU_WhC86k=]/{0, *}/cellular:0
20:03:02.705 [ 207435] [mms (QOS:…TED)] [B] LL_A mms-base-task//resume/download-task[U5vTWOIgL2k737NhctZ_d3h0jwQ3GaT8F_iU_WhC86k=]/{0, *}/cellular:0
20:03:02.705 [ 207435] [mms (QOS:…TED)] [B] LL_A download-task//create/download-task[U5vTWOIgL2k737NhctZ_d3h0jwQ3GaT8F_iU_WhC86k=]/{0, *}/cellular:0
20:03:02.705 [ 207435] [mms (QOS:…TED)] [B] LL_A download-task//create/download-task[U5vTWOIgL2k737NhctZ_d3h0jwQ3GaT8F_iU_WhC86k=]/{0, *}/cellular:0/regular
20:03:02.768 [ 184665] [main-thread   ] [B] LL_A wamessagehandler//egress/dequeue/postprocess-start/AC9730C7038A546816D536B8E7352A6E/offline=0
20:03:02.768 [ 184665] [main-thread   ] [B] LL_A wamessagehandler//egress/dequeue/postprocess-start/AC425070466FA9875BD534C544406D4D/offline=0
20:03:02.775 [ 184665] [main-thread   ] [B] LL_E biz/unrecognized-verification-level: empty level
20:03:02.777 [ 184665] [main-thread   ] [B] LL_A messageprotobufserialization//messageID: AC9730C7038A546816D536B8E7352A6E, verifyMessageType: 1, messageType: 12, canHaveExistingMediaItem: 0
20:03:02.778 [ 184665] [main-thread   ] [B] LL_E protobuf/message/no-background/AC9730C7038A546816D536B8E7352A6E/<******8103@lid>
20:03:02.778 [ 184665] [main-thread   ] [B] LL_W wapbmessage+wamessage//embed-mms-thumbnail-info/missing-thumbnail-metadata: AC9730C7038A546816D536B8E7352A6E [source=thumbnail-only hasMediaKey=0 hasTimestamp=0 hasDimensions=0 hasDirectPath=0 hasSha256=0 hasEncSha256=0]
20:03:02.778 [ 184665] [main-thread   ] [B] LL_W wapbmessage+wamessage//embed-mms-favicon-thumbnail-info/missing-favicon-metadata: AC9730C7038A546816D536B8E7352A6E [source=favicon-thumbnail-only hasMediaKey=0 hasTimestamp=0 hasDimensions=0 hasDirectPath=0 hasSha256=0 hasEncSha256=0]
20:03:02.781 [ 184665] [main-thread   ] [B] LL_E biz/unrecognized-verification-level: empty level
20:03:02.783 [ 184665] [main-thread   ] [B] LL_A messageprotobufserialization//messageID: AC425070466FA9875BD534C544406D4D, verifyMessageType: 1, messageType: 12, canHaveExistingMediaItem: 0
20:03:02.783 [ 184665] [main-thread   ] [B] LL_E protobuf/message/no-background/AC425070466FA9875BD534C544406D4D/<******8103@lid>
20:03:02.783 [ 184665] [main-thread   ] [B] LL_W wapbmessage+wamessage//embed-mms-thumbnail-info/missing-thumbnail-metadata: AC425070466FA9875BD534C544406D4D [source=thumbnail-only hasMediaKey=0 hasTimestamp=0 hasDimensions=0 hasDirectPath=0 hasSha256=0 hasEncSha256=0]
20:03:02.783 [ 184665] [main-thread   ] [B] LL_W wapbmessage+wamessage//embed-mms-favicon-thumbnail-info/missing-favicon-metadata: AC425070466FA9875BD534C544406D4D [source=favicon-thumbnail-only hasMediaKey=0 hasTimestamp=0 hasDimensions=0 hasDirectPath=0 hasSha256=0 hasEncSha256=0]
20:03:02.785 [ 184665] [main-thread   ] [B] LL_A wamessagehandler//handle/postprocess-finish/AC9730C7038A546816D536B8E7352A6E
20:03:02.785 [ 184665] [main-thread   ] [B] LL_A wamessagehandler//handle/postprocess-finish/AC425070466FA9875BD534C544406D4D
20:03:02.786 [ 184665] [main-thread   ] [B] LL_A chatstorage//save/ids/success [ChatDB in 0.00s]
20:03:02.786 [ 184665] [main-thread   ] [B] LL_A chatstorage//save/process [ChatDB in 0.00s]
20:03:02.786 [ 184665] [main-thread   ] [B] LL_A chatstorage//indexing/should index messages 0
20:03:02.788 [ 184665] [main-thread   ] [B] LL_A storage//save/success [ChatDB in 0.00s with changes]
20:03:02.788 [ 184665] [main-thread   ] [B] LL_A chatstorage//save/aggregated success [ChatDB in 0.00s]
20:03:02.788 [ 184665] [main-thread   ] [B] LL_E chatsessionmanager//existingChatSessions/error: nil error
20:03:02.789 [ 184665] [main-thread   ] [B] LL_A chatsession/<******6588@status>/counter/33
20:03:02.789 [ 184665] [main-thread   ] [B] LL_E message//attach/thumbnail/skipped [thumbnailData: nil, jid: present, stanzaID: AC9730C7038A546816D536B8E7352A6E]
20:03:02.790 [ 184665] [main-thread   ] [B] LL_A chatsession/<******6588@status>/counter/34
20:03:02.790 [ 184665] [main-thread   ] [B] LL_E message//attach/thumbnail/skipped [thumbnailData: nil, jid: present, stanzaID: AC425070466FA9875BD534C544406D4D]
20:03:02.790 [ 184665] [main-thread   ] [B] LL_A OrphanMessageManager/deleting message addons from cql orphan store
20:03:02.790 [ 184665] [main-thread   ] [B] LL_A OrphanMessageManager/resolving orphans from cql orphan store
20:03:02.796 [ 184665] [NSManaged…9860] [B] LL_A storage//save/success [AppStateStore in 0.00s with changes]
20:03:02.796 [ 184665] [main-thread   ] [B] LL_A chatstorage//save/ids/success [ChatDB in 0.00s]
20:03:02.796 [ 184665] [main-thread   ] [B] LL_A chatstorage//save/process [ChatDB in 0.00s]
20:03:02.796 [ 184665] [main-thread   ] [B] LL_A chatstorage//indexing/should index messages 1
20:03:02.798 [ 184665] [main-thread   ] [B] LL_A storage//save/success [ChatDB in 0.00s with changes]
20:03:02.798 [ 184665] [main-thread   ] [B] LL_A chatstorage-searchengine//indexing/chat-messages/start
20:03:02.798 [ 184665] [main-thread   ] [B] LL_A chatstorage//save/aggregated success [ChatDB in 0.00s]
20:03:02.799 [ 184665] [main-thread   ] [B] LL_A chatstorage/status//badge/boundary [2026-09-22 13:03:01 +0000]
20:03:02.799 [ 184665] [main-thread   ] [B] LL_A chatstorage/status//badge/boundary [2026-09-22 13:03:01 +0000]
20:03:02.800 [ 184665] [NSManaged…9860] [B] LL_A storage//save/success [AppStateStore in 0.00s with changes]
20:03:02.800 [ 184665] [main-thread   ] [B] LL_A wamessagehandler//handle/chat-storage-processing-finished/AC9730C7038A546816D536B8E7352A6E: accepted=1
20:03:02.800 [ 184665] [main-thread   ] [B] LL_A wamessagehandler//handle/chat-storage-processing-finished/AC425070466FA9875BD534C544406D4D: accepted=1
20:03:02.800 [ 209231] [normal        ] [B] LL_N stream//> send > [receipt/delivery t=******atus@broadcast p=******8103:0@lid id=AC9730C7038A546816D536B8E7352A6E]
20:03:02.801 [ 209231] [normal        ] [B] LL_N stream//> send > [receipt/delivery t=******atus@broadcast p=******8103:0@lid id=AC425070466FA9875BD534C544406D4D]
LL_S <
2026-09-22 20:03:02.800 WhatsApp[4484:209234] Cannot create shortcut from intent (<INIntent: 0x600000b44fc0> {
}) because it has no valid parameter combinations
LL_S >
20:03:02.801 [ 184665] [main-thread   ] [B] LL_A task-manager//task-queue/schedule-task task=<WABlockTask: 0x6000036e9e00 [index-messages]> task-manager=<WATaskManager: 0x600001724100>, queue=<WATaskQueue: 0x600001254af0> existingTask=0, tasksArrayCount=68
20:03:02.801 [ 184665] [main-thread   ] [B] LL_A task-manager//task-queue/schedule-task task=<WABlockTask: 0x6000036e9e00 [index-messages]> task-manager=<WATaskManager: 0x600001724100>, queue=<WATaskQueue: 0x600001254b60> existingTask=0, tasksArrayCount=1
20:03:02.801 [ 184665] [main-thread   ] [B] LL_A chatstorage-searchengine//indexing/chat-messages/task-scheduled task = <WABlockTask: 0x6000036e9e00 [index-messages]>
20:03:03.014 [ 207807] [normal        ] [B] LL_N xmpp//< recv < [iq/result f=s.whatsapp.net id=1790079492-34]
20:03:03.015 [ 207435] [mms (QOS:…TED)] [B] LL_A mms-session//conn-info/route-request/response/endpoints: 7 duration: 0.346772
20:03:03.355 [ 207435] [filedownload  ] [B] LL_A download-task-handler//did-receive-response/task[3kgwOcLx1cm8L2Mm1n7n2OB_B9WI4gRwnt4s41vwR8g=][{0, *}]/returned range: {0, 4394} current: 0
20:03:03.382 [ 209234] [mms (QOS:…TED)] [B] LL_A mms-base-task//finish/finishing/download-task[3kgwOcLx1cm8L2Mm1n7n2OB_B9WI4gRwnt4s41vwR8g=]/{0, *}/cellular:1
20:03:03.382 [ 209234] [mms (QOS:…TED)] [B] LL_A mms-session//did-complete/wa-mms-task[27]/callback=1
20:03:03.383 [ 207807] [v4            ] [B] LL_A media-download-operation//phase-downloading/3kgwOcLx1cm8L2Mm1n7n2OB/B9WI4gRwnt4s41vwR8g=/retry: 0 response/code: 200 error: (null)
20:03:03.384 [ 207807] [v4            ] [B] LL_A phase-downloading/3kgwOcLx1cm8L2Mm1n7n2OB/B9WI4gRwnt4s41vwR8g=/metrics
LL_A (Task Interval) <_NSConcreteDateInterval: 0x6000038fc360> (Start Date) 2026-09-22 13:03:02 +0000 + (Duration) 0.680417 seconds = (End Date) 2026-09-22 13:03:03 +0000
LL_A (Redirect Count) 0
LL_A (Transaction Metrics) 
LL_A (Transaction Metric 0 )
LL_A (Request) https://media.fcgk42-1.fna.whatsapp.net/v/t62.36147-24/815094919_2797496657289894_4240368564361859159_n.enc
LL_A (Response) <https://media.fcgk42-1.fna.whatsapp.net/v/t62.36147-24/815094919_2797496657289894_4240368564361859159_n.enc 200 no error>
LL_A (Fetch Start) 1790082182.701593
LL_A (Domain Lookup Start) 1790082182.702588
LL_A (Domain Lookup End) 1790082182.703588
LL_A (Domain Lookup Total) 0.001000
LL_A (Connect Start) 1790082182.703588
LL_A (Secure Connection Start) 1790082183.013588
LL_A (Secure Connection End) 1790082183.140588
LL_A (Secure Connection Total) 0.127000
LL_A (Connect End) 1790082183.140588
LL_A (Connect Total) 0.437000
LL_A (Request Start) 1790082183.141286
LL_A (Request End) 1790082183.141341
LL_A (Request Total) 0.000055
LL_A (Response Wait) 0.206324
LL_A (Response Start) 1790082183.347665
LL_A (Response End) 1790082183.381416
LL_A (Response Total) 0.033751
LL_A (Protocol Name) h2
LL_A (Proxy Connection) NO
LL_A (Reused Connection) NO
LL_A (Fetch Type) 1
LL_A 
LL_A 
20:03:03.384 [ 207807] [v4            ] [B] LL_A media-download-operation//phase-decrypting/3kgwOcLx1cm8L2Mm1n7n2OB/B9WI4gRwnt4s41vwR8g=
20:03:03.384 [ 209234] [user-init…-qos] [B] LL_A media-download-operation//phase-decrypting/3kgwOcLx1cm8L2Mm1n7n2OB/B9WI4gRwnt4s41vwR8g=/writing final plaintext to A2A02FD7-8608-450D-B91F-0A5453582139.jpg
20:03:03.386 [ 207806] [v4            ] [B] LL_A media-download-operation//phase-decrypting/3kgwOcLx1cm8L2Mm1n7n2OB/B9WI4gRwnt4s41vwR8g=/complete/success plain: 1 enc: 1 expected fs: 0
20:03:03.386 [ 207806] [v4            ] [B] LL_A media-download-operation//phase-fetching-asset/3kgwOcLx1cm8L2Mm1n7n2OB/B9WI4gRwnt4s41vwR8g=
20:03:03.386 [ 207806] [v4            ] [B] LL_A media-download-operation//phase-fetching-asset/3kgwOcLx1cm8L2Mm1n7n2OB/B9WI4gRwnt4s41vwR8g=/complete asset: 1
20:03:03.386 [ 207806] [v4            ] [B] LL_A media-download-operation//phase-completion/3kgwOcLx1cm8L2Mm1n7n2OB/B9WI4gRwnt4s41vwR8g=
20:03:03.405 [ 209234] [streaming…ader] [B] LL_A streaming/task//response/task[061E1D][cellular=0][range={0, *}][left=*][retries=0]/statusCode/200/content-length<512042>/content-range<(null)>/fetchFileSize/512042
20:03:03.405 [ 207806] [streaming…ader] [B] LL_A streaming/task//receive/task[061E1D][cellular=0][range={0, *}][left=*][retries=0]/decryptor-created/startingChunkIndex/0/fetchFileSize/512042
20:03:03.522 [ 207807] [memory-us…ging] [B] LL_A app//memory: System [Used 5627MB, Free 83MB] Process [Footprint 157MB (+0MB), Available 0MB, Peak 163MB] [cpu/s: 0.075]
20:03:04.150 [ 209234] [streaming…ader] [B] LL_A streaming/task-mgr//handle-resource-request/task-mgr[72B47C]{061E1D}/added: [0..65536) of 512030 (12.799%) via task[061E1D][cellular=0][range={0, *}][left=*][retries=0]
20:03:04.155 [ 209234] [NSManaged…a970] [B] LL_A storage//save/success [KVStore-LocalKeyValue.sqlite in 0.00s with changes]
20:03:04.156 [ 184665] [main-thread   ] [B] LL_A chatstorage//save/ids/success [ChatDB in 0.00s]
20:03:04.156 [ 184665] [main-thread   ] [B] LL_A chatstorage//save/process [ChatDB in 0.00s]
20:03:04.156 [ 184665] [main-thread   ] [B] LL_A chatstorage//indexing/should index messages 1
20:03:04.160 [ 184665] [main-thread   ] [B] LL_A storage//save/success [ChatDB in 0.00s with changes]
20:03:04.160 [ 184665] [main-thread   ] [B] LL_A chatstorage//save/aggregated success [ChatDB in 0.00s]
20:03:05.156 [ 207806] [streaming…ader] [B] LL_A streaming/task-mgr//handle-resource-request/task-mgr[72B47C]{061E1D}/added: [65536..131072) of 512030 (25.599%) via task[061E1D][cellular=0][range={0, *}][left=*][retries=0]
20:03:05.160 [ 207806] [NSManaged…a970] [B] LL_A storage//save/success [KVStore-LocalKeyValue.sqlite in 0.00s with changes]
20:03:06.523 [ 207435] [memory-us…ging] [B] LL_A app//memory: System [Used 5634MB, Free 74MB] Process [Footprint 157MB (+0MB), Available 0MB, Peak 163MB] [cpu/s: 0.020]
20:03:07.245 [ 209234] [streaming…ader] [B] LL_A streaming/task-mgr//handle-resource-request/task-mgr[72B47C]{061E1D}/added: [131072..196608) of 512030 (38.398%) via task[061E1D][cellular=0][range={0, *}][left=*][retries=0]
20:03:07.249 [ 209234] [NSManaged…a970] [B] LL_A storage//save/success [KVStore-LocalKeyValue.sqlite in 0.00s with changes]
20:03:08.926 [ 207806] [streaming…ader] [B] LL_A streaming/task-mgr//handle-resource-request/task-mgr[72B47C]{061E1D}/added: [196608..262144) of 512030 (51.197%) via task[061E1D][cellular=0][range={0, *}][left=*][retries=0]
20:03:08.931 [ 207806] [NSManaged…a970] [B] LL_A storage//save/success [KVStore-LocalKeyValue.sqlite in 0.00s with changes]
20:03:09.523 [ 207806] [memory-us…ging] [B] LL_A app//memory: System [Used 5614MB, Free 102MB] Process [Footprint 157MB (-0MB), Available 0MB, Peak 163MB] [cpu/s: 0.020]
20:03:09.535 [ 209234] [WamBufferStore] [B] LL_A fieldstats/wameta///buffer/create/succeeded 1-0-2849
20:03:09.536 [ 209234] [WamBufferStore] [B] LL_A fieldstats/wameta///buffer/create/succeeded: 1-0-2849
20:03:10.852 [ 209231] [streaming…ader] [B] LL_A streaming/task-mgr//handle-resource-request/task-mgr[72B47C]{061E1D}/added: [262144..327680) of 512030 (63.996%) via task[061E1D][cellular=0][range={0, *}][left=*][retries=0]
20:03:10.858 [ 209231] [NSManaged…a970] [B] LL_A storage//save/success [KVStore-LocalKeyValue.sqlite in 0.00s with changes]
20:03:12.101 [ 209231] [addressbook   ] [B] LL_A syncmanager//usync/scheduled-full/check c:[(null)] d:[2026-09-22 15:14:14 +0000] dm:[2026-09-22 15:14:14 +0000] sl:[(null)] b:[2026-09-22 15:14:14 +0000] s:[2026-09-22 15:14:14 +0000]
20:03:12.101 [ 209231] [addressbook   ] [B] LL_A syncmanager//usync/scheduled-full/run/background
20:03:12.104 [ 209231] [addressbook   ] [B] LL_A syncmanager//usync/unisync/begin
20:03:12.105 [ 209231] [addressbook   ] [B] LL_A syncmanager//usync/prepare-list/Full items=[0] deleted=[0]
20:03:12.130 [ 209231] [addressbook   ] [B] LL_A syncmanager//usync/prepare-sidelist/Full items=[62]
20:03:12.132 [ 209231] [addressbook   ] [B] LL_A syncmanager//usync/contacts/backoff is nil or before now:[nil]
20:03:12.132 [ 209231] [addressbook   ] [B] LL_A syncmanager//usync/contacts/nextScheduledFullSyncDate is:[(null)]
20:03:12.132 [ 209231] [addressbook   ] [B] LL_A syncmanager//usync/contacts/isCompanionDevice
20:03:12.133 [ 209231] [addressbook   ] [B] LL_A syncmanager//usync/contacts/isContactSyncEnabled:[NO]
20:03:12.133 [ 209231] [addressbook   ] [B] LL_A syncmanager//usync/unisync/nc/allowMutation: 1, mode: 3, orion_usync_allow_mutation_attribute:1 
20:03:12.152 [ 209231] [addressbook   ] [B] LL_A syncmanager//usync/unisync/start/Background/Full list=[0] sidelist=[62]
20:03:12.152 [ 209231] [addressbook   ] [B] LL_A sync-session//usync/request/start/ cl:n dl:n dm:n pl:n sl:n st:n bz:n lid:n un=[n] ts:n cl=[0] sl=[0]
20:03:12.152 [ 209235] [normal        ] [B] LL_E sync-session//usync/request/all protocols off
20:03:12.153 [ 184665] [main-thread   ] [B] LL_A syncmanager//usync/unisync/finished time=[0.000]
20:03:12.153 [ 209231] [addressbook   ] [B] LL_A syncmanager//usync/usync/skipped/already in progress
20:03:12.156 [ 184665] [main-thread   ] [B] LL_A chat-mgr//syncmanager/usync/delegate/sync-finished result=[Success] reason=[None] deleletedContacts=[0]
20:03:12.156 [ 209231] [addressbook   ] [B] LL_A chat-mgr//refresh-chats/started
20:03:12.156 [ 209231] [addressbook   ] [B] LL_A chat-mgr//refresh-chats/finished time=[0.000]
20:03:12.165 [ 209234] [NSManaged…eb10] [B] LL_W chatsession/missing-contact-identifier
20:03:12.196 [ 184665] [main-thread   ] [B] LL_A storage//save/background/done [ChatDB in 0.00s with no changes from 'NSManagedObjectContext 0x60000020eb10']
20:03:12.196 [ 184665] [main-thread   ] [B] LL_A chat-mgr//refresh-chats/merged-changes
20:03:12.522 [ 209235] [memory-us…ging] [B] LL_A app//memory: System [Used 5623MB, Free 95MB] Process [Footprint 157MB (+0MB), Available 0MB, Peak 163MB] [cpu/s: 0.048]
20:03:12.711 [ 209235] [NSManaged…a970] [B] LL_A storage//save/success [KVStore-LocalKeyValue.sqlite in 0.00s with changes]
20:03:12.712 [ 209234] [bgtask        ] [B] LL_A process//background-task/end/main/1681
20:03:13.511 [ 209234] [streaming…ader] [B] LL_A streaming/task-mgr//handle-resource-request/task-mgr[72B47C]{061E1D}/added: [327680..393216) of 512030 (76.796%) via task[061E1D][cellular=0][range={0, *}][left=*][retries=0]
20:03:13.517 [ 209234] [NSManaged…a970] [B] LL_A storage//save/success [KVStore-LocalKeyValue.sqlite in 0.00s with changes]
20:03:13.519 [ 209235] [bgtask        ] [B] LL_A process//background-task/start/main/1730
20:03:13.935 [ 184665] [main-thread   ] [B] LL_A mms-session//conn-info/route-request/fetching
20:03:13.936 [ 209235] [normal        ] [B] LL_N stream//> send > [iq/set ns=w:m t=s.whatsapp.net id=1790079492-35]
20:03:15.250 [ 209235] [normal        ] [B] LL_N xmpp//< recv < [iq/result f=s.whatsapp.net id=1790079492-35]
20:03:15.251 [ 209234] [mms (QOS:…TED)] [B] LL_A mms-session//conn-info/route-request/response/endpoints: 7 duration: 1.316177
20:03:15.454 [ 207806] [streaming…ader] [B] LL_A streaming/task-mgr//handle-resource-request/task-mgr[72B47C]{061E1D}/added: [393216..458752) of 512030 (89.595%) via task[061E1D][cellular=0][range={0, *}][left=*][retries=0]
20:03:15.459 [ 207806] [NSManaged…a970] [B] LL_A storage//save/success [KVStore-LocalKeyValue.sqlite in 0.00s with changes]
20:03:15.573 [ 209235] [memory-us…ging] [B] LL_A app//memory: System [Used 5615MB, Free 125MB] Process [Footprint 157MB (-0MB), Available 0MB, Peak 163MB] [cpu/s: 0.022]
20:03:16.339 [ 209231] [mms (QOS:…TED)] [B] LL_A mms-base-task//finish/finishing/download-task[U5vTWOIgL2k737NhctZ_d3h0jwQ3GaT8F_iU_WhC86k=]/{0, *}/cellular:0
20:03:16.339 [ 207806] [streaming…ader] [B] LL_A streaming/task-mgr//handle-resource-request/task-mgr[72B47C]{061E1D}/added: [458752..512030) of 512030 (100.000%) via task[061E1D][cellular=0][range={0, *}][left=*][retries=0]
20:03:16.339 [ 209231] [mms (QOS:…TED)] [B] LL_A mms-session//did-complete/wa-mms-task[28]/callback=1
20:03:16.340 [ 184665] [main-thread   ] [B] LL_A chatstorage//save/ids/success [ChatDB in 0.00s]
20:03:16.340 [ 184665] [main-thread   ] [B] LL_A chatstorage//save/process [ChatDB in 0.00s]
20:03:16.340 [ 184665] [main-thread   ] [B] LL_A chatstorage//indexing/should index messages 0
20:03:16.343 [ 207806] [NSManaged…a970] [B] LL_A storage//save/success [KVStore-LocalKeyValue.sqlite in 0.00s with changes]
20:03:16.343 [ 184665] [main-thread   ] [B] LL_A storage//save/success [ChatDB in 0.00s with changes]
20:03:16.343 [ 184665] [main-thread   ] [B] LL_A chatstorage//save/aggregated success [ChatDB in 0.00s]
20:03:16.347 [ 207806] [streaming…ader] [B] LL_A streaming/task-mgr//did-download-entire-file/task-mgr[72B47C]{061E1D}/done
20:03:16.347 [ 207806] [streaming…ader] [B] LL_A streaming/mgr//did-finish-loading/loader/task-mgr[72B47C]{061E1D}
20:03:16.348 [ 184665] [main-thread   ] [B] LL_A streaming/mgr//did-finish-loading/loader/task-mgr[72B47C]{061E1D}/msg-count=1
20:03:16.348 [ 184665] [main-thread   ] [B] LL_A streaming/mgr//link/start/path=/var/folders/wc/cgzqpy6j07g_mrxyy7d1fl_80000gn/T/net.whatsapp.WhatsApp/3789F90E-7BA5-4E1E-B5C5-CA2D13696497
20:03:16.348 [ 207806] [streaming…ader] [B] LL_A did-complete/task[061E1D][cellular=0][range={0, *}][left=*][retries=0]/metrics
LL_A (Task Interval) <_NSConcreteDateInterval: 0x60000392c440> (Start Date) 2026-09-22 13:03:02 +0000 + (Duration) 13.633393 seconds = (End Date) 2026-09-22 13:03:16 +0000
LL_A (Redirect Count) 0
LL_A (Transaction Metrics) 
LL_A (Transaction Metric 0 )
LL_A (Request) https://media.fcgk42-1.fna.whatsapp.net/v/t62.7161-24/814872236_1296138045866979_3575783459556756149_n.enc
LL_A (Response) <https://media.fcgk42-1.fna.whatsapp.net/v/t62.7161-24/814872236_1296138045866979_3575783459556756149_n.enc 200 no error>
LL_A (Fetch Start) 1790082182.705116
LL_A (Domain Lookup Start) 1790082182.705554
LL_A (Domain Lookup End) 1790082182.705554
LL_A (Domain Lookup Total) 0.000000
LL_A (Connect Start) 1790082182.705554
LL_A (Secure Connection Start) 1790082183.014554
LL_A (Secure Connection End) 1790082183.142554
LL_A (Secure Connection Total) 0.128000
LL_A (Connect End) 1790082183.142554
LL_A (Connect Total) 0.437000
LL_A (Request Start) 1790082183.143023
LL_A (Request End) 1790082183.143063
LL_A (Request Total) 0.000040
LL_A (Response Wait) 0.238079
LL_A (Response Start) 1790082183.381142
LL_A (Response End) 1790082196.338177
LL_A (Response Total) 12.957035
LL_A (Protocol Name) h2
LL_A (Proxy Connection) NO
LL_A (Reused Connection) NO
LL_A (Fetch Type) 1
LL_A 
LL_A 
20:03:16.348 [ 207806] [streaming…ader] [B] LL_A streaming/task//did-complete/task[061E1D][cellular=0][range={0, *}][left=*][retries=0]/bytes-received/512042
20:03:16.348 [ 207806] [streaming…ader] [B] LL_A streaming/task-mgr//closed/task-mgr[72B47C]{}
20:03:16.348 [ 207806] [streaming…ader] [B] LL_A streaming/task-mgr//finish/task-mgr[72B47C]{}
20:03:16.348 [ 207806] [streaming…ader] [B] LL_A streaming/mgr//remove-loader-if-current/removed/count=0/task-mgr[72B47C]{}
20:03:16.349 [ 184665] [main-thread   ] [B] LL_A streaming/mgr//link/success/path=/var/folders/wc/cgzqpy6j07g_mrxyy7d1fl_80000gn/T/net.whatsapp.WhatsApp/3789F90E-7BA5-4E1E-B5C5-CA2D13696497
20:03:16.349 [ 184665] [main-thread   ] [B] LL_A did-finish-downloading-media/message/x-coredata://9E96C00C-04BD-4894-BC58-7BB83C39F595/WAMessage/p58716 (3)
20:03:16.349 [ 184665] [main-thread   ] [B] LL_A media-downloader//autodownload/remove/<******atus@broadcast>_AC753BDDE84411D54CE68EA7C5D659E2_0_<******6588@s.whatsapp.net>/remove-from-kvs: 1
20:03:16.349 [ 207806] [streaming…ader] [B] LL_A streaming/mgr//clean-up/loader/task-mgr[72B47C]{}
20:03:16.361 [ 184665] [main-thread   ] [B] LL_A message/media-local-path/updating 1 messages for full media: (
LL_A     "<******atus@broadcast>_AC753BDDE84411D54CE68EA7C5D659E2_0_<******6588@s.whatsapp.net>"
LL_A )
20:03:16.361 [ 184665] [main-thread   ] [B] LL_A helper/save-to-camera-roll/skipped [<******atus@broadcast>_AC753BDDE84411D54CE68EA7C5D659E2_0_<******6588@s.whatsapp.net>]
20:03:16.362 [ 184665] [main-thread   ] [B] LL_A chatstorage//save/ids/success [ChatDB in 0.00s]
20:03:16.362 [ 184665] [main-thread   ] [B] LL_A chatstorage//save/process [ChatDB in 0.00s]
20:03:16.362 [ 184665] [main-thread   ] [B] LL_A chatstorage//indexing/should index messages 1
20:03:16.364 [ 184665] [main-thread   ] [B] LL_A storage//save/success [ChatDB in 0.00s with changes]
20:03:16.364 [ 184665] [main-thread   ] [B] LL_A chatstorage//save/aggregated success [ChatDB in 0.00s]
20:03:18.573 [ 209234] [memory-us…ging] [B] LL_A app//memory: System [Used 5663MB, Free 83MB] Process [Footprint 157MB (-0MB), Available 0MB, Peak 163MB] [cpu/s: 0.020]
20:03:21.573 [ 209235] [memory-us…ging] [B] LL_A app//memory: System [Used 5654MB, Free 81MB] Process [Footprint 157MB (0MB), Available 0MB, Peak 163MB] [cpu/s: 0.004]
20:03:23.575 [ 209235] [NSManaged…a970] [B] LL_A storage//save/success [KVStore-LocalKeyValue.sqlite in 0.00s with changes]
20:03:23.575 [ 207806] [bgtask        ] [B] LL_A process//background-task/end/main/1730
20:03:24.572 [ 207806] [memory-us…ging] [B] LL_A app//memory: System [Used 5671MB, Free 64MB] Process [Footprint 157MB (-0MB), Available 0MB, Peak 163MB] [cpu/s: 0.005]
20:03:27.572 [ 209234] [memory-us…ging] [B] LL_A app//memory: System [Used 5676MB, Free 60MB] Process [Footprint 157MB (-0MB), Available 0MB, Peak 163MB] [cpu/s: 0.004]
20:03:30.572 [ 209234] [memory-us…ging] [B] LL_A app//memory: System [Used 5661MB, Free 75MB] Process [Footprint 157MB (0MB), Available 0MB, Peak 163MB] [cpu/s: 0.003]
20:03:33.572 [ 209234] [memory-us…ging] [B] LL_A app//memory: System [Used 5686MB, Free 50MB] Process [Footprint 157MB (-0MB), Available 0MB, Peak 163MB] [cpu/s: 0.003]
20:03:35.251 [ 209235] [normal        ] [B] LL_N stream//idle
20:03:35.252 [ 209235] [normal        ] [B] LL_A ccq/connection/cancel-stanza-processing/skip-resources-released
20:03:36.572 [ 209233] [memory-us…ging] [B] LL_A app//memory: System [Used 5687MB, Free 48MB] Process [Footprint 157MB (-0MB), Available 0MB, Peak 163MB] [cpu/s: 0.003]
20:03:39.572 [ 209235] [memory-us…ging] [B] LL_A app//memory: System [Used 5689MB, Free 44MB] Process [Footprint 157MB (0MB), Available 0MB, Peak 163MB] [cpu/s: 0.003]
20:03:42.572 [ 209235] [memory-us…ging] [B] LL_A app//memory: System [Used 5687MB, Free 45MB] Process [Footprint 157MB (0MB), Available 0MB, Peak 163MB] [cpu/s: 0.004]
20:03:45.571 [ 209231] [memory-us…ging] [B] LL_A app//memory: System [Used 5667MB, Free 67MB] Process [Footprint 157MB (-0MB), Available 0MB, Peak 163MB] [cpu/s: 0.003]
20:03:48.571 [ 209233] [memory-us…ging] [B] LL_A app//memory: System [Used 5592MB, Free 129MB] Process [Footprint 157MB (0MB), Available 0MB, Peak 163MB] [cpu/s: 0.002]
20:03:49.687 [ 184665] [main-thread   ] [B] LL_A task-manager//task-queue/schedule-task task=<WABlockTask: 0x600003699440 [remove-logs]> task-manager=<WATaskManager: 0x600001724100>, queue=<WATaskQueue: 0x600001254af0> existingTask=1, tasksArrayCount=69
20:03:49.689 [ 184665] [main-thread   ] [B] LL_A chatstorage-newsletter///get_all/timestamp/1787323685.487491
20:03:49.689 [ 184665] [main-thread   ] [B] LL_A chatstorage-newsletter///get_all/cached
20:03:49.699 [ 184665] [main-thread   ] [B] LL_A appjobs/wrapper//NotifyStartupCompleted
20:03:49.704 [ 184665] [main-thread   ] [B] LL_A app-launch-logger/launch-type/warm-duration: 0.014032125473022461
20:03:49.706 [ 209231] [bgtask        ] [B] LL_A process//background-task/start/main/1744
20:03:49.712 [ 184665] [main-thread   ] [B] LL_A ephemeral/after-read/timer/lifecycle [event=will-foreground, activeBlocks=0]
20:03:49.714 [ 209900] [NSManaged…5110] [B] LL_A ephemeral/after-read/timer/rearm/start [trigger=foreground, candidates=0, arCount=0, skipNotAR=0, skipUnreadIncoming=0, skipMissingFields=0]
20:03:49.714 [ 209900] [bgtask        ] [B] LL_A process//suspending/reset
20:03:49.717 [ 184665] [main-thread   ] [B] LL_A chatstorage-searchengine//indexing/chat-messages/start
20:03:49.717 [ 184665] [main-thread   ] [B] LL_A chatstorage-searchengine//indexing/newsletter-messages/start
20:03:49.732 [ 184665] [main-thread   ] [F] LL_A subscription/subscription-handler/did-become-active-handler/sync-subscriptions
20:03:49.735 [ 184665] [main-thread   ] [F] LL_A secure-lock/auto-unlock kickoff [lock: (null), authType: 0]
20:03:49.743 [ 184665] [main-thread   ] [F] LL_A UsernameActivationManager/Attempting username activation
20:03:49.743 [ 184665] [main-thread   ] [F] LL_A UsernameActivationManager/Not primary device, skipping activation attempt
20:03:49.757 [ 184665] [main-thread   ] [F] LL_A scene-delegate/will-connect
20:03:49.779 [ 184665] [main-thread   ] [F] LL_A rootheadercontroller//hide-call-header-early-return headerViewNil=1 alreadyHidden=0
20:03:49.803 [ 184665] [main-thread   ] [F] LL_A screen-impression/WARootViewController/viewDidLoad
20:03:49.806 [ 184665] [main-thread   ] [F] LL_A screen-impression/WARootViewController/viewWillAppear
20:03:49.809 [ 184665] [main-thread   ] [F] LL_A chat-input//window/became-visible: <WAWindow: 0x136fe8000; baseClass = UIWindow; frame = (0 0; 1024 768); tintColor = <UIDynamicProviderColor: 0x600003b0c140; provider = <__NSMallocBlock__: 0x600003736370>>; gestureRecognizers = <NSArray: 0x6000036bee50>; layer = <UIWindowLayer: 0x6000036bc030>>
20:03:49.811 [ 184665] [main-thread   ] [F] LL_A rootview//will-change-state: Initial
20:03:49.812 [ 184665] [main-thread   ] [F] LL_A context/needs-exclusive-connection: set to 0
20:03:49.814 [ 184665] [main-thread   ] [F] LL_A rootview//did-change-state: Initial
20:03:49.818 [ 184665] [main-thread   ] [F] LL_A fpmi2i-presenter/fpm/i2i/presenter/not presenting Chat Transfer Feature for device type: receiver, for current transfer status: 0 
20:03:49.818 [ 184665] [main-thread   ] [F] LL_A fpmi2i-presenter/fpm/i2i/presenter/not presenting Chat Transfer Feature for device type: receiver, for current transfer status: 0 
20:03:49.819 [ 184665] [main-thread   ] [F] LL_A rootview//will-change-state: MainInterface
20:03:49.819 [ 184665] [main-thread   ] [F] LL_A context/needs-exclusive-connection: set to 0
20:03:49.819 [ 184665] [main-thread   ] [F] LL_A secure-lock/auto-unlock kickoff [lock: (null), authType: 0]
20:03:49.819 [ 184665] [main-thread   ] [F] LL_A app-launch-logger/StatusList-start: 18836441
20:03:49.828 [ 184665] [main-thread   ] [F] LL_A screen-impression/UpdatesNavigationController/pushViewController/UpdatesTabViewController
20:03:49.834 [ 209900] [NSManaged…aa40] [F] LL_E chat-session-saved-reply/init-with-string/nil-data-error
20:03:49.834 [ 209900] [NSManaged…aa40] [F] LL_E chat-session-saved-reply/init-with-string/nil-data-error
20:03:49.834 [ 184665] [main-thread   ] [F] LL_A screen-impression/UpdatesNavigationController/viewDidLoad
20:03:49.834 [ 209900] [NSManaged…aa40] [F] LL_E chat-session-saved-reply/init-with-string/nil-data-error
20:03:49.834 [ 209900] [NSManaged…aa40] [F] LL_E chat-session-saved-reply/init-with-string/nil-data-error
20:03:49.834 [ 209900] [NSManaged…aa40] [F] LL_E chat-session-saved-reply/init-with-string/nil-data-error
20:03:49.834 [ 209900] [NSManaged…aa40] [F] LL_E chat-session-saved-reply/init-with-string/nil-data-error
20:03:49.834 [ 209900] [NSManaged…aa40] [F] LL_E chat-session-saved-reply/init-with-string/nil-data-error
20:03:49.835 [ 209900] [NSManaged…aa40] [F] LL_E chat-session-saved-reply/init-with-string/nil-data-error
20:03:49.835 [ 209900] [NSManaged…aa40] [F] LL_E chat-session-saved-reply/init-with-string/nil-data-error
20:03:49.835 [ 209900] [NSManaged…aa40] [F] LL_E chat-session-saved-reply/init-with-string/nil-data-error
20:03:49.836 [ 209900] [NSManaged…aa40] [F] LL_E chat-session-saved-reply/init-with-string/nil-data-error
20:03:49.837 [ 209900] [NSManaged…aa40] [F] LL_E chat-session-saved-reply/init-with-string/nil-data-error
20:03:49.837 [ 209900] [NSManaged…aa40] [F] LL_E chat-session-saved-reply/init-with-string/nil-data-error
20:03:49.838 [ 209900] [NSManaged…aa40] [F] LL_E chat-session-saved-reply/init-with-string/nil-data-error
20:03:49.838 [ 209900] [NSManaged…aa40] [F] LL_E chat-session-saved-reply/init-with-string/nil-data-error
20:03:49.838 [ 209900] [NSManaged…aa40] [F] LL_E chat-session-saved-reply/init-with-string/nil-data-error
20:03:49.838 [ 209900] [NSManaged…aa40] [F] LL_E chat-session-saved-reply/init-with-string/nil-data-error
20:03:49.838 [ 209900] [NSManaged…aa40] [F] LL_E chat-session-saved-reply/init-with-string/nil-data-error
20:03:49.841 [ 184665] [main-thread   ] [F] LL_A app-launch-logger/StatusList-end: 18836462
20:03:49.841 [ 184665] [main-thread   ] [F] LL_A app-launch-logger/HistoryNavigation-start: 18836462
20:03:49.858 [ 184665] [main-thread   ] [F] LL_A screen-impression/WAChatNavigationController/pushViewController/WACallHistoryViewController
20:03:49.858 [ 184665] [main-thread   ] [F] LL_A screen-impression/WAChatNavigationController/viewDidLoad
20:03:49.859 [ 184665] [main-thread   ] [F] LL_A app-launch-logger/HistoryNavigation-end: 18836480
20:03:49.859 [ 184665] [main-thread   ] [F] LL_A app-launch-logger/ChatList-start: 18836481
20:03:49.861 [ 184665] [main-thread   ] [F] LL_A chatsessions//frc-suspension/configuration/suspend-during-save:0/suspend-when-offscreen:0/coalesce-reloads:0/defer-fetch:0/lightweight-refetch:0
20:03:49.875 [ 209233] [NSManaged…5110] [F] LL_W chatsession/missing-contact-identifier
20:03:49.913 [ 184665] [main-thread   ] [F] LL_A screen-impression/WASearchControllerSuppressFloatingHeaderViewController/viewDidLoad
20:03:49.926 [ 184665] [main-thread   ] [F] LL_A WDSViewControllers/ViewControllerTTRCLogger/enableTTRCPerfTracking/class name = WAChatListViewController
20:03:49.927 [ 184665] [main-thread   ] [F] LL_A screen-impression/WAChatListViewController/viewDidLoad
20:03:49.940 [ 184665] [main-thread   ] [F] LL_A paid-feature/PaidFeature/PIN_MORE_CHATS has the limit: nil
20:03:49.940 [ 184665] [main-thread   ] [F] LL_A paid-feature/PaidFeature/PIN_MORE_CHATS has the limit: nil
20:03:49.940 [ 184665] [main-thread   ] [F] LL_A paid-feature/PaidFeature/CUSTOM_RINGTONES has the limit: nil
20:03:49.941 [ 209236] [normal        ] [F] LL_A offline-resume-manager/handlers/register/id:logChatSessionOutOfOrderIfNeeded/repeating:true
20:03:49.941 [ 209236] [normal        ] [F] LL_A offline-resume-manager/handlers/register/scheduling duplicate handlers for id: logChatSessionOutOfOrderIfNeeded
20:03:49.957 [ 184665] [main-thread   ] [F] LL_A app-launch-logger/ChatList-end: 18836579
20:03:49.957 [ 184665] [main-thread   ] [F] LL_A app-launch-logger/ChatListNavigation-start: 18836579
20:03:49.957 [ 184665] [main-thread   ] [F] LL_A screen-impression/WAChatListNavigationController/pushViewController/WAChatListViewController
20:03:49.958 [ 184665] [main-thread   ] [F] LL_A screen-impression/WAChatListNavigationController/viewDidLoad
20:03:49.960 [ 184665] [main-thread   ] [F] LL_A app-launch-logger/ChatListNavigation-end: 18836582
20:03:49.960 [ 184665] [main-thread   ] [F] LL_A app-launch-logger/SettingsNavigation-start: 18836582
20:03:49.966 [ 184665] [main-thread   ] [F] LL_A screen-impression/WASettingsNavigationController/pushViewController/WASettingsViewController
20:03:49.967 [ 184665] [main-thread   ] [F] LL_A screen-impression/WASettingsNavigationController/viewDidLoad
20:03:49.968 [ 184665] [main-thread   ] [F] LL_A app-launch-logger/SettingsNavigation-end: 18836589
20:03:49.968 [ 184665] [main-thread   ] [F] LL_A app-launch-logger/ParentGroupNavigation-start: 18836590
20:03:49.970 [ 184665] [main-thread   ] [F] LL_A screen-impression/ParentGroupListNavigationController/pushViewController/ParentGroupListViewController
20:03:49.970 [ 184665] [main-thread   ] [F] LL_A screen-impression/ParentGroupListNavigationController/viewDidLoad
20:03:49.972 [ 184665] [main-thread   ] [F] LL_A app-launch-logger/ParentGroupNavigation-end: 18836593
20:03:49.972 [ 184665] [main-thread   ] [F] LL_A app-launch-logger/ArchivedChatsNavigation-start: 18836593
20:03:49.972 [ 184665] [main-thread   ] [F] LL_A chatsessions//frc-suspension/configuration/suspend-during-save:0/suspend-when-offscreen:0/coalesce-reloads:0/defer-fetch:0/lightweight-refetch:0
20:03:49.975 [ 184665] [main-thread   ] [F] LL_A screen-impression/ArchivedChatsViewController/viewDidLoad
20:03:49.976 [ 184665] [main-thread   ] [F] LL_A paid-feature/PaidFeature/PIN_MORE_CHATS has the limit: nil
20:03:49.976 [ 184665] [main-thread   ] [F] LL_A paid-feature/PaidFeature/PIN_MORE_CHATS has the limit: nil
20:03:49.976 [ 184665] [main-thread   ] [F] LL_A paid-feature/PaidFeature/CUSTOM_RINGTONES has the limit: nil
20:03:49.977 [ 184665] [main-thread   ] [F] LL_A screen-impression/WAChatNavigationController/pushViewController/ArchivedChatsViewController
20:03:49.977 [ 184665] [main-thread   ] [F] LL_A screen-impression/WAChatNavigationController/viewDidLoad
20:03:49.977 [ 184665] [main-thread   ] [F] LL_A app-launch-logger/ArchivedChatsNavigation-end: 18836599
20:03:49.979 [ 184665] [main-thread   ] [F] LL_A app-launch-logger/SplitViewManager-start: 18836601
20:03:49.980 [ 184665] [main-thread   ] [F] LL_A app-launch-logger/StarredMessagesNavigation-start: 18836601
20:03:49.992 [ 184665] [main-thread   ] [F] LL_A screen-impression/WAChatNavigationController/pushViewController/StarredMessagesViewController
20:03:49.992 [ 184665] [main-thread   ] [F] LL_A screen-impression/WAChatNavigationController/viewDidLoad
20:03:49.993 [ 184665] [main-thread   ] [F] LL_A app-launch-logger/StarredMessagesNavigation-end: 18836614
20:03:49.993 [ 184665] [main-thread   ] [F] LL_A screen-impression/WAChatNavigationController/pushViewController/WAEmptyViewController
20:03:49.993 [ 184665] [main-thread   ] [F] LL_A screen-impression/WAChatNavigationController/viewDidLoad
20:03:49.993 [ 184665] [main-thread   ] [F] LL_A screen-impression/WAChatNavigationController/pushViewController/WAEmptyViewController
20:03:49.994 [ 184665] [main-thread   ] [F] LL_A screen-impression/WAChatNavigationController/viewDidLoad
20:03:49.994 [ 184665] [main-thread   ] [F] LL_A screen-impression/UpdatesNavigationController/pushViewController/WAEmptyViewController
20:03:49.994 [ 184665] [main-thread   ] [F] LL_A screen-impression/UpdatesNavigationController/viewDidLoad
20:03:49.995 [ 184665] [main-thread   ] [F] LL_A screen-impression/WAChatNavigationController/pushViewController/WAEmptyViewController
20:03:49.995 [ 209236] [NSManaged…ad80] [F] LL_E chat-session-saved-reply/init-with-string/nil-data-error
20:03:49.995 [ 209236] [NSManaged…ad80] [F] LL_E chat-session-saved-reply/init-with-string/nil-data-error
20:03:49.995 [ 184665] [main-thread   ] [F] LL_A screen-impression/WAChatNavigationController/viewDidLoad
20:03:49.995 [ 209236] [NSManaged…ad80] [F] LL_E chat-session-saved-reply/init-with-string/nil-data-error
20:03:49.995 [ 209236] [NSManaged…ad80] [F] LL_E chat-session-saved-reply/init-with-string/nil-data-error
20:03:49.995 [ 209236] [NSManaged…ad80] [F] LL_E chat-session-saved-reply/init-with-string/nil-data-error
20:03:49.996 [ 209236] [NSManaged…ad80] [F] LL_E chat-session-saved-reply/init-with-string/nil-data-error
20:03:49.996 [ 184665] [main-thread   ] [F] LL_A screen-impression/WAChatNavigationController/pushViewController/WAEmptyViewController
20:03:49.996 [ 209236] [NSManaged…ad80] [F] LL_E chat-session-saved-reply/init-with-string/nil-data-error
20:03:49.996 [ 209236] [NSManaged…ad80] [F] LL_E chat-session-saved-reply/init-with-string/nil-data-error
20:03:49.996 [ 184665] [main-thread   ] [F] LL_A screen-impression/WAChatNavigationController/viewDidLoad
20:03:49.996 [ 209236] [NSManaged…ad80] [F] LL_E chat-session-saved-reply/init-with-string/nil-data-error
20:03:49.996 [ 209236] [NSManaged…ad80] [F] LL_E chat-session-saved-reply/init-with-string/nil-data-error
20:03:49.996 [ 209236] [NSManaged…ad80] [F] LL_E chat-session-saved-reply/init-with-string/nil-data-error
20:03:49.996 [ 184665] [main-thread   ] [F] LL_A screen-impression/WASettingsNavigationController/pushViewController/WAEmptyViewController
20:03:49.997 [ 184665] [main-thread   ] [F] LL_A screen-impression/WASettingsNavigationController/viewDidLoad
20:03:49.997 [ 209236] [NSManaged…ad80] [F] LL_E chat-session-saved-reply/init-with-string/nil-data-error
20:03:49.997 [ 209236] [NSManaged…ad80] [F] LL_E chat-session-saved-reply/init-with-string/nil-data-error
20:03:49.997 [ 184665] [main-thread   ] [F] LL_A app-launch-logger/SplitViewManager-end: 18836619
20:03:49.997 [ 209236] [NSManaged…ad80] [F] LL_E chat-session-saved-reply/init-with-string/nil-data-error
20:03:49.997 [ 209236] [NSManaged…ad80] [F] LL_E chat-session-saved-reply/init-with-string/nil-data-error
20:03:49.998 [ 209236] [NSManaged…ad80] [F] LL_E chat-session-saved-reply/init-with-string/nil-data-error
20:03:49.998 [ 209236] [NSManaged…ad80] [F] LL_E chat-session-saved-reply/init-with-string/nil-data-error
20:03:49.998 [ 209236] [NSManaged…ad80] [F] LL_E chat-session-saved-reply/init-with-string/nil-data-error
20:03:50.000 [ 184665] [main-thread   ] [F] LL_A screen-impression/WAEmptyViewController/viewDidLoad
20:03:50.001 [ 184665] [main-thread   ] [F] LL_A screen-impression/WANavigationController/pushViewController/WAEmptyViewController
20:03:50.001 [ 184665] [main-thread   ] [F] LL_A screen-impression/WANavigationController/viewDidLoad
20:03:50.008 [ 184665] [main-thread   ] [F] LL_W chatsession/missing-contact-identifier
20:03:50.009 [ 184665] [main-thread   ] [F] LL_A screen-impression/WARootViewController/presentViewController/WASplitViewController
20:03:50.010 [ 184665] [main-thread   ] [F] LL_A rootview//did-change-state: MainInterface
20:03:50.011 [ 184665] [main-thread   ] [F] LL_W ai/tos-manager/isTOSNoticeAccepted/no saved TOS status
20:03:50.011 [ 184665] [main-thread   ] [F] LL_W ai/tos-manager/isTOSNoticeAccepted/no saved TOS status
20:03:50.011 [ 184665] [main-thread   ] [F] LL_W ai/tos-manager/isTOSNoticeAccepted/no saved TOS status
20:03:50.011 [ 184665] [main-thread   ] [F] LL_W ai/tos-manager/isTOSNoticeAccepted/no saved TOS status
20:03:50.011 [ 184665] [main-thread   ] [F] LL_W ai/tos-manager/isTOSNoticeAccepted/no saved TOS status
20:03:50.011 [ 184665] [main-thread   ] [F] LL_W ai/tos-manager/isTOSNoticeAccepted/no saved TOS status
20:03:50.011 [ 184665] [main-thread   ] [F] LL_W ai/tos-manager/isTOSNoticeAccepted/no saved TOS status
20:03:50.011 [ 184665] [main-thread   ] [F] LL_W ai/tos-manager/isTOSNoticeAccepted/no saved TOS status
20:03:50.012 [ 184665] [main-thread   ] [F] LL_W ai/tos-manager/isTOSNoticeAccepted/no saved TOS status
20:03:50.012 [ 184665] [main-thread   ] [F] LL_W ai/tos-manager/isTOSNoticeAccepted/no saved TOS status
20:03:50.012 [ 184665] [main-thread   ] [F] LL_W ai/tos-manager/isTOSNoticeAccepted/no saved TOS status
20:03:50.012 [ 184665] [main-thread   ] [F] LL_A ai/manager/start/refresh-metadata/allowed
20:03:50.012 [ 184665] [main-thread   ] [F] LL_A ai/manager/sync/refreshing if needed
20:03:50.014 [ 209236] [cooperative   ] [F] LL_A graphql/fetcher/fetch/authenticated/start
20:03:50.014 [ 209236] [cooperative   ] [F] LL_A graphql/fetcher/fetch/authenticated/attempt: 0
20:03:50.014 [ 184665] [main-thread   ] [F] LL_A ai/gatekeeper-aiSubscription/isAISubscriptionMeteringAndFetchingEnabled:true
20:03:50.015 [ 184665] [main-thread   ] [F] LL_A ai-subscription-manager/observe/setup/start
20:03:50.015 [ 184665] [main-thread   ] [F] LL_E ai-subscription-manager/observe/setup/warn/already-observing
20:03:50.016 [ 209236] [cooperative   ] [F] LL_A graphql-auth-manager/getAuthToken - started
20:03:50.016 [ 209236] [cooperative   ] [F] LL_A graphql-auth-manager/getAuthToken - cached user found
20:03:50.016 [ 209236] [cooperative   ] [F] LL_A graphql-auth-manager/onCompletion - updating cached user
20:03:50.016 [ 184665] [main-thread   ] [F] LL_A cql-ai-thread-manager/migrate-older-chats/not-eligible-for-threading/skipping-migration
20:03:50.017 [ 184665] [main-thread   ] [F] LL_A appjobs/wrapper//TimeSinceInitialization
20:03:50.017 [ 184665] [main-thread   ] [F] LL_A paid-feature/PaidFeature/CUSTOM_APP_ICON has the limit: nil
20:03:50.017 [ 184665] [main-thread   ] [F] LL_A scene-delegate/will-enter-foreground
20:03:50.017 [ 184665] [main-thread   ] [F] LL_A app//will-enter-foreground
20:03:50.017 [ 184665] [main-thread   ] [F] LL_A app//memory: System [Used 5630MB, Free 97MB] Process [Footprint 157MB (+0MB), Available 0MB, Peak 163MB]
20:03:50.018 [ 184665] [main-thread   ] [F] LL_A unified-session/renew/133429770
20:03:50.018 [ 209901] [normal        ] [F] LL_N stream//> send > [ib]
20:03:50.019 [ 184665] [main-thread   ] [F] LL_A termination-marker//set-marker/main/pid: 4484
20:03:50.019 [ 209901] [normal        ] [F] LL_E [WAMSYS] WCCConnectionLifecycleResetBackoffs [Line 196] [LogLevel:I] connection/backoff/reset
20:03:50.019 [ 184665] [main-thread   ] [F] LL_A termination-marker//set-marker/main/foreground
20:03:50.019 [ 209901] [normal        ] [F] LL_E [WAMSYS] _WCCConnectionDefaultBackoffResetAndReconnect [Line 3465] [LogLevel:I] connection/backoff/reset 
20:03:50.019 [ 184665] [main-thread   ] [F] LL_A task-manager//task-queue/schedule-task task=<WABlockTask: 0x600003699440 [remove-logs]> task-manager=<WATaskManager: 0x600001724100>, queue=<WATaskQueue: 0x600001254af0> existingTask=1, tasksArrayCount=69
20:03:50.019 [ 184665] [main-thread   ] [F] LL_A assetslibrary//save-media/defer-ended
20:03:50.021 [ 184665] [main-thread   ] [F] LL_A fpmi2i-presenter/fpm/i2i/presenter/not presenting Chat Transfer Feature for device type: receiver, for current transfer status: 0 
20:03:50.021 [ 184665] [main-thread   ] [F] LL_A fpmi2i-presenter/fpm/i2i/presenter/not presenting Chat Transfer Feature for device type: receiver, for current transfer status: 0 
20:03:50.021 [ 184665] [main-thread   ] [F] LL_A rootview//change-state/deferred: MainInterface
20:03:50.021 [ 184665] [main-thread   ] [F] LL_A scene-delegate/did-become-active
20:03:50.021 [ 184665] [main-thread   ] [F] LL_A app-launch-logger/applicationDidBecomeActive-start: 18836643
20:03:50.021 [ 184665] [main-thread   ] [F] LL_A app//did-become-active
20:03:50.021 [ 184665] [main-thread   ] [F] LL_A app//memory: System [Used 5631MB, Free 95MB] Process [Footprint 157MB (0MB), Available 0MB, Peak 163MB]
20:03:50.023 [ 184665] [main-thread   ] [F] LL_A app-launch-logger/adbaFinishedLaunching-start: 18836645
20:03:50.023 [ 184665] [main-thread   ] [F] LL_A app-launch-logger/adbaFinishedLaunching-end: 18836645
20:03:50.023 [ 184665] [main-thread   ] [F] LL_A app-launch-logger/adbaAppJustMigrated-start: 18836645
20:03:50.023 [ 184665] [main-thread   ] [F] LL_A app-launch-logger/adbaAppJustMigrated-end: 18836645
20:03:50.023 [ 184665] [main-thread   ] [F] LL_A app-launch-logger/adbaResetAppWakeReason-start: 18836645
20:03:50.023 [ 184665] [main-thread   ] [F] LL_A app//set-app-wake-reason/UserForeground
20:03:50.023 [ 184665] [main-thread   ] [F] LL_A app-launch-logger/adbaResetAppWakeReason-end: 18836645
20:03:50.023 [ 184665] [main-thread   ] [F] LL_A app-launch-logger/adbaSetupXMPPConnection-start: 18836645
20:03:50.023 [ 209905] [normal        ] [F] LL_A ccq/connection/background-task/begin
20:03:50.023 [ 209904] [proxy-ser…init] [F] LL_W proxy-service/init/region-not-allowed/ID
20:03:50.023 [ 209904] [proxy-ser…init] [F] LL_A proxy-service/state-changed state:NOT_IN_REGION_ALLOWLIST reason:ID
20:03:50.023 [ 209904] [proxy-ser…ager] [F] LL_A proxy-service-utils/should-start/region-not-allowed
20:03:50.023 [ 209904] [proxy-ser…ager] [F] LL_A proxy-service/state-changed state:NOT_IN_REGION_ALLOWLIST reason:ID
20:03:50.023 [ 184665] [main-thread   ] [F] LL_A app-launch-logger/adbaSetupXMPPConnection-end: 18836645
20:03:50.023 [ 184665] [main-thread   ] [F] LL_A app-launch-logger/adbaClearNotificationCenterAndAppBadge-start: 18836645
20:03:50.023 [ 184665] [main-thread   ] [F] LL_A app-launch-logger/adbaClearNotificationCenterAndAppBadge-end: 18836645
20:03:50.023 [ 184665] [main-thread   ] [F] LL_A app-launch-logger/adbaProcessContentExtensionInbox-start: 18836645
20:03:50.023 [ 209906] [ccq           ] [F] LL_A ccq/connection-queue/resume-stanza-processing source=[app-did-become-active] deferred=[false]
20:03:50.023 [ 209906] [ccq           ] [F] LL_A ccq/connection-queue/transition from=[stopped] to=[running]
20:03:50.023 [ 184665] [main-thread   ] [F] LL_A xmpp/main//nse-processing/deferUntilServiceExtensionMessagesProcessed/begin
20:03:50.023 [ 184665] [main-thread   ] [F] LL_A xmpp/main//nse-processing/deferUntilServiceExtensionMessagesProcessed/begin
20:03:50.023 [ 184665] [main-thread   ] [F] LL_A app-launch-logger/adbaProcessContentExtensionInbox-end: 18836645
20:03:50.023 [ 184665] [main-thread   ] [F] LL_A app-launch-logger/adbaStatusTabOrigin-start: 18836645
20:03:50.023 [ 184665] [main-thread   ] [F] LL_A app-launch-logger/adbaStatusTabOrigin-end: 18836645
20:03:50.023 [ 184665] [main-thread   ] [F] LL_A app-launch-logger/adbaCallEnterForeground-start: 18836645
20:03:50.023 [ 209905] [normal        ] [F] LL_A nse-merge//nse-processing/check needs-merge=[0] has-stanzas=[0] has-stashed-dlc=[0] has-pending-identity=[0]
20:03:50.024 [ 209905] [normal        ] [F] LL_A xmpp/main//nse-processing/deferUntilServiceExtensionMessagesProcessed/checkIfPersistedStanzaMergingIsNeededWithHandler
20:03:50.024 [ 209906] [ccq           ] [F] LL_A ccq/unordered/cache/preloaded count=[0] keys=[] dedup-count=[0] max-sort-id=[0]
20:03:50.024 [ 209906] [ccq           ] [F] LL_A batch//ccq.dispatcher.unordered/set-disabled/prev:disabled/new:enabled
20:03:50.024 [ 209906] [ccq           ] [F] LL_A ccq/queued-stanza-factory/seed-sort-id ordered=[0]
20:03:50.024 [ 209906] [ccq           ] [F] LL_A ccq/connection-queue/transition from=[running] to=[idle]
20:03:50.024 [ 209905] [normal        ] [F] LL_A nse-merge//nse-processing/check needs-merge=[0] has-stanzas=[0] has-stashed-dlc=[0] has-pending-identity=[0]
20:03:50.024 [ 209905] [normal        ] [F] LL_A xmpp/main//nse-processing/deferUntilServiceExtensionMessagesProcessed/not-defered
20:03:50.024 [ 209905] [normal        ] [F] LL_A xmpp/main//nse-processing/deferUntilServiceExtensionMessagesProcessed/end/
20:03:50.024 [ 209905] [normal        ] [F] LL_A xmpp/main//nse-processing/deferUntilServiceExtensionMessagesProcessed/checkIfPersistedStanzaMergingIsNeededWithHandler
20:03:50.024 [ 209905] [normal        ] [F] LL_A nse-merge//nse-processing/check needs-merge=[0] has-stanzas=[0] has-stashed-dlc=[0] has-pending-identity=[0]
20:03:50.024 [ 209905] [normal        ] [F] LL_A xmpp/main//nse-processing/deferUntilServiceExtensionMessagesProcessed/not-defered
20:03:50.024 [ 209905] [normal        ] [F] LL_A xmpp/main//nse-processing/deferUntilServiceExtensionMessagesProcessed/end/
20:03:50.024 [ 209905] [normal        ] [F] LL_A offline-resume-manager/handlers/register/id:deferred-nse-merge/repeating:true
20:03:50.024 [ 209905] [normal        ] [F] LL_A offline-resume-manager/handlers/register/scheduling duplicate handlers for id: deferred-nse-merge
20:03:50.024 [ 209905] [normal        ] [F] LL_A ccq/connection/idle busy-connection-active=[0]
20:03:50.024 [ 209905] [normal        ] [F] LL_A ccq/connection/cancel-on-idle
20:03:50.024 [ 209904] [ccq           ] [F] LL_A ccq/connection-queue/cancel-stanza-processing reason=[WAStanzaProcessingCancellationReason(rawValue: 4)] deferred=[false]
20:03:50.024 [ 209904] [ccq           ] [F] LL_A ccq/connection-queue/transition from=[idle] to=[draining]
20:03:50.024 [ 209904] [ccq           ] [F] LL_A ccq/unordered/processor/cancel-all-processing reason=[WAStanzaProcessingCancellationReason(rawValue: 4)]
20:03:50.024 [ 209904] [ccq           ] [F] LL_A ccq/unordered/consumer/cancel-stanza-processing
20:03:50.024 [ 209904] [ccq           ] [F] LL_A ccq/connection-queue/transition from=[draining] to=[stopped]
20:03:50.024 [ 209907] [queue         ] [F] LL_A stanza-processing-cancellation handle-count=[0] reason=[4]
20:03:50.024 [ 209905] [queue         ] [F] LL_A stanza-processing-cancellation handle-count=[0] reason=[4]
20:03:50.024 [ 209904] [ccq           ] [F] LL_A ccq/unordered/cache/invalidate
20:03:50.024 [ 209904] [ccq           ] [F] LL_A batch//ccq.dispatcher.unordered/set-disabled/prev:enabled/new:disabled
20:03:50.024 [ 209905] [normal        ] [F] LL_A ccq/connection/background-task/end
20:03:50.024 [ 184665] [main-thread   ] [F] LL_A voip-call/callmanager//callstate-ignored/no-state/callState: 0, pendingBackgroundCall: 0
20:03:50.024 [ 184665] [main-thread   ] [F] LL_A voip-call/callmanager//call-enter-foreground
20:03:50.025 [ 184665] [main-thread   ] [F] LL_A voip-call/call-notifications//dismiss-waiting-room-approval-notification
20:03:50.025 [ 184665] [main-thread   ] [F] LL_A app-launch-logger/adbaCallEnterForeground-end: 18836647
20:03:50.025 [ 184665] [main-thread   ] [F] LL_A app-launch-logger/adbaSetupMainThreadWatchdog-start: 18836647
20:03:50.025 [ 184665] [main-thread   ] [F] LL_A app-launch-logger/adbaSetupMainThreadWatchdog-end: 18836647
20:03:50.025 [ 184665] [main-thread   ] [F] LL_A app-launch-logger/adbaStartMonitoringSignalQueue-start: 18836647
20:03:50.025 [ 184665] [main-thread   ] [F] LL_A app-launch-logger/adbaStartMonitoringSignalQueue-end: 18836647
20:03:50.025 [ 184665] [main-thread   ] [F] LL_A app-launch-logger/adbaRequestAccessToContacts-start: 18836647
20:03:50.026 [ 184665] [main-thread   ] [F] LL_A app-launch-logger/adbaRequestAccessToContacts-end: 18836648
20:03:50.026 [ 184665] [main-thread   ] [F] LL_A app-launch-logger/adbaStartChangeNumberIfNeeded-start: 18836648
20:03:50.026 [ 184665] [main-thread   ] [F] LL_A app-launch-logger/adbaStartChangeNumberIfNeeded-end: 18836648
20:03:50.026 [ 184665] [main-thread   ] [F] LL_A app-launch-logger/adbaSetupRageShake-start: 18836648
20:03:50.026 [ 184665] [main-thread   ] [F] LL_A app-launch-logger/adbaSetupRageShake-end: 18836648
20:03:50.026 [ 184665] [main-thread   ] [F] LL_A app-launch-logger/adbaSetupUnexplainedTerminationMarker-start: 18836648
20:03:50.027 [ 184665] [main-thread   ] [F] LL_A termination-marker//set-marker/main/pid: 4484
20:03:50.027 [ 184665] [main-thread   ] [F] LL_A termination-marker//set-marker/main/foreground
20:03:50.027 [ 184665] [main-thread   ] [F] LL_A app-launch-logger/adbaSetupUnexplainedTerminationMarker-end: 18836648
20:03:50.027 [ 184665] [main-thread   ] [F] LL_A app-launch-logger/adbaClearSharedFamilyAppGroupContainer-start: 18836648
20:03:50.027 [ 184665] [main-thread   ] [F] LL_A app-launch-logger/adbaClearSharedFamilyAppGroupContainer-end: 18836649
20:03:50.027 [ 184665] [main-thread   ] [F] LL_A app-launch-logger/setupUIAssertIfNotMainThreadSwizzles-start: 18836649
20:03:50.027 [ 184665] [main-thread   ] [F] LL_A app-launch-logger/setupUIAssertIfNotMainThreadSwizzles-end: 18836649
20:03:50.027 [ 184665] [main-thread   ] [F] LL_A app-launch-logger/applicationDidBecomeActive-end: 18836649
20:03:50.029 [ 184665] [main-thread   ] [F] LL_A screen-impression/WARootViewController/willPresentModally/WASplitViewController
20:03:50.029 [ 184665] [main-thread   ] [F] LL_A screen-impression/WARootViewController/viewWillDisappear
20:03:50.031 [ 184665] [main-thread   ] [F] LL_A screen-impression/WANavigationController/viewWillAppear
20:03:50.035 [ 184665] [main-thread   ] [F] LL_A screen-impression/WAChatListNavigationController/viewWillAppear
20:03:50.042 [ 209900] [canonical…gger] [F] LL_A /abprops/rid [Optional("ARfbW0P6VBcjE5sNNJUZ1eNfjGGnt40iOrcjzGCNePY28Qbgsckpr0xuQZ/noDhm/b/6z2Dvu3c0M+Rb")]
20:03:50.046 [ 184665] [main-thread   ] [F] LL_A screen-impression/WAChatListViewController/viewWillAppear
20:03:50.060 [ 209900] [canonical…gger] [F] LL_A /abprops/rid [Optional("ARfbW0P6VBcjE5sNNJUZ1eNfjGGnt40iOrcjzGCNePY28Qbgsckpr0xuQZ/noDhm/b/6z2Dvu3c0M+Rb")]
20:03:50.078 [ 184665] [main-thread   ] [F] LL_A secure-nav/didShowViewController [topVC=WAChatListViewController, animated=0, vcCount=1]
20:03:50.079 [ 184665] [main-thread   ] [F] LL_A secure-lock-manager/refreshSecureLocks/deferred [in-flight transition]
20:03:50.082 [ 184665] [main-thread   ] [F] LL_A screen-impression/SidebarViewController/viewDidLoad
20:03:50.091 [ 184665] [main-thread   ] [F] LL_A screen-impression/SidebarViewController/viewWillAppear
20:03:50.094 [ 184665] [main-thread   ] [F] LL_A screen-impression/WAEmptyViewController/viewWillAppear
20:03:50.123 [ 184665] [main-thread   ] [F] LL_A chatsessions/configureCell/nil-message/jid:******5872@g.us/cached-last-message-msg-id:<******5872@g.us>_ACF8530B9734C25DD868C42CAF0BAA6F_0_<******3669@lid>/stale-delta-sec:0
20:03:50.123 [ 184665] [main-thread   ] [F] LL_A chatsessions/configureCell/jid:******5872@g.us/msg-id:<******5872@g.us>_ACF8530B9734C25DD868C42CAF0BAA6F_0_<******3669@lid>
20:03:50.125 [ 184665] [main-thread   ] [F] LL_A chatsessioncellstate/chatJID/******5872@g.us/date-text/20.00/message-timestamp/2026-09-22 13:00:46 +0000
20:03:50.125 [ 184665] [main-thread   ] [F] LL_A chatsessioncellstate/chatJID/******5872@g.us/messageForPreview/ACF8530B9734C25DD868C42CAF0BAA6F)
20:03:50.125 [ 184665] [main-thread   ] [F] LL_A chat-message-preview-helper/messagePreviewForMessage/type:0
20:03:50.126 [ 184665] [main-thread   ] [F] LL_E chat-session-saved-reply/init-with-string/nil-data-error
20:03:50.134 [ 184665] [main-thread   ] [F] LL_A updateCellForOldState/start/(null)
20:03:50.134 [ 184665] [main-thread   ] [F] LL_A updateCellForOldState/(null)/dateText:(null)/unreadCount:0/snippetText:nil
20:03:50.140 [ 184665] [main-thread   ] [F] LL_A chatsessions/configureCell/nil-message/jid:******0487@g.us/cached-last-message-msg-id:<******0487@g.us>_A5603061E735E6849831814B50BF79B6_0_<******7373@lid>/stale-delta-sec:0
20:03:50.140 [ 184665] [main-thread   ] [F] LL_A chatsessions/configureCell/jid:******0487@g.us/msg-id:<******0487@g.us>_A5603061E735E6849831814B50BF79B6_0_<******7373@lid>
20:03:50.141 [ 184665] [main-thread   ] [F] LL_A chatsessioncellstate/chatJID/******0487@g.us/date-text/19.53/message-timestamp/2026-09-22 12:53:11 +0000
20:03:50.141 [ 184665] [main-thread   ] [F] LL_A chatsessioncellstate/chatJID/******0487@g.us/messageForPreview/A5603061E735E6849831814B50BF79B6)
20:03:50.141 [ 184665] [main-thread   ] [F] LL_A chat-message-preview-helper/messagePreviewForMessage/type:1
20:03:50.143 [ 184665] [main-thread   ] [F] LL_A chat-message-preview-helper/snippet was truncated: 846i
20:03:50.143 [ 184665] [main-thread   ] [F] LL_E jid//primaryIdentifier at (0x60000352c030) is an invalid primary identifier for WAPhoneNumberUserJID
20:03:50.143 [ 184665] [main-thread   ] [F] LL_E jid//primaryIdentifier at (0x60000352c030) is an invalid primary identifier for WAPhoneNumberUserJID
20:03:50.144 [ 184665] [main-thread   ] [F] LL_A updateCellForOldState/start/(null)
20:03:50.144 [ 184665] [main-thread   ] [F] LL_A updateCellForOldState/(null)/dateText:(null)/unreadCount:0/snippetText:nil
20:03:50.148 [ 184665] [main-thread   ] [F] LL_A chatsessions/configureCell/nil-message/jid:******0566@lid/cached-last-message-msg-id:<******0566@lid>_3A8BDDF29FF15CA5EB72_1_0/stale-delta-sec:0
20:03:50.149 [ 184665] [main-thread   ] [F] LL_A chatsessions/configureCell/jid:******0566@lid/msg-id:<******0566@lid>_3A8BDDF29FF15CA5EB72_1_0
20:03:50.149 [ 184665] [main-thread   ] [F] LL_A chatsessioncellstate/chatJID/******0566@lid/date-text/17.55/message-timestamp/2026-09-22 10:55:55 +0000
20:03:50.149 [ 184665] [main-thread   ] [F] LL_A chatsessioncellstate/chatJID/******0566@lid/messageForPreview/3A8BDDF29FF15CA5EB72)
20:03:50.149 [ 184665] [main-thread   ] [F] LL_A chat-message-preview-helper/messagePreviewForMessage/type:0
20:03:50.150 [ 184665] [main-thread   ] [F] LL_A updateCellForOldState/start/(null)
20:03:50.150 [ 184665] [main-thread   ] [F] LL_A updateCellForOldState/(null)/dateText:(null)/unreadCount:0/snippetText:nil
20:03:50.154 [ 184665] [main-thread   ] [F] LL_A chatsessions/configureCell/nil-message/jid:******0898@lid/cached-last-message-msg-id:<******0898@lid>_AC4F47EE48DA10F5A0EA04B4FFB7B0BF_0_0/stale-delta-sec:0
20:03:50.154 [ 184665] [main-thread   ] [F] LL_A chatsessions/configureCell/jid:******0898@lid/msg-id:<******0898@lid>_AC4F47EE48DA10F5A0EA04B4FFB7B0BF_0_0
20:03:50.154 [ 184665] [main-thread   ] [F] LL_A chatsessioncellstate/chatJID/******0898@lid/date-text/17.19/message-timestamp/2026-09-22 10:19:10 +0000
20:03:50.154 [ 184665] [main-thread   ] [F] LL_A chatsessioncellstate/chatJID/******0898@lid/messageForPreview/AC4F47EE48DA10F5A0EA04B4FFB7B0BF)
20:03:50.154 [ 184665] [main-thread   ] [F] LL_A chat-message-preview-helper/messagePreviewForMessage/type:0
20:03:50.156 [ 184665] [main-thread   ] [F] LL_A updateCellForOldState/start/(null)
20:03:50.156 [ 184665] [main-thread   ] [F] LL_A updateCellForOldState/(null)/dateText:(null)/unreadCount:0/snippetText:nil
20:03:50.161 [ 184665] [main-thread   ] [F] LL_A chatsessions/configureCell/nil-message/jid:******5239@lid/cached-last-message-msg-id:<******5239@lid>_3A5C4959B196A20C94BB_1_0/stale-delta-sec:0
20:03:50.161 [ 184665] [main-thread   ] [F] LL_A chatsessions/configureCell/jid:******5239@lid/msg-id:<******5239@lid>_3A5C4959B196A20C94BB_1_0
20:03:50.161 [ 184665] [main-thread   ] [F] LL_A chatsessioncellstate/chatJID/******5239@lid/date-text/16.41/message-timestamp/2026-09-22 09:41:03 +0000
20:03:50.161 [ 184665] [main-thread   ] [F] LL_A chatsessioncellstate/chatJID/******5239@lid/messageForPreview/3A5C4959B196A20C94BB)
20:03:50.161 [ 184665] [main-thread   ] [F] LL_A chat-message-preview-helper/messagePreviewForMessage/type:8
20:03:50.163 [ 184665] [main-thread   ] [F] LL_A updateCellForOldState/start/(null)
20:03:50.163 [ 184665] [main-thread   ] [F] LL_A updateCellForOldState/(null)/dateText:(null)/unreadCount:0/snippetText:nil
20:03:50.167 [ 184665] [main-thread   ] [F] LL_A chatsessions/configureCell/nil-message/jid:******8019@lid/cached-last-message-msg-id:<******8019@lid>_00F5970AED0281FBF87406645720E204_0_0/stale-delta-sec:0
20:03:50.167 [ 184665] [main-thread   ] [F] LL_A chatsessions/configureCell/jid:******8019@lid/msg-id:<******8019@lid>_00F5970AED0281FBF87406645720E204_0_0
20:03:50.167 [ 184665] [main-thread   ] [F] LL_A chatsessioncellstate/chatJID/******8019@lid/date-text/16.23/message-timestamp/2026-09-22 09:23:36 +0000
20:03:50.167 [ 184665] [main-thread   ] [F] LL_A chatsessioncellstate/chatJID/******8019@lid/messageForPreview/00F5970AED0281FBF87406645720E204)
20:03:50.167 [ 184665] [main-thread   ] [F] LL_A chat-message-preview-helper/messagePreviewForMessage/type:59
20:03:50.168 [ 184665] [main-thread   ] [F] LL_A updateCellForOldState/start/(null)
20:03:50.168 [ 184665] [main-thread   ] [F] LL_A updateCellForOldState/(null)/dateText:(null)/unreadCount:0/snippetText:nil
20:03:50.172 [ 184665] [main-thread   ] [F] LL_A chatsessions/configureCell/nil-message/jid:******3741@lid/cached-last-message-msg-id:<******3741@lid>_ACC057006FFFCFF5F89331E87B2B266E_0_0/stale-delta-sec:0
20:03:50.172 [ 184665] [main-thread   ] [F] LL_A chatsessions/configureCell/jid:******3741@lid/msg-id:<******3741@lid>_ACC057006FFFCFF5F89331E87B2B266E_0_0
20:03:50.173 [ 184665] [main-thread   ] [F] LL_A chatsessioncellstate/chatJID/******3741@lid/date-text/15.47/message-timestamp/2026-09-22 08:47:20 +0000
20:03:50.173 [ 184665] [main-thread   ] [F] LL_A chatsessioncellstate/chatJID/******3741@lid/messageForPreview/ACC057006FFFCFF5F89331E87B2B266E)
20:03:50.173 [ 184665] [main-thread   ] [F] LL_A chat-message-preview-helper/messagePreviewForMessage/type:0
20:03:50.175 [ 184665] [main-thread   ] [F] LL_A updateCellForOldState/start/(null)
20:03:50.175 [ 184665] [main-thread   ] [F] LL_A updateCellForOldState/(null)/dateText:(null)/unreadCount:0/snippetText:nil
20:03:50.180 [ 184665] [main-thread   ] [F] LL_A chatsessions/configureCell/nil-message/jid:******6812@lid/cached-last-message-msg-id:<******6812@lid>_AC6656CC0979BA4BA3A1923C477DB5D3_0_0/stale-delta-sec:0
20:03:50.180 [ 184665] [main-thread   ] [F] LL_A chatsessions/configureCell/jid:******6812@lid/msg-id:<******6812@lid>_AC6656CC0979BA4BA3A1923C477DB5D3_0_0
20:03:50.180 [ 184665] [main-thread   ] [F] LL_A chatsessioncellstate/chatJID/******6812@lid/date-text/13.02/message-timestamp/2026-09-22 06:02:01 +0000
20:03:50.180 [ 184665] [main-thread   ] [F] LL_A chatsessioncellstate/chatJID/******6812@lid/messageForPreview/AC6656CC0979BA4BA3A1923C477DB5D3)
20:03:50.180 [ 184665] [main-thread   ] [F] LL_A chat-message-preview-helper/messagePreviewForMessage/type:0
20:03:50.186 [ 184665] [main-thread   ] [F] LL_A updateCellForOldState/start/(null)
20:03:50.186 [ 184665] [main-thread   ] [F] LL_A updateCellForOldState/(null)/dateText:(null)/unreadCount:0/snippetText:nil
20:03:50.190 [ 184665] [main-thread   ] [F] LL_A chatsessions/configureCell/nil-message/jid:******4821@g.us/cached-last-message-msg-id:<******4821@g.us>_3A0C9FECB9813691A135_0_<******2864@lid>/stale-delta-sec:0
20:03:50.191 [ 184665] [main-thread   ] [F] LL_A chatsessions/configureCell/jid:******4821@g.us/msg-id:<******4821@g.us>_3A0C9FECB9813691A135_0_<******2864@lid>
20:03:50.191 [ 184665] [main-thread   ] [F] LL_A chatsessioncellstate/chatJID/******4821@g.us/date-text/09.41/message-timestamp/2026-09-22 02:41:38 +0000
20:03:50.191 [ 184665] [main-thread   ] [F] LL_A chatsessioncellstate/chatJID/******4821@g.us/messageForPreview/3A0C9FECB9813691A135)
20:03:50.191 [ 184665] [main-thread   ] [F] LL_A chat-message-preview-helper/messagePreviewForMessage/type:0
20:03:50.192 [ 184665] [main-thread   ] [F] LL_A updateCellForOldState/start/(null)
20:03:50.192 [ 184665] [main-thread   ] [F] LL_A updateCellForOldState/(null)/dateText:(null)/unreadCount:0/snippetText:nil
20:03:50.196 [ 184665] [main-thread   ] [F] LL_A chatsessions/configureCell/nil-message/jid:******5352@g.us/cached-last-message-msg-id:<******5352@g.us>_3A643C6122F3DCC8EAF9_0_<******7517@lid>/stale-delta-sec:0
20:03:50.196 [ 184665] [main-thread   ] [F] LL_A chatsessions/configureCell/jid:******5352@g.us/msg-id:<******5352@g.us>_3A643C6122F3DCC8EAF9_0_<******7517@lid>
20:03:50.196 [ 184665] [main-thread   ] [F] LL_A chatsessioncellstate/chatJID/******5352@g.us/date-text/01.23/message-timestamp/2026-09-21 18:23:02 +0000
20:03:50.197 [ 184665] [main-thread   ] [F] LL_A chatsessioncellstate/chatJID/******5352@g.us/messageForPreview/3A643C6122F3DCC8EAF9)
20:03:50.197 [ 184665] [main-thread   ] [F] LL_A chat-message-preview-helper/messagePreviewForMessage/type:0
20:03:50.198 [ 184665] [main-thread   ] [F] LL_A updateCellForOldState/start/(null)
20:03:50.198 [ 184665] [main-thread   ] [F] LL_A updateCellForOldState/(null)/dateText:(null)/unreadCount:0/snippetText:nil
20:03:50.203 [ 184665] [main-thread   ] [F] LL_A chatsessions/configureCell/nil-message/jid:******5526@lid/cached-last-message-msg-id:<******5526@lid>_AC83AD184ED9073ABD92F1004D18CC1E_0_0/stale-delta-sec:0
20:03:50.203 [ 184665] [main-thread   ] [F] LL_A chatsessions/configureCell/jid:******5526@lid/msg-id:<******5526@lid>_AC83AD184ED9073ABD92F1004D18CC1E_0_0
20:03:50.203 [ 184665] [main-thread   ] [F] LL_A chatsessioncellstate/chatJID/******5526@lid/date-text/‎Yesterday/message-timestamp/2026-09-21 13:51:06 +0000
20:03:50.203 [ 184665] [main-thread   ] [F] LL_A chatsessioncellstate/chatJID/******5526@lid/messageForPreview/AC83AD184ED9073ABD92F1004D18CC1E)
20:03:50.203 [ 184665] [main-thread   ] [F] LL_A chat-message-preview-helper/messagePreviewForMessage/type:0
20:03:50.205 [ 184665] [main-thread   ] [F] LL_A updateCellForOldState/start/(null)
20:03:50.205 [ 184665] [main-thread   ] [F] LL_A updateCellForOldState/(null)/dateText:(null)/unreadCount:0/snippetText:nil
20:03:50.232 [ 184665] [main-thread   ] [F] LL_A companion-pairing-registration/events/startFlow/state: State(rawValue: 6)
20:03:50.232 [ 184665] [main-thread   ] [F] LL_A companion-pairing-registration/events/startFlow/not-started/state: State(rawValue: 6)
20:03:50.237 [ 184665] [main-thread   ] [F] LL_A screen-impression/ExternalVideoPlayerController/viewDidLoad
20:03:50.239 [ 184665] [main-thread   ] [F] LL_W chatsessions/session-for-row/index path not found: (null)/frc-sections:1
20:03:50.253 [ 184665] [main-thread   ] [F] LL_A secure-lock-manager/refreshSecureLocks/start [tracked={(
LL_A )}]
20:03:50.253 [ 184665] [main-thread   ] [F] LL_A secure-lock-manager/refreshSecureLocks/hierarchy-locks [needed={(
LL_A )}]
20:03:50.280 [ 184665] [main-thread   ] [F] LL_A task-manager//task-queue/schedule-task task=<WABlockTask: 0x600003757e10 [spotlight-wid]> task-manager=(null), queue=<WATaskQueue: 0x600001204cb0> existingTask=0, tasksArrayCount=0
20:03:50.280 [ 184665] [main-thread   ] [F] LL_A task-manager//task-queue/schedule-task task=<WABlockTask: 0x6000037858c0 [spotlight-jid]> task-manager=(null), queue=<WATaskQueue: 0x600001204cb0> existingTask=0, tasksArrayCount=1
20:03:50.280 [ 184665] [main-thread   ] [F] LL_A task-manager//task-queue/schedule-task task=<WABlockTask: 0x6000036e9e00 [index-messages]> task-manager=<WATaskManager: 0x600001724100>, queue=<WATaskQueue: 0x600001254af0> existingTask=0, tasksArrayCount=68
20:03:50.280 [ 184665] [main-thread   ] [F] LL_A task-manager//task-queue/schedule-task task=<WABlockTask: 0x6000036e9e00 [index-messages]> task-manager=<WATaskManager: 0x600001724100>, queue=<WATaskQueue: 0x600001254b60> existingTask=0, tasksArrayCount=1
20:03:50.280 [ 184665] [main-thread   ] [F] LL_A chatstorage-searchengine//indexing/chat-messages/task-scheduled task = <WABlockTask: 0x6000036e9e00 [index-messages]>
20:03:50.280 [ 184665] [main-thread   ] [F] LL_A task-manager//task-queue/schedule-task task=<WABlockTask: 0x600003414840 [index-newsletter-messages]> task-manager=<WATaskManager: 0x600001724100>, queue=<WATaskQueue: 0x600001254af0> existingTask=0, tasksArrayCount=68
20:03:50.280 [ 184665] [main-thread   ] [F] LL_A task-manager//task-queue/schedule-task task=<WABlockTask: 0x600003414840 [index-newsletter-messages]> task-manager=<WATaskManager: 0x600001724100>, queue=<WATaskQueue: 0x600001254b60> existingTask=0, tasksArrayCount=1
20:03:50.280 [ 184665] [main-thread   ] [F] LL_A chatstorage-searchengine//indexing/newsletter-messages/task-scheduled task = <WABlockTask: 0x600003414840 [index-newsletter-messages]>
20:03:50.280 [ 184665] [main-thread   ] [F] LL_A history-sync-companion/service/processing/not started/nextMessage is nil
20:03:50.280 [ 209905] [WamBufferStore] [F] LL_A fieldstats/wameta///buffer/move/succeeded from /Users/adistyputri/Library/Group Containers/group.net.whatsapp.WhatsApp.shared/FieldStats2/WhatsApp/wam-a/wam-a-1-0-2849 to /Users/adistyputri/Library/Group Containers/group.net.whatsapp.WhatsApp.shared/FieldStats2/WhatsApp/wam-o/wam-o-1-0-2849
20:03:50.280 [ 209905] [WamBufferStore] [F] LL_A fieldstats/wameta///buffer/rotate/succeeded - 1-0-2849, eventCount: 9, recordCount: 135
20:03:50.281 [ 209905] [utility       ] [F] LL_A buffer/upload/initiated - accountUUID: <legacy-primary>, streamId: 1, channel: 0, sequenceNumber: 2849, eventCount: 9, recordCount: 135
20:03:50.281 [ 209906] [normal        ] [F] LL_N stream//> send > [receipt/hist_sync t=******4152:0@lid id=3A7821363B91CB9C5818]
20:03:50.281 [ 209906] [normal        ] [F] LL_N stream//> send > [iq/set ns=w:stats t=s.whatsapp.net id=1790079492-36]
20:03:50.281 [ 209904] [feature       ] [F] LL_A subscription-feature-gating/context/isAccountEligible=true
20:03:50.281 [ 209904] [feature       ] [F] LL_A subscription-feature-gating/isEnabled/meta-nova/killSwitchDisabled
20:03:50.281 [ 209904] [feature       ] [F] LL_A subscription-context/subscriptionsEnabled/meta-nova=false
20:03:50.281 [ 209904] [feature       ] [F] LL_A subscription-feature-gating/context/isAccountEligible=true
20:03:50.281 [ 209904] [feature       ] [F] LL_A subscription-feature-gating/context/isSubscriptionActive/meta-one=false
20:03:50.281 [ 209904] [feature       ] [F] LL_A subscription-feature-gating/isEnabled/meta-one/rollout=true
20:03:50.281 [ 209904] [feature       ] [F] LL_A subscription-context/subscriptionsEnabled/meta-one=true
20:03:50.281 [ 209904] [feature       ] [F] LL_A graphql-subscription-requester/get-subscriptions/request/start
20:03:50.281 [ 209904] [feature       ] [F] LL_A graphql-subscription-requester/get-subscriptions/request/using-ac-token-variant
20:03:50.281 [ 209904] [feature       ] [F] LL_A graphql-subscription-requester/get-subscriptions/request-ac-token-variant/start
20:03:50.281 [ 209904] [feature       ] [F] LL_A graphql-subscription-requester/get-subscriptions/request-ac-token-variant/fetching-subscriptions
20:03:50.282 [ 209904] [feature       ] [F] LL_A graphql-subscription-factory/consumer/make-graphql-fetcher-components/fetching-dc-and-ac-tokens
20:03:50.282 [ 209904] [feature       ] [F] LL_A graphql-subscription-factory/consumer/fetch-ac-token/start
20:03:50.282 [ 209907] [normal        ] [F] LL_N stream//> send > [presence/available]
20:03:50.282 [ 209902] [promises      ] [F] LL_A graphql-subscription-factory/consumer/has-cached-dc-token/result: false
20:03:50.283 [ 209902] [promises      ] [F] LL_A graphql-subscription-factory/consumer/has-dc-token-or-refresh/no-dc-token-force-refresh-disabled
20:03:50.284 [ 184665] [main-thread   ] [F] LL_A parent-group-chat-sessions-manager/parent-group-chat-sessions-manager/initialized
20:03:50.287 [ 209904] [nullState     ] [F] LL_A ai/search/null-state/prepare/requested
20:03:50.288 [ 209906] [promises      ] [F] LL_E graphql-subscription-factory/consumer/fetch-ac-token/waffle-token-error: The operation couldn’t be completed. (WACrossFamilyShared.WaffleAccountManagingError error 1.)
20:03:50.288 [ 184665] [main-thread   ] [F] LL_A chat-input//window/became-visible: <UITextEffectsWindow: 0x1370e0e00; frame = (0 0; 1024 768); opaque = NO; layer = <UIWindowLayer: 0x6000036ba5e0>>
20:03:50.289 [ 209906] [promises      ] [F] LL_E aigraph-qlrequest-helpers/ai/create-experiment-config/invalid-format:  
20:03:50.290 [ 209906] [promises      ] [F] LL_A graphql-subscription-factory/consumer/make-graphql-fetcher-components/has-dc-token: false, has-ac-token: false
20:03:50.290 [ 209906] [promises      ] [F] LL_E graphql-subscription-factory/consumer/make-graphql-fetcher-components/no-tokens-available
20:03:50.291 [ 209904] [WamBufferStore] [F] LL_A fieldstats/wameta///buffer/create/succeeded 1-0-2850
20:03:50.291 [ 209904] [WamBufferStore] [F] LL_A fieldstats/wameta///buffer/create/succeeded: 1-0-2850
20:03:50.292 [ 209904] [graphql-r…ster] [F] LL_A graphql-subscription-requester/get-subscriptions/request-ac-token-variant/no-tokens-available, clearing-cache-and-retrying
20:03:50.292 [ 209904] [graphql-r…ster] [F] LL_A graphql-subscription-requester/get-subscriptions/request-ac-token-variant/fetching-subscriptions
20:03:50.292 [ 209904] [graphql-r…ster] [F] LL_A graphql-subscription-factory/consumer/make-graphql-fetcher-components/fetching-dc-and-ac-tokens
20:03:50.292 [ 209904] [graphql-r…ster] [F] LL_A graphql-subscription-factory/consumer/fetch-ac-token/start
20:03:50.292 [ 209906] [promises      ] [F] LL_A graphql-subscription-factory/consumer/has-cached-dc-token/result: false
20:03:50.292 [ 209906] [promises      ] [F] LL_A graphql-subscription-factory/consumer/has-dc-token-or-refresh/no-dc-token-force-refresh-disabled
20:03:50.292 [ 209907] [message-d…ader] [F] LL_A media-downloader//handle-content-ext-merge/handle-auto-downloads: 0
20:03:50.292 [ 209905] [promises      ] [F] LL_E graphql-subscription-factory/consumer/fetch-ac-token/waffle-token-error: The operation couldn’t be completed. (WACrossFamilyShared.WaffleAccountManagingError error 1.)
20:03:50.292 [ 209905] [promises      ] [F] LL_A graphql-subscription-factory/consumer/make-graphql-fetcher-components/has-dc-token: false, has-ac-token: false
20:03:50.292 [ 209905] [promises      ] [F] LL_E graphql-subscription-factory/consumer/make-graphql-fetcher-components/no-tokens-available
20:03:50.293 [ 209904] [feature       ] [F] LL_E subscription/subscription-handler/sync-subscriptions/error: The operation couldn’t be completed. (WASubscription.SubscriptionGraphQLRequestError error 1.)
20:03:50.293 [ 209904] [feature       ] [F] LL_A subscription/subscription-handler/sync-subscriptions/no-tokens-available-to-sync-subscriptions
20:03:50.294 [ 209904] [feature       ] [F] LL_A subscription-feature-gating/isEnabled/meta-verified/wrongApp/isSMB=false
20:03:50.294 [ 209904] [feature       ] [F] LL_A subscription-context/subscriptionsEnabled/meta-verified=false
20:03:50.294 [ 209904] [feature       ] [F] LL_A subscription-feature-gating/context/isAccountEligible=true
20:03:50.294 [ 209904] [feature       ] [F] LL_A subscription-feature-gating/isEnabled/meta-nova/killSwitchDisabled
20:03:50.294 [ 209904] [feature       ] [F] LL_A subscription-context/subscriptionsEnabled/meta-nova=false
20:03:50.294 [ 209904] [feature       ] [F] LL_A subscription-feature-gating/context/isAccountEligible=true
20:03:50.294 [ 209904] [feature       ] [F] LL_A subscription-feature-gating/context/isSubscriptionActive/meta-one=false
20:03:50.294 [ 209904] [feature       ] [F] LL_A subscription-feature-gating/isEnabled/meta-one/rollout=true
20:03:50.294 [ 209904] [feature       ] [F] LL_A subscription-context/subscriptionsEnabled/meta-one=true
20:03:50.295 [ 209904] [feature       ] [F] LL_A subscription-feature-gating/isEnabled/meta-one-4b/wrongApp/isSMB=false
20:03:50.295 [ 209904] [feature       ] [F] LL_A subscription-context/subscriptionsEnabled/meta-one-4b=false
20:03:50.297 [ 209904] [feature       ] [F] LL_A subscription-benefits-logging/sendSubscriptionAndBenefitActionEvent/Sending SubscriptionAndBenefitActionEvent with actionType: WamEnumSubscriptionBenefitsActionType(rawValue: 1), subscriptionBenefitsError: WamEnumSubscriptionBenefitsError(rawValue: 8), enabledSubscriptions: Optional("META_ONE_4C"), isSubscriptionActive: false, skuIds: nil, featureFlag: nil, isFeatureFlagEnabled: nil, featureFlagLimit: nil
20:03:50.312 [ 184665] [main-thread   ] [F] LL_A chatsessions/configureCell/nil-message/jid:******5872@g.us/cached-last-message-msg-id:<******5872@g.us>_ACF8530B9734C25DD868C42CAF0BAA6F_0_<******3669@lid>/stale-delta-sec:0
20:03:50.312 [ 184665] [main-thread   ] [F] LL_A chatsessions/configureCell/jid:******5872@g.us/msg-id:<******5872@g.us>_ACF8530B9734C25DD868C42CAF0BAA6F_0_<******3669@lid>
20:03:50.313 [ 184665] [main-thread   ] [F] LL_A chatsessioncellstate/chatJID/******5872@g.us/date-text/20.00/message-timestamp/2026-09-22 13:00:46 +0000
20:03:50.313 [ 184665] [main-thread   ] [F] LL_A chatsessioncellstate/chatJID/******5872@g.us/messageForPreview/ACF8530B9734C25DD868C42CAF0BAA6F)
20:03:50.313 [ 184665] [main-thread   ] [F] LL_A chat-message-preview-helper/messagePreviewForMessage/type:0
20:03:50.314 [ 184665] [main-thread   ] [F] LL_A updateCellForOldState/start/(null)
20:03:50.315 [ 184665] [main-thread   ] [F] LL_A updateCellForOldState/(null)/dateText:(null)/unreadCount:0/snippetText:nil
20:03:50.316 [ 184665] [main-thread   ] [F] LL_A chatsessions/configureCell/nil-message/jid:******0487@g.us/cached-last-message-msg-id:<******0487@g.us>_A5603061E735E6849831814B50BF79B6_0_<******7373@lid>/stale-delta-sec:0
20:03:50.316 [ 184665] [main-thread   ] [F] LL_A chatsessions/configureCell/jid:******0487@g.us/msg-id:<******0487@g.us>_A5603061E735E6849831814B50BF79B6_0_<******7373@lid>
20:03:50.316 [ 184665] [main-thread   ] [F] LL_A chatsessioncellstate/chatJID/******0487@g.us/date-text/19.53/message-timestamp/2026-09-22 12:53:11 +0000
20:03:50.316 [ 184665] [main-thread   ] [F] LL_A chatsessioncellstate/chatJID/******0487@g.us/messageForPreview/A5603061E735E6849831814B50BF79B6)
20:03:50.316 [ 184665] [main-thread   ] [F] LL_A chat-message-preview-helper/messagePreviewForMessage/type:1
20:03:50.317 [ 184665] [main-thread   ] [F] LL_A chat-message-preview-helper/snippet was truncated: 846i
20:03:50.317 [ 184665] [main-thread   ] [F] LL_E jid//primaryIdentifier at (0x60000352c030) is an invalid primary identifier for WAPhoneNumberUserJID
20:03:50.317 [ 184665] [main-thread   ] [F] LL_E jid//primaryIdentifier at (0x60000352c030) is an invalid primary identifier for WAPhoneNumberUserJID
20:03:50.318 [ 184665] [main-thread   ] [F] LL_A updateCellForOldState/start/(null)
20:03:50.318 [ 184665] [main-thread   ] [F] LL_A updateCellForOldState/(null)/dateText:(null)/unreadCount:0/snippetText:nil
20:03:50.320 [ 184665] [main-thread   ] [F] LL_A chatsessions/configureCell/nil-message/jid:******0566@lid/cached-last-message-msg-id:<******0566@lid>_3A8BDDF29FF15CA5EB72_1_0/stale-delta-sec:0
20:03:50.320 [ 184665] [main-thread   ] [F] LL_A chatsessions/configureCell/jid:******0566@lid/msg-id:<******0566@lid>_3A8BDDF29FF15CA5EB72_1_0
20:03:50.320 [ 184665] [main-thread   ] [F] LL_A chatsessioncellstate/chatJID/******0566@lid/date-text/17.55/message-timestamp/2026-09-22 10:55:55 +0000
20:03:50.320 [ 184665] [main-thread   ] [F] LL_A chatsessioncellstate/chatJID/******0566@lid/messageForPreview/3A8BDDF29FF15CA5EB72)
20:03:50.320 [ 184665] [main-thread   ] [F] LL_A chat-message-preview-helper/messagePreviewForMessage/type:0
20:03:50.321 [ 184665] [main-thread   ] [F] LL_A updateCellForOldState/start/(null)
20:03:50.321 [ 184665] [main-thread   ] [F] LL_A updateCellForOldState/(null)/dateText:(null)/unreadCount:0/snippetText:nil
20:03:50.322 [ 184665] [main-thread   ] [F] LL_A chatsessions/configureCell/nil-message/jid:******0898@lid/cached-last-message-msg-id:<******0898@lid>_AC4F47EE48DA10F5A0EA04B4FFB7B0BF_0_0/stale-delta-sec:0
20:03:50.322 [ 184665] [main-thread   ] [F] LL_A chatsessions/configureCell/jid:******0898@lid/msg-id:<******0898@lid>_AC4F47EE48DA10F5A0EA04B4FFB7B0BF_0_0
20:03:50.322 [ 184665] [main-thread   ] [F] LL_A chatsessioncellstate/chatJID/******0898@lid/date-text/17.19/message-timestamp/2026-09-22 10:19:10 +0000
20:03:50.322 [ 184665] [main-thread   ] [F] LL_A chatsessioncellstate/chatJID/******0898@lid/messageForPreview/AC4F47EE48DA10F5A0EA04B4FFB7B0BF)
20:03:50.322 [ 184665] [main-thread   ] [F] LL_A chat-message-preview-helper/messagePreviewForMessage/type:0
20:03:50.323 [ 184665] [main-thread   ] [F] LL_A updateCellForOldState/start/(null)
20:03:50.323 [ 184665] [main-thread   ] [F] LL_A updateCellForOldState/(null)/dateText:(null)/unreadCount:0/snippetText:nil
20:03:50.324 [ 184665] [main-thread   ] [F] LL_A chatsessions/configureCell/nil-message/jid:******5239@lid/cached-last-message-msg-id:<******5239@lid>_3A5C4959B196A20C94BB_1_0/stale-delta-sec:0
20:03:50.324 [ 184665] [main-thread   ] [F] LL_A chatsessions/configureCell/jid:******5239@lid/msg-id:<******5239@lid>_3A5C4959B196A20C94BB_1_0
20:03:50.324 [ 184665] [main-thread   ] [F] LL_A chatsessioncellstate/chatJID/******5239@lid/date-text/16.41/message-timestamp/2026-09-22 09:41:03 +0000
20:03:50.324 [ 184665] [main-thread   ] [F] LL_A chatsessioncellstate/chatJID/******5239@lid/messageForPreview/3A5C4959B196A20C94BB)
20:03:50.324 [ 184665] [main-thread   ] [F] LL_A chat-message-preview-helper/messagePreviewForMessage/type:8
20:03:50.325 [ 184665] [main-thread   ] [F] LL_A updateCellForOldState/start/(null)
20:03:50.325 [ 184665] [main-thread   ] [F] LL_A updateCellForOldState/(null)/dateText:(null)/unreadCount:0/snippetText:nil
20:03:50.327 [ 184665] [main-thread   ] [F] LL_A chatsessions/configureCell/nil-message/jid:******8019@lid/cached-last-message-msg-id:<******8019@lid>_00F5970AED0281FBF87406645720E204_0_0/stale-delta-sec:0
20:03:50.327 [ 184665] [main-thread   ] [F] LL_A chatsessions/configureCell/jid:******8019@lid/msg-id:<******8019@lid>_00F5970AED0281FBF87406645720E204_0_0
20:03:50.327 [ 184665] [main-thread   ] [F] LL_A chatsessioncellstate/chatJID/******8019@lid/date-text/16.23/message-timestamp/2026-09-22 09:23:36 +0000
20:03:50.327 [ 184665] [main-thread   ] [F] LL_A chatsessioncellstate/chatJID/******8019@lid/messageForPreview/00F5970AED0281FBF87406645720E204)
20:03:50.327 [ 184665] [main-thread   ] [F] LL_A chat-message-preview-helper/messagePreviewForMessage/type:59
20:03:50.328 [ 184665] [main-thread   ] [F] LL_A updateCellForOldState/start/(null)
20:03:50.328 [ 184665] [main-thread   ] [F] LL_A updateCellForOldState/(null)/dateText:(null)/unreadCount:0/snippetText:nil
20:03:50.329 [ 184665] [main-thread   ] [F] LL_A chatsessions/configureCell/nil-message/jid:******3741@lid/cached-last-message-msg-id:<******3741@lid>_ACC057006FFFCFF5F89331E87B2B266E_0_0/stale-delta-sec:0
20:03:50.329 [ 184665] [main-thread   ] [F] LL_A chatsessions/configureCell/jid:******3741@lid/msg-id:<******3741@lid>_ACC057006FFFCFF5F89331E87B2B266E_0_0
20:03:50.329 [ 184665] [main-thread   ] [F] LL_A chatsessioncellstate/chatJID/******3741@lid/date-text/15.47/message-timestamp/2026-09-22 08:47:20 +0000
20:03:50.329 [ 184665] [main-thread   ] [F] LL_A chatsessioncellstate/chatJID/******3741@lid/messageForPreview/ACC057006FFFCFF5F89331E87B2B266E)
20:03:50.329 [ 184665] [main-thread   ] [F] LL_A chat-message-preview-helper/messagePreviewForMessage/type:0
20:03:50.331 [ 184665] [main-thread   ] [F] LL_A updateCellForOldState/start/(null)
20:03:50.331 [ 184665] [main-thread   ] [F] LL_A updateCellForOldState/(null)/dateText:(null)/unreadCount:0/snippetText:nil
20:03:50.332 [ 184665] [main-thread   ] [F] LL_A chatsessions/configureCell/nil-message/jid:******6812@lid/cached-last-message-msg-id:<******6812@lid>_AC6656CC0979BA4BA3A1923C477DB5D3_0_0/stale-delta-sec:0
20:03:50.333 [ 184665] [main-thread   ] [F] LL_A chatsessions/configureCell/jid:******6812@lid/msg-id:<******6812@lid>_AC6656CC0979BA4BA3A1923C477DB5D3_0_0
20:03:50.333 [ 184665] [main-thread   ] [F] LL_A chatsessioncellstate/chatJID/******6812@lid/date-text/13.02/message-timestamp/2026-09-22 06:02:01 +0000
20:03:50.333 [ 184665] [main-thread   ] [F] LL_A chatsessioncellstate/chatJID/******6812@lid/messageForPreview/AC6656CC0979BA4BA3A1923C477DB5D3)
20:03:50.333 [ 184665] [main-thread   ] [F] LL_A chat-message-preview-helper/messagePreviewForMessage/type:0
20:03:50.334 [ 184665] [main-thread   ] [F] LL_A updateCellForOldState/start/(null)
20:03:50.334 [ 184665] [main-thread   ] [F] LL_A updateCellForOldState/(null)/dateText:(null)/unreadCount:0/snippetText:nil
20:03:50.348 [ 184665] [main-thread   ] [F] LL_A chatlist/messageRequestsCell/fetched unread message request session count async
LL_S <
2026-09-22 20:03:50.374 WhatsApp[4484:184665] Unbalanced calls to begin/end appearance transitions for <WARootViewController: 0x137ac5400>.
LL_S >
20:03:50.379 [ 184665] [main-thread   ] [F] LL_A ai/manager/sync/start
20:03:50.381 [ 209906] [normal        ] [F] LL_N stream//> send > [iq/get ns=bot t=s.whatsapp.net id=1790079492-37]
20:03:50.383 [ 184665] [main-thread   ] [F] LL_A in-app-purchase/single-purchase-listener/stop-listening
20:03:50.383 [ 184665] [main-thread   ] [F] LL_A in-app-purchase-2/storekit-listener/stop-listening
20:03:50.386 [ 184665] [main-thread   ] [F] LL_A in-app-purchase/single-purchase-listener/start-listening/start-listening
20:03:50.386 [ 184665] [main-thread   ] [F] LL_A in-app-purchase/single-purchase-listener/is-storekit-2-enabled: true
20:03:50.386 [ 184665] [main-thread   ] [F] LL_A in-app-purchase-2/storekit-listener/start-listening/start
20:03:50.388 [ 209907] [cooperative   ] [F] LL_A in-app-purchase-2/storekit-listener/deinit
20:03:50.388 [ 209907] [cooperative   ] [F] LL_A in-app-purchase-2/storekit-listener/stop-listening
20:03:51.037 [ 209904] [call-out      ] [F] LL_A systemnotificationsettings//current-unnotification-settings [<UNNotificationSettings: 0x600000b7d9e0; authorizationStatus: Denied, notificationCenterSetting: Enabled, soundSetting: Enabled, badgeSetting: Enabled, lockScreenSetting: Enabled, carPlaySetting: Disabled, announcementSetting: NotSupported, criticalAlertSetting: NotSupported, timeSensitiveSetting: NotSupported, alertSetting: Enabled, scheduledDeliverySetting: NotSupported, directMessagesSetting: NotSupported, alertStyle: Banner, groupingSetting: Default providesAppNotificationSettings: Yes>]
20:03:51.040 [ 184665] [main-thread   ] [F] LL_A rootview//inapp-alerts-enabled [YES]
20:03:51.258 [ 209902] [call-out      ] [F] LL_A systemnotificationsettings//current-unnotification-settings [<UNNotificationSettings: 0x600000b3fa80; authorizationStatus: Denied, notificationCenterSetting: Enabled, soundSetting: Enabled, badgeSetting: Enabled, lockScreenSetting: Enabled, carPlaySetting: Disabled, announcementSetting: NotSupported, criticalAlertSetting: NotSupported, timeSensitiveSetting: NotSupported, alertSetting: Enabled, scheduledDeliverySetting: NotSupported, directMessagesSetting: NotSupported, alertStyle: Banner, groupingSetting: Default providesAppNotificationSettings: Yes>]
20:03:51.258 [ 184665] [main-thread   ] [F] LL_A rootview//inapp-alerts-enabled [YES]
20:03:51.570 [ 209236] [memory-us…ging] [F] LL_A app//memory: System [Used 5602MB, Free 119MB] Process [Footprint 160MB (+3MB), Available 0MB, Peak 163MB] [cpu/s: 0.333]
20:03:52.721 [ 184665] [main-thread   ] [F] LL_A task-manager//task-manager/run-task task-manager = <WATaskManager: 0x600001724100>, quiet mode 0 _executingTask 0
20:03:52.721 [ 184665] [main-thread   ] [F] LL_A task-manager//run-task-in-group task-manager = <WATaskManager: 0x600001724100>, queue=<WATaskQueue: 0x600001254af0>
20:03:52.721 [ 184665] [main-thread   ] [F] LL_A task-manager//task-queue/find-task to be executed task = <WARepeatingBlockTask: 0x60000122ca80 [disappearing-mode-store/recovery]>  queue=<WATaskQueue: 0x600001254af0>
20:03:52.721 [ 184665] [main-thread   ] [F] LL_A task-manager//task/start [<WATaskQueue: 0x600001254af0>]
20:03:52.722 [ 184665] [main-thread   ] [F] LL_A task-manager//task-manager/run-task task-manager = <WATaskManager: 0x600001724100>, quiet mode 0 _executingTask 1
20:03:52.722 [ 184665] [main-thread   ] [F] LL_A task-manager//task-manager/run-task task-manager = <WATaskManager: 0x600001724100>, quiet mode 0 _executingTask 1
20:03:52.722 [ 209904] [utility-qos   ] [F] LL_A task-manager//task-queue/run-task on queue task = <WARepeatingBlockTask: 0x60000122ca80 [disappearing-mode-store/recovery]>, queue = <WATaskQueue: 0x600001254af0>
20:03:52.725 [ 209904] [NSManaged…a970] [F] LL_A storage//save/success [KVStore-LocalKeyValue.sqlite in 0.00s with changes]
20:03:52.725 [ 209904] [repeating-task] [F] LL_A task-manager//task-queue/task-completion task = <WARepeatingBlockTask: 0x60000122ca80 [disappearing-mode-store/recovery]>, queue = <WATaskQueue: 0x600001254af0>, should-run-again = 0
20:03:52.726 [ 184665] [main-thread   ] [F] LL_A task-manager//task finished for task-manager = <WATaskManager: 0x600001724100> on queue=<WATaskQueue: 0x600001254af0>
20:03:52.726 [ 184665] [main-thread   ] [F] LL_A task-manager//task-manager/run-task task-manager = <WATaskManager: 0x600001724100>, quiet mode 0 _executingTask 0
20:03:52.726 [ 184665] [main-thread   ] [F] LL_A task-manager//run-task-in-group task-manager = <WATaskManager: 0x600001724100>, queue=<WATaskQueue: 0x600001254bd0>
20:03:52.726 [ 184665] [main-thread   ] [F] LL_A task-manager//task-queue/find-task to be executed task = <WARepeatingBlockTask: 0x60000123a290 [mm-cd-server-sync]>  queue=<WATaskQueue: 0x600001254bd0>
20:03:52.726 [ 184665] [main-thread   ] [F] LL_A task-manager//task/start [<WATaskQueue: 0x600001254bd0>]
20:03:52.726 [ 209904] [utility-qos   ] [F] LL_A task-manager//task-queue/run-task on queue task = <WARepeatingBlockTask: 0x60000123a290 [mm-cd-server-sync]>, queue = <WATaskQueue: 0x600001254bd0>
20:03:52.729 [ 209904] [normal        ] [F] LL_N stream//> send > [iq/set ns=tos t=s.whatsapp.net id=1790079492-38]
20:03:53.508 [ 184665] [main-thread   ] [F] LL_A chatsessions//mac-cell-tap/did-highlight/row: 4, section: 16, isEditing: 0, isFirstResponder: 0
20:03:53.514 [ 184665] [main-thread   ] [F] LL_A chatsessions//mac-cell-tap/did-unhighlight/row: 4, section: 16
20:03:53.515 [ 184665] [main-thread   ] [F] LL_A chatlist//chatlist/selected-row/4/section:16
20:03:53.515 [ 184665] [main-thread   ] [F] LL_A chatsessions//did-select-row/index path row: 4, section: 16
20:03:53.517 [ 184665] [main-thread   ] [F] LL_A chatsessions//mac-cell-tap/present-requested/row: 4, section: 16, jid: ******5239@lid
20:03:53.517 [ 184665] [main-thread   ] [F] LL_A chatsessions//present-chat-session/index path row: 4, section: 16
20:03:53.525 [ 184665] [main-thread   ] [F] LL_A chatstorage/msg-search//indexing/should-index-rapidly 0
20:03:53.525 [ 184665] [main-thread   ] [F] LL_A app-launch-logger/ChatInit-start: 18840147
20:03:53.544 [ 184665] [main-thread   ] [F] LL_A /abprops/rid [Optional("ARfbW0P6VBcjE5sNNJUZ1eNfjGGnt40iOrcjzGCNePY28Qbgsckpr0xuQZ/noDhm/b/6z2Dvu3c0M+Rb")]
20:03:53.551 [ 184665] [main-thread   ] [F] LL_A WDSViewControllers/ViewControllerTTRCLogger/enableTTRCPerfTracking/class name = WAChatViewController
20:03:53.583 [ 184665] [main-thread   ] [F] LL_A app-launch-logger/ChatInit-end: 18840205
20:03:53.584 [ 184665] [main-thread   ] [F] LL_A nav/setViewControllers/start [count=1, animated=0]
20:03:53.584 [ 184665] [main-thread   ] [F] LL_A secure-lock-manager/unlockForPresenting [vcCount=1]
20:03:53.584 [ 184665] [main-thread   ] [F] LL_A nav/setViewControllers/prepared [prepared=1]
20:03:53.584 [ 184665] [main-thread   ] [F] LL_A nav/reallySetViewControllers [count=1, animated=0]
20:03:53.585 [ 184665] [main-thread   ] [F] LL_A screen-impression/WAChatNavigationController/setViewControllers/ChatViewController
20:03:53.587 [ 184665] [main-thread   ] [F] LL_A screen-impression/WANavigationController/viewWillDisappear
20:03:53.587 [ 184665] [main-thread   ] [F] LL_A screen-impression/WAEmptyViewController/viewWillDisappear
20:03:53.588 [ 184665] [main-thread   ] [F] LL_A screen-impression/WAChatNavigationController/viewWillAppear
20:03:53.591 [ 184665] [main-thread   ] [F] LL_A screen-impression/ChatViewController/viewDidLoad
LL_S <
2026-09-22 20:03:53.627 WhatsApp[4484:184665] This NSLayoutConstraint is being configured with a constant that exceeds internal limits.  A smaller value will be substituted, but this problem should be fixed. Break on BOOL _NSLayoutConstraintNumberExceedsLimit(void) to debug.  This will be logged only once.  This may break in the future.
LL_S >
20:03:53.631 [ 184665] [main-thread   ] [F] LL_A chatvc-new-navbar//profile-pic/set/<******5239@lid>
20:03:53.643 [ 184665] [main-thread   ] [F] LL_A screen-impression/ChatViewController/viewWillAppear
20:03:53.650 [ 184665] [main-thread   ] [F] LL_A chatview-base-class-overrides/loadMessages: [internalMsgCount=11, count=10, internalHasMoreResults=true]
20:03:53.650 [ 184665] [main-thread   ] [F] LL_A chatview-base-class-overrides/loadMessages: [hasMoreResultsPointee=false]
20:03:53.650 [ 184665] [main-thread   ] [F] LL_A chatview-base-class-overrides/loadMessages/update-has-more-result: [internalHasMoreResults=true]
20:03:53.650 [ 184665] [main-thread   ] [F] LL_A chatview-base-class-overrides/reload/load-last/10
20:03:53.659 [ 184665] [main-thread   ] [F] LL_E wa-meta-ai-rich-response-utils/isMessageUnifiedResponseAndMetaAIThreadAndSliceViewAndStreamingOptimizationsEnabled/message-or-abprops-nil
20:03:53.660 [ 184665] [main-thread   ] [F] LL_E wa-meta-ai-rich-response-utils/isMessageUnifiedResponseAndMetaAIThreadAndSliceViewAndStreamingOptimizationsEnabled/message-or-abprops-nil
20:03:53.660 [ 184665] [main-thread   ] [F] LL_A chatstorage//save/ids/success [ChatDB in 0.00s]
20:03:53.660 [ 184665] [main-thread   ] [F] LL_A chatstorage//save/process [ChatDB in 0.00s]
20:03:53.661 [ 184665] [main-thread   ] [F] LL_A chatstorage//indexing/should index messages 0
20:03:53.661 [ 184665] [main-thread   ] [F] LL_A storage//save/success [ChatDB in 0.00s with no changes]
20:03:53.661 [ 184665] [main-thread   ] [F] LL_A chatstorage//save/aggregated success [ChatDB in 0.00s]
20:03:53.661 [ 184665] [main-thread   ] [F] LL_A chatstorage//save/ids/success [ChatDB in 0.00s]
20:03:53.661 [ 184665] [main-thread   ] [F] LL_A chatstorage//save/process [ChatDB in 0.00s]
20:03:53.661 [ 184665] [main-thread   ] [F] LL_A chatstorage//indexing/should index messages 0
20:03:53.661 [ 184665] [main-thread   ] [F] LL_A storage//save/success [ChatDB in 0.00s with no changes]
20:03:53.662 [ 184665] [main-thread   ] [F] LL_A chatstorage//save/aggregated success [ChatDB in 0.00s]
20:03:53.662 [ 184665] [main-thread   ] [F] LL_A chatvcnew-group-catch-up/cleared
20:03:53.710 [ 184665] [main-thread   ] [F] LL_A chatvcnew-alerts/will remove social banner
LL_S <
2026-09-22 20:03:53.749 WhatsApp[4484:184665] CoreAnimation: zPosition should be within (-FLT_MAX, FLT_MAX) range.
LL_S >
LL_S <
2026-09-22 20:03:53.749 WhatsApp[4484:184665] CoreAnimation: zPosition should be within (-FLT_MAX, FLT_MAX) range.
LL_S >
LL_S <
2026-09-22 20:03:53.750 WhatsApp[4484:184665] CoreAnimation: zPosition should be within (-FLT_MAX, FLT_MAX) range.
LL_S >
20:03:53.755 [ 184665] [main-thread   ] [F] LL_A history-sync-companion/ui-controller/current-state/last update: 2026-09-22 12:18:10 +0000/time since: 2743.7495270967484
20:03:53.761 [ 184665] [main-thread   ] [F] LL_A chatvcnew-alerts/will remove social banner
20:03:53.763 [ 184665] [main-thread   ] [F] LL_A calling-chat-handler-voice-chat-pill/showVoiceChatPillIfNeeded/false/false
20:03:53.763 [ 184665] [main-thread   ] [F] LL_W ai/tos-manager/isTOSNoticeAccepted/no saved TOS status
20:03:53.766 [ 209236] [normal        ] [F] LL_N stream//> send > [presence/subscribe t=******5239@lid]
20:03:53.796 [ 184665] [main-thread   ] [F] LL_A secure-nav/didShowViewController [topVC=WAChatViewController, animated=0, vcCount=1]
20:03:53.796 [ 184665] [main-thread   ] [F] LL_A secure-lock-manager/refreshSecureLocks/start [tracked={(
LL_A )}]
20:03:53.796 [ 184665] [main-thread   ] [F] LL_A secure-lock-manager/refreshSecureLocks/hierarchy-locks [needed={(
LL_A )}]
20:03:53.799 [ 184665] [main-thread   ] [F] LL_A chatvcnew-view-lifecycle/chat-vc/view-is-appearing
20:03:53.803 [ 184665] [main-thread   ] [F] LL_A wa-draggable-input/updateBottomInset/safe-area-inset: 0.000000, keyboardHeight: 0.000000, height: 52.500000
20:03:53.803 [ 184665] [main-thread   ] [F] LL_A wa-draggable-input/updateBottomInset/bottom-inset: 52.500000, lastBottomInset: 0.000000, presentingViewControllerSafeAreaInset: 0.000000
20:03:53.803 [ 184665] [main-thread   ] [F] LL_A draggable-input-view/layout-subviews/height: 52.500000
20:03:53.803 [ 184665] [main-thread   ] [F] LL_A wa-draggable-input/updateBottomInset/safe-area-inset: 0.000000, keyboardHeight: 0.000000, height: 52.500000
20:03:53.803 [ 184665] [main-thread   ] [F] LL_A wa-draggable-input/updateBottomInset/bottom-inset: 52.500000, lastBottomInset: 52.500000, presentingViewControllerSafeAreaInset: 0.000000
LL_S <
2026-09-22 20:03:53.826 WhatsApp[4484:184665] CoreAnimation: zPosition should be within (-FLT_MAX, FLT_MAX) range.
LL_S >
LL_S <
2026-09-22 20:03:53.826 WhatsApp[4484:184665] CoreAnimation: zPosition should be within (-FLT_MAX, FLT_MAX) range.
LL_S >
LL_S <
2026-09-22 20:03:53.826 WhatsApp[4484:184665] CoreAnimation: zPosition should be within (-FLT_MAX, FLT_MAX) range.
LL_S >
20:03:53.829 [ 209904] [normal        ] [F] LL_N xmpp//< recv < [ack/receipt/hist_sync f=******4152:0@lid id=3A7821363B91CB9C5818]
20:03:53.830 [ 209904] [normal        ] [F] LL_N xmpp//< recv < [iq/result f=s.whatsapp.net id=1790079492-36]
20:03:53.830 [ 209904] [normal        ] [F] LL_A fieldstats/wameta/transport/buffer/send/succeeded - accountUUID: <legacy-primary>, stream id: 1, channel: 0, sequenceNumber: 2849, eventCount: 9, recordCount: 135
20:03:53.830 [ 209236] [normal        ] [F] LL_W xmpp/main//ack/receipt-ack-unhandled: [ack/receipt/hist_sync f=******4152:0@lid id=3A7821363B91CB9C5818]
20:03:53.830 [ 209907] [WamBufferStore] [F] LL_A fieldstats/wameta///buffer/drop/succeeded - accountUUID: <legacy-primary>, bufferType: old, file: wam-o-1-0-2849
20:03:53.830 [ 209907] [utility       ] [F] LL_A fieldstats/wameta///buffer/fetch/initiated - accountUUID: <legacy-primary>, streamId: 1, bufferType: old, bufferRootDir: /Users/adistyputri/Library/Group Containers/group.net.whatsapp.WhatsApp.shared/FieldStats2/WhatsApp, fetchLimit: 20
20:03:53.830 [ 209907] [WamBufferStore] [F] LL_A fieldstats/wameta///buffer/fetch/cross-context - accountUUID: <legacy-primary>, will fetch from 1 directories
20:03:53.830 [ 209907] [WamBufferStore] [F] LL_A fieldstats/wameta///buffer/fetch/dir: /Users/adistyputri/Library/Group Containers/group.net.whatsapp.WhatsApp.shared/FieldStats2/WhatsApp/wam-o, count: 0
20:03:53.830 [ 209907] [WamBufferStore] [F] LL_A fieldstats/wameta///buffer/fetch/completed - accountUUID: <legacy-primary>, bufferType: old, successfully parsed: 0 buffers
20:03:53.850 [ 209236] [normal        ] [F] LL_N xmpp//< recv < [iq/result f=s.whatsapp.net id=1790079492-37]
20:03:53.851 [ 209236] [normal        ] [F] LL_A sync-session//usync/request/start/ cl:n dl:n dm:n pl:n sl:n st:n bz:y lid:n un=[n] ts:n cl=[1] sl=[0]
20:03:53.852 [ 209236] [normal        ] [F] LL_A sync-session//usync/request/begin/batch/0
20:03:53.853 [ 209236] [normal        ] [F] LL_N stream//> send > [iq/get ns=usync t=******8311@s.whatsapp.net id=1790079492-39 [usync]]
20:03:53.855 [ 184665] [main-thread   ] [F] LL_A chatvcnew-view-lifecycle/chat-vc/view-did-appear
20:03:53.857 [ 209907] [NSManaged…a970] [F] LL_A storage//save/success [KVStore-LocalKeyValue.sqlite in 0.00s with changes]
20:03:53.857 [ 209907] [profilepi…ueue] [F] LL_A waprofilepicturemanager/bot-thumbnail-profile-picture-detected
20:03:53.864 [ 184665] [main-thread   ] [F] LL_A wa-draggable-input/updateBottomInset/safe-area-inset: 0.000000, keyboardHeight: 0.000000, height: 52.500000
20:03:53.864 [ 184665] [main-thread   ] [F] LL_A wa-draggable-input/updateBottomInset/bottom-inset: 52.500000, lastBottomInset: 52.500000, presentingViewControllerSafeAreaInset: 0.000000
20:03:53.864 [ 184665] [main-thread   ] [F] LL_A draggable-input-view/layout-subviews/height: 52.500000
20:03:53.864 [ 184665] [main-thread   ] [F] LL_A wa-draggable-input/updateBottomInset/safe-area-inset: 0.000000, keyboardHeight: 0.000000, height: 52.500000
20:03:53.864 [ 184665] [main-thread   ] [F] LL_A wa-draggable-input/updateBottomInset/bottom-inset: 52.500000, lastBottomInset: 52.500000, presentingViewControllerSafeAreaInset: 0.000000
20:03:53.879 [ 184665] [main-thread   ] [F] LL_A task-manager//task-queue/schedule-task task=<WABlockTask: 0x60000344b450 [change-number-cleanup]> task-manager=<WATaskManager: 0x600001724100>, queue=<WATaskQueue: 0x600001254af0> existingTask=0, tasksArrayCount=68
20:03:53.879 [ 184665] [main-thread   ] [F] LL_A calling-chat-handler-button-state/update-buttons-on-group-info-change/startCallButtonDisabled: false, addToCallDisabled: true, isCurrentCallVideo: false, isAudioCallJoinable: false, isVideoCallJoinable: false
20:03:53.880 [ 184665] [main-thread   ] [F] LL_A chatvcnew-alerts/will remove social banner
20:03:53.881 [ 184665] [main-thread   ] [F] LL_A chatvcnew-alerts/will remove social banner
20:03:53.881 [ 184665] [main-thread   ] [F] LL_A chatvcnew-alerts/will remove social banner
20:03:53.881 [ 184665] [main-thread   ] [F] LL_A task-manager//task-queue/schedule-task task=<WABlockTask: 0x600003448b10 [change-number-cleanup]> task-manager=<WATaskManager: 0x600001724100>, queue=<WATaskQueue: 0x600001254af0> existingTask=0, tasksArrayCount=69
LL_S <
2026-09-22 20:03:53.890 WhatsApp[4484:184665] Warning: The selected font is a system font, but the macOS font panel will not show system fonts to the user. When configuring a text view to display rich text, you should only use fonts that are available for selection (see NSFontManager.availableFonts). A fallback font (Helvetica) will be shown to the user instead.
LL_S >
20:03:53.892 [ 184665] [main-thread   ] [F] LL_A chatmsgs/load-earlier-or-later: [hasEarlierMessages=true, hasMoreRecentMessages=false, infiniteScrollingCounter=0]
20:03:53.892 [ 184665] [main-thread   ] [F] LL_A chatmsgs/load-earlier-or-later/hasEarlierMessages: [firstIndexPath: section=0, row=1]
20:03:53.892 [ 184665] [main-thread   ] [F] LL_A chatmsgs/load-earlier-or-later/hasEarlierMessages/first index is not at the top -> stop loading earlier
20:03:53.892 [ 184665] [main-thread   ] [F] LL_A notif-center//user-notification-center/remove-all-delivered-on-foreground
20:03:53.902 [ 184665] [main-thread   ] [F] LL_A chatsessions//chat-messages-viewcontroller-didappear select row chatSession:<******5239@lid>
20:03:53.902 [ 184665] [main-thread   ] [F] LL_A chatlist//select-row/ chatJID: <******5239@lid>
20:03:53.902 [ 184665] [main-thread   ] [F] LL_A chatsessions//select-row/chatSession:******5239@lid
20:03:53.902 [ 184665] [main-thread   ] [F] LL_A chatsessions//select-indexpath indexPath:<NSIndexPath: 0xa88082748934f980> {length = 2, path = 16 - 4}. Row:4 section:16
20:03:53.905 [ 184665] [main-thread   ] [F] LL_A ai-summary-config/disabled: companionCheck=false languageCheck=false isCompanion=true enableOnCompanion=false lang=en
20:03:53.905 [ 184665] [main-thread   ] [F] LL_A ai/chat-messages-vc-summary/should-display/disabled [configEnabled=false hasChatSession=true hasChatJID=true isDefaultMetaAI=false isOfficialFB=false isOfficialWASurvey=false isPSA=false optedOut=false suspicious=false]
20:03:53.936 [ 184665] [main-thread   ] [F] LL_A notif-center//user-notification-center/remove-all-delivered-on-foreground
20:03:53.952 [ 184665] [main-thread   ] [F] LL_A chatstorage//save/ids/success [ChatDB in 0.00s]
20:03:53.952 [ 184665] [main-thread   ] [F] LL_A chatstorage//save/process [ChatDB in 0.00s]
20:03:53.952 [ 184665] [main-thread   ] [F] LL_A chatstorage//indexing/should index messages 0
20:03:53.954 [ 184665] [main-thread   ] [F] LL_A storage//save/success [ChatDB in 0.00s with changes]
20:03:53.954 [ 184665] [main-thread   ] [F] LL_A chatstorage//save/aggregated success [ChatDB in 0.00s]
20:03:53.958 [ 184665] [main-thread   ] [F] LL_A chatmsgs/load-earlier-or-later: [hasEarlierMessages=true, hasMoreRecentMessages=false, infiniteScrollingCounter=0]
20:03:53.958 [ 184665] [main-thread   ] [F] LL_A chatmsgs/load-earlier-or-later/hasEarlierMessages: [firstIndexPath: section=0, row=1]
20:03:53.958 [ 184665] [main-thread   ] [F] LL_A chatmsgs/load-earlier-or-later/hasEarlierMessages/first index is not at the top -> stop loading earlier
20:03:54.005 [ 184665] [main-thread   ] [F] LL_A storage//save/background/done [ChatDB in 0.11s with changes from 'NSManagedObjectContext 0x600000295a00']
20:03:54.005 [ 184665] [main-thread   ] [F] LL_A chatview-v2-main/macos/cleared-notifications: 22
20:03:54.005 [ 184665] [main-thread   ] [F] LL_A storage//save/background/done [ChatDB in 0.11s with no changes from 'NSManagedObjectContext 0x6000002d5110']
20:03:54.005 [ 184665] [main-thread   ] [F] LL_A badge-controller/5 BadgeController/didCommitReadTransaction
20:03:54.006 [ 184665] [main-thread   ] [F] LL_A badge-data-source/local-unread-count/messages: [0], missed-calls: [0], nse-messages: [0]
20:03:54.009 [ 184665] [main-thread   ] [F] LL_A chatstorage//save/ids/success [ChatDB in 0.00s]
20:03:54.009 [ 184665] [main-thread   ] [F] LL_A chatstorage//save/process [ChatDB in 0.00s]
20:03:54.009 [ 184665] [main-thread   ] [F] LL_A chatstorage//indexing/should index messages 0
20:03:54.010 [ 184665] [main-thread   ] [F] LL_A storage//save/success [ChatDB in 0.00s with changes]
20:03:54.010 [ 184665] [main-thread   ] [F] LL_A chatstorage//save/aggregated success [ChatDB in 0.00s]
20:03:54.570 [ 209236] [memory-us…ging] [F] LL_A app//memory: System [Used 5598MB, Free 130MB] Process [Footprint 169MB (+8MB), Available 0MB, Peak 171MB] [cpu/s: 0.412]
20:03:54.745 [ 209902] [jobsqueue     ] [F] LL_A breadcrumb/bot-authoring/prefetch/start path=app-job
20:03:54.745 [ 209906] [cooperative   ] [F] LL_A breadcrumb/bot-authoring/crl-fetch/ensure-entry crl=whatsapp_simple_signal hasMemEntry=true memExpired=false
20:03:54.745 [ 209906] [cooperative   ] [F] LL_A breadcrumb/bot-authoring/crl-fetch/ensure-entry crl=whatsapp_feature hasMemEntry=true memExpired=true
20:03:54.745 [ 184665] [main-thread   ] [F] LL_A status-in-chats/Lukewarm-defer: warm/lukewarm-start job (AfterEveryWarmStart) — abprop off, skipping
20:03:54.748 [ 209906] [cooperative   ] [F] LL_A breadcrumb/bot-authoring/crl-fetch/disk-hit crl=whatsapp_feature restoredExpired=true
20:03:54.748 [ 209906] [cooperative   ] [F] LL_A breadcrumb/bot-authoring/crl-fetch/start crl=whatsapp_feature verifyAtFetch=true
20:03:54.756 [ 209904] [normal        ] [F] LL_N stream//> send > [iq/get ns=w:mex t=s.whatsapp.net id=1790079492-40]
20:03:54.780 [ 184665] [main-thread   ] [F] LL_A peer-data-operation-request-manager/placeholdersMessageResendRequest sent message to primary requesting backfill for messageIDs: [[WAMessageID: remote: <******5239@lid>, participant: (null), fromMe: 1, stanza: 3A7BBA2BD6D0FFC728DA]]
20:03:54.781 [ 184665] [main-thread   ] [F] LL_A peer-message-sending/PeerMessageSender/internalSendAndEnsureDelivery/sending peer msg 3B213ACCEB7DF2BB07C3 to <******8311:0@s.whatsapp.net> at attempt 0
20:03:54.782 [ 209236] [peer-messaging] [F] LL_A peer-message-status-managing/PeerMessageStatusManager/updatePeerMessageToSendingStatus/Unable to load existingMessage from stanzaID: 3B213ACCEB7DF2BB07C3
20:03:54.784 [ 209236] [NSManaged…a970] [F] LL_A storage//save/success [KVStore-LocalKeyValue.sqlite in 0.00s with changes]
20:03:54.785 [ 209236] [NSManaged…a970] [F] LL_A storage//save/success [KVStore-LocalKeyValue.sqlite in 0.00s with changes]
20:03:54.791 [ 209236] [NSManaged…4ea0] [F] LL_A signal/store//session/fetch/success devices-with-session-count=1 devices-without-session=0 {(
LL_A )}
20:03:54.791 [ 209236] [crypto        ] [F] LL_A signal/store//identity/fetch/user-jids={(
LL_A     <******8311@s.whatsapp.net>,
LL_A     <******4152@lid>
LL_A )}
20:03:54.791 [ 209236] [NSManaged…4ea0] [F] LL_A signal/store//identity/fetch/success count=2 users=(
LL_A     "<******8311:0@s.whatsapp.net>",
LL_A     "<******4152:0@lid>"
LL_A )
20:03:54.792 [ 209236] [crypto        ] [F] LL_A signal/store//batch-context/08E1F134-4A39-4373-8F18-E3B6DDBB3777/encryptMessage:inChat:forDeviceJIDs:icdcMetadataByUserJID:recipientUserJIDIfIndividualChat:retryCount:isBackfill:allowPQ:/deferredSaveCount is 1 after incrementing
20:03:54.792 [ 209236] [crypto        ] [F] LL_A signal/store//batch-context/08E1F134-4A39-4373-8F18-E3B6DDBB3777/encryptMessage:inChat:forDeviceJIDs:icdcMetadataByUserJID:recipientUserJIDIfIndividualChat:retryCount:isBackfill:allowPQ:/begin-execute
20:03:54.792 [ 209236] [crypto        ] [F] LL_A signal/store//session/cache/device-count=1 devices={(
LL_A     <******4152:0@lid>
LL_A )}
20:03:54.792 [ 209904] [NSManaged…4ea0] [F] LL_A signal/store//session/fetch/device=<******4152:0@lid>
20:03:54.793 [ 209904] [NSManaged…4ea0] [F] LL_A signal/store//session/store/update WASignalAddress { d: <******4152:0@lid> ; pq: NO ; scope: 0 }
20:03:54.793 [ 209904] [NSManaged…4ea0] [F] LL_A signal/store//save/skipped/deferredSaveCount is 1
20:03:54.793 [ 209904] [NSManaged…4ea0] [F] LL_A signal/store//session/store/success WASignalAddress { d: <******4152:0@lid> ; pq: NO ; scope: 0 }
20:03:54.793 [ 209236] [crypto        ] [F] LL_A signal/store//batch-context/08E1F134-4A39-4373-8F18-E3B6DDBB3777/encryptMessage:inChat:forDeviceJIDs:icdcMetadataByUserJID:recipientUserJIDIfIndividualChat:retryCount:isBackfill:allowPQ:/end-execute
20:03:54.793 [ 209236] [NSManaged…4ea0] [F] LL_A storage//save/success [SignalDB in 0.00s with changes]
20:03:54.793 [ 209236] [NSManaged…4ea0] [F] LL_A signal/store//batch-context/08E1F134-4A39-4373-8F18-E3B6DDBB3777/encryptMessage:inChat:forDeviceJIDs:icdcMetadataByUserJID:recipientUserJIDIfIndividualChat:retryCount:isBackfill:allowPQ:/deferredSaveCount is 0 after decrementing
20:03:54.795 [ 209236] [normal        ] [F] LL_N stream//> send > [text/ id=3B213ACCEB7DF2BB07C3 t=******4152:0@lid [enc {146b}] [meta]]
20:03:55.119 [ 184665] [main-thread   ] [F] LL_E wamediaimgops/image-metadata/failed 571
20:03:55.125 [ 184665] [main-thread   ] [F] LL_A chatmsgs/reactEventBug/react-action-added
20:03:55.130 [ 184665] [main-thread   ] [F] LL_E wamediaimgops/image-metadata/failed 571
20:03:55.130 [ 184665] [main-thread   ] [F] LL_E wamediaimgops/image-metadata/failed 571
20:03:56.508 [ 184665] [main-thread   ] [F] LL_A task-manager//task-manager/run-task task-manager = <WATaskManager: 0x600001724100>, quiet mode 0 _executingTask 1
20:03:56.567 [ 184665] [main-thread   ] [F] LL_E wamediaimgops/image-metadata/failed 571
20:03:56.568 [ 184665] [main-thread   ] [F] LL_A chatmsgs/reactEventBug/react-action-added
20:03:56.569 [ 184665] [main-thread   ] [F] LL_E wamediaimgops/image-metadata/failed 571
20:03:56.569 [ 184665] [main-thread   ] [F] LL_E wamediaimgops/image-metadata/failed 571
20:03:57.222 [ 184665] [main-thread   ] [F] LL_A qlpreviewcontroller/can preview item: "file:///var/folders/wc/cgzqpy6j07g_mrxyy7d1fl_80000gn/T/net.whatsapp.WhatsApp/documents/C2CB8AC5-92E0-453F-9263-437DD0818317/Pertemuan1Tugas1.zip" (can preview? 1, file exists: 1, file size: 1610958)
20:03:57.225 [ 184665] [main-thread   ] [F] LL_A screen-impression/WAQuickLookPreviewController/viewDidLoad
20:03:57.232 [ 184665] [main-thread   ] [F] LL_A screen-impression/WASplitViewController/willPresentModally/WAQuickLookPreviewController
20:03:57.232 [ 184665] [main-thread   ] [F] LL_A screen-impression/WAQuickLookPreviewController/viewWillAppear
20:03:57.278 [ 209906] [normal        ] [F] LL_N xmpp//< recv < [iq/error code=400 f=s.whatsapp.net id=1790079492-38]
20:03:57.279 [ 209906] [normal        ] [F] LL_E mm-disclosure/tos-rpc-client/delete-mm-tos/client-failure: bad-request
20:03:57.279 [ 209906] [normal        ] [F] LL_E mm-disclosure/tos-sync/[wbii] TOS delete sync failed, will retry
20:03:57.279 [ 209906] [normal        ] [F] LL_N xmpp//< recv < [presence/unavailable f=******5239:0@lid]
20:03:57.280 [ 209236] [NSManaged…a970] [F] LL_A storage//save/success [KVStore-LocalKeyValue.sqlite in 0.00s with changes]
20:03:57.280 [ 209906] [normal        ] [F] LL_N xmpp//< recv < [iq/result f=******8311:0@s.whatsapp.net id=1790079492-39 [usync]]
20:03:57.280 [ 209236] [repeating-task] [F] LL_A task-manager//task-queue/task-completion task = <WARepeatingBlockTask: 0x60000123a290 [mm-cd-server-sync]>, queue = <WATaskQueue: 0x600001254bd0>, should-run-again = 0
20:03:57.280 [ 209906] [normal        ] [F] LL_A sync-session//usync/request/end/batch/0
20:03:57.280 [ 209906] [normal        ] [F] LL_N xmpp//< recv < [ack/message/text f=******4152:0@lid id=3B213ACCEB7DF2BB07C3]
20:03:57.280 [ 209906] [normal        ] [F] LL_N xmpp//< recv < [iq/result f=s.whatsapp.net id=1790079492-40]
20:03:57.280 [ 209901] [WAOutgoin…ueue] [F] LL_A receipt-handler//persisted-receipts/preack/clear-confirmed-ack-from-memory
20:03:57.280 [ 209902] [peer-messaging] [F] LL_A peer-message-status-managing/PeerMessageStatusManager/update/updating 3B213ACCEB7DF2BB07C3 to status sent
20:03:57.281 [ 209902] [NSManaged…a970] [F] LL_A storage//save/success [KVStore-LocalKeyValue.sqlite in 0.00s with changes]
20:03:57.281 [ 209902] [NSManaged…a970] [F] LL_A storage//save/success [KVStore-LocalKeyValue.sqlite in 0.00s with changes]
20:03:57.282 [ 184665] [main-thread   ] [F] LL_A task-manager//task finished for task-manager = <WATaskManager: 0x600001724100> on queue=<WATaskQueue: 0x600001254bd0>
20:03:57.282 [ 184665] [main-thread   ] [F] LL_A task-manager//task-manager/run-task task-manager = <WATaskManager: 0x600001724100>, quiet mode 0 _executingTask 0
20:03:57.282 [ 184665] [main-thread   ] [F] LL_A task-manager//run-task-in-group task-manager = <WATaskManager: 0x600001724100>, queue=<WATaskQueue: 0x600001254cb0>
20:03:57.282 [ 184665] [main-thread   ] [F] LL_A task-manager//task-queue/find-task to be executed task = <WARepeatingBlockTask: 0x600001248b60 [newsletter/snapl-persistent-id-rotation]>  queue=<WATaskQueue: 0x600001254cb0>
20:03:57.282 [ 184665] [main-thread   ] [F] LL_A task-manager//task/start [<WATaskQueue: 0x600001254cb0>]
20:03:57.282 [ 209236] [user-init…-qos] [F] LL_A task-manager//task-queue/run-task on queue task = <WARepeatingBlockTask: 0x600001248b60 [newsletter/snapl-persistent-id-rotation]>, queue = <WATaskQueue: 0x600001254cb0>
20:03:57.283 [ 209236] [user-init…-qos] [F] LL_A snapl/newsletter-persistent-id-rotation/id-rotated
20:03:57.284 [ 209902] [NSManaged…a970] [F] LL_A storage//save/success [KVStore-LocalKeyValue.sqlite in 0.00s with changes]
20:03:57.284 [ 209900] [NSManaged…a970] [F] LL_A storage//save/success [KVStore-LocalKeyValue.sqlite in 0.00s with changes]
20:03:57.284 [ 209900] [repeating-task] [F] LL_A task-manager//task-queue/task-completion task = <WARepeatingBlockTask: 0x600001248b60 [newsletter/snapl-persistent-id-rotation]>, queue = <WATaskQueue: 0x600001254cb0>, should-run-again = 0
20:03:57.285 [ 209902] [NSManaged…a970] [F] LL_A storage//save/success [KVStore-LocalKeyValue.sqlite in 0.00s with changes]
20:03:57.285 [ 209902] [NSManaged…a970] [F] LL_A storage//save/success [KVStore-LocalKeyValue.sqlite in 0.00s with changes]
20:03:57.285 [ 209902] [ai-metada…ager] [F] LL_A ai/metadata-manager/save/meta-ai-info/success
20:03:57.285 [ 209902] [ai-metada…ager] [F] LL_A ai/metadata-manager/load/meta-ai-info/start
20:03:57.285 [ 209902] [ai-metada…ager] [F] LL_A ai/metadata-manager/load/metadata/start
20:03:57.286 [ 209902] [ai-metada…ager] [F] LL_A ai/metadata-manager/save/metadata/start
20:03:57.287 [ 209902] [ai-metada…ager] [F] LL_A ai/metadata-manager/encode/metadata/<******0002@s.whatsapp.net>/Meta AI/success
20:03:57.288 [ 209906] [cooperative   ] [F] LL_A breadcrumb/bot-authoring/crl-fetch/gql-success crl=whatsapp_feature revokedCerts=0 bytes=0
20:03:57.288 [ 209906] [cooperative   ] [F] LL_A breadcrumb/bot-authoring/crl-fetch/success crl=whatsapp_feature revoked=0 bytes=0
20:03:57.288 [ 209902] [NSManaged…a970] [F] LL_A storage//save/success [KVStore-LocalKeyValue.sqlite in 0.00s with changes]
20:03:57.288 [ 209902] [ai-metada…ager] [F] LL_A ai/metadata-manager/save/metadata/success
20:03:57.288 [ 209902] [ai-metada…ager] [F] LL_A ai/metadata-manager/load/metadata/start
20:03:57.288 [ 209906] [NSManaged…d6c0] [F] LL_A storage//save/success [KVStore-BotPKICRL.sqlite in 0.00s with changes]
20:03:57.289 [ 184665] [main-thread   ] [F] LL_A ai/manager/sync/success
20:03:57.289 [ 209906] [NSManaged…d6c0] [F] LL_A storage//save/success [KVStore-BotPKICRL.sqlite in 0.00s with changes]
20:03:57.289 [ 209906] [NSManaged…d6c0] [F] LL_A storage//save/success [KVStore-BotPKICRL.sqlite in 0.00s with changes]
20:03:57.290 [ 209906] [cooperative   ] [F] LL_A breadcrumb/bot-authoring/prefetch/complete path=app-job success=1
20:03:57.291 [ 209231] [NSManaged…a970] [F] LL_A storage//save/success [KVStore-LocalKeyValue.sqlite in 0.00s with changes]
20:03:57.291 [ 209231] [ai-manager    ] [F] LL_A ai/manager/fetch/profile-pic/fetching/<******0002@s.whatsapp.net>
20:03:57.291 [ 209905] [profilepi…ueue] [F] LL_A waprofilepicturemanager/bot-profile-picture-detected
20:03:57.292 [ 184665] [main-thread   ] [F] LL_A task-manager//task finished for task-manager = <WATaskManager: 0x600001724100> on queue=<WATaskQueue: 0x600001254cb0>
20:03:57.292 [ 184665] [main-thread   ] [F] LL_A task-manager//task-manager/run-task task-manager = <WATaskManager: 0x600001724100>, quiet mode 0 _executingTask 0
20:03:57.295 [ 209905] [NSManaged…5110] [F] LL_A waprofilepicturemanager/fullsized-picture-fetch/success jid=[<******0002@s.whatsapp.net>] picture_id=[metaai-v2-appearance-2]
20:03:57.298 [ 184665] [main-thread   ] [F] LL_A storage//save/background/done [ChatDB in 0.00s with changes from 'NSManagedObjectContext 0x6000002d5110']
20:03:57.299 [ 184665] [NSManaged…a970] [F] LL_A storage//save/success [KVStore-LocalKeyValue.sqlite in 0.00s with changes]
20:03:57.570 [ 209906] [memory-us…ging] [F] LL_A app//memory: System [Used 5615MB, Free 108MB] Process [Footprint 171MB (+1MB), Available 0MB, Peak 171MB] [cpu/s: 0.404]
20:03:57.787 [ 184665] [main-thread   ] [F] LL_A chat-input//window/became-visible: <UITextEffectsWindow: 0x147743400; frame = (0 0; 1024 768); opaque = NO; layer = <UIWindowLayer: 0x600002bc0cf0>>
20:04:00.228 [ 184665] [main-thread   ] [F] LL_A task-manager//task-manager/run-task task-manager = <WATaskManager: 0x600001724100>, quiet mode 0 _executingTask 0
20:04:00.228 [ 184665] [main-thread   ] [F] LL_A task-manager//run-task-in-group task-manager = <WATaskManager: 0x600001724100>, queue=<WATaskQueue: 0x600001254af0>
20:04:00.228 [ 184665] [main-thread   ] [F] LL_A task-manager//task-queue/find-task to be executed task = <WARepeatingBlockTask: 0x60000122cbd0 [biz/delete-stale-conversion]>  queue=<WATaskQueue: 0x600001254af0>
20:04:00.229 [ 184665] [main-thread   ] [F] LL_A task-manager//task/start [<WATaskQueue: 0x600001254af0>]
20:04:00.229 [ 209902] [utility-qos   ] [F] LL_A task-manager//task-queue/run-task on queue task = <WARepeatingBlockTask: 0x60000122cbd0 [biz/delete-stale-conversion]>, queue = <WATaskQueue: 0x600001254af0>
20:04:00.230 [ 209902] [repeating-task] [F] LL_A task-manager//task-queue/task-completion task = <WARepeatingBlockTask: 0x60000122cbd0 [biz/delete-stale-conversion]>, queue = <WATaskQueue: 0x600001254af0>, should-run-again = 0
20:04:00.231 [ 184665] [main-thread   ] [F] LL_A task-manager//task finished for task-manager = <WATaskManager: 0x600001724100> on queue=<WATaskQueue: 0x600001254af0>
20:04:00.231 [ 184665] [main-thread   ] [F] LL_A task-manager//task-manager/run-task task-manager = <WATaskManager: 0x600001724100>, quiet mode 0 _executingTask 0
20:04:00.231 [ 184665] [main-thread   ] [F] LL_A task-manager//run-task-in-group task-manager = <WATaskManager: 0x600001724100>, queue=<WATaskQueue: 0x600001204cb0>
20:04:00.231 [ 184665] [main-thread   ] [F] LL_A task-manager//task-queue/find-task to be executed task = <WABlockTask: 0x600003757e10 [spotlight-wid]>  queue=<WATaskQueue: 0x600001204cb0>
20:04:00.231 [ 184665] [main-thread   ] [F] LL_A task-manager//task/start [<WATaskQueue: 0x600001204cb0>]
20:04:00.231 [ 209236] [utility-qos   ] [F] LL_A task-manager//task-queue/run-task on queue task = <WABlockTask: 0x600003757e10 [spotlight-wid]>, queue = <WATaskQueue: 0x600001204cb0>
20:04:00.232 [ 209236] [NSManaged…dc70] [F] LL_A spotlight/indexer//index/some//wid [count: 0]
20:04:00.237 [ 184665] [main-thread   ] [F] LL_A storage//save/background/done [ContactDB in 0.01s with no changes from 'NSManagedObjectContext 0x60000027dc70']
20:04:00.237 [ 184665] [main-thread   ] [F] LL_A spotlight/indexer//task/run//wid time=[0.01s] should-run-again=[0]
20:04:00.238 [ 184665] [main-thread   ] [F] LL_A task-manager//task-queue/task-completion task = <WABlockTask: 0x600003757e10 [spotlight-wid]>, queue = <WATaskQueue: 0x600001204cb0>, should-run-again = 0
20:04:00.238 [ 184665] [main-thread   ] [F] LL_A task-manager//task finished for task-manager = <WATaskManager: 0x600001724100> on queue=<WATaskQueue: 0x600001204cb0>
20:04:00.238 [ 184665] [main-thread   ] [F] LL_A task-manager//task-manager/run-task task-manager = <WATaskManager: 0x600001724100>, quiet mode 0 _executingTask 0
20:04:00.570 [ 209902] [memory-us…ging] [F] LL_A app//memory: System [Used 5566MB, Free 126MB] Process [Footprint 173MB (+2MB), Available 0MB, Peak 173MB] [cpu/s: 0.399]
20:04:01.237 [ 184665] [main-thread   ] [F] LL_A task-manager//task-manager/run-task task-manager = <WATaskManager: 0x600001724100>, quiet mode 0 _executingTask 0
20:04:01.237 [ 184665] [main-thread   ] [F] LL_A task-manager//run-task-in-group task-manager = <WATaskManager: 0x600001724100>, queue=<WATaskQueue: 0x600001254af0>
20:04:01.237 [ 184665] [main-thread   ] [F] LL_A task-manager//task-queue/find-task to be executed task = <WARepeatingBlockTask: 0x60000122cee0 [biz/delete-stale-entry-point-conversion]>  queue=<WATaskQueue: 0x600001254af0>
20:04:01.238 [ 184665] [main-thread   ] [F] LL_A task-manager//task/start [<WATaskQueue: 0x600001254af0>]
20:04:01.238 [ 209236] [utility-qos   ] [F] LL_A task-manager//task-queue/run-task on queue task = <WARepeatingBlockTask: 0x60000122cee0 [biz/delete-stale-entry-point-conversion]>, queue = <WATaskQueue: 0x600001254af0>
20:04:01.238 [ 209236] [repeating-task] [F] LL_A task-manager//task-queue/task-completion task = <WARepeatingBlockTask: 0x60000122cee0 [biz/delete-stale-entry-point-conversion]>, queue = <WATaskQueue: 0x600001254af0>, should-run-again = 0
20:04:01.239 [ 184665] [main-thread   ] [F] LL_A task-manager//task finished for task-manager = <WATaskManager: 0x600001724100> on queue=<WATaskQueue: 0x600001254af0>
20:04:01.239 [ 184665] [main-thread   ] [F] LL_A task-manager//task-manager/run-task task-manager = <WATaskManager: 0x600001724100>, quiet mode 0 _executingTask 0
20:04:01.239 [ 184665] [main-thread   ] [F] LL_A task-manager//run-task-in-group task-manager = <WATaskManager: 0x600001724100>, queue=<WATaskQueue: 0x600001204cb0>
20:04:01.239 [ 184665] [main-thread   ] [F] LL_A task-manager//task-queue/find-task to be executed task = <WABlockTask: 0x6000037858c0 [spotlight-jid]>  queue=<WATaskQueue: 0x600001204cb0>
20:04:01.239 [ 184665] [main-thread   ] [F] LL_A task-manager//task/start [<WATaskQueue: 0x600001204cb0>]
20:04:01.239 [ 209902] [utility-qos   ] [F] LL_A task-manager//task-queue/run-task on queue task = <WABlockTask: 0x6000037858c0 [spotlight-jid]>, queue = <WATaskQueue: 0x600001204cb0>
20:04:01.241 [ 209906] [NSManaged…5110] [F] LL_A spotlight/indexer//index/some//jid [count: 0]
20:04:01.241 [ 184665] [main-thread   ] [F] LL_A storage//save/background/done [ChatDB in 0.00s with no changes from 'NSManagedObjectContext 0x6000002d5110']
20:04:01.241 [ 184665] [main-thread   ] [F] LL_A spotlight/indexer//task/run//jid time=[0.00s] should-run-again=[0]
20:04:01.241 [ 184665] [main-thread   ] [F] LL_A task-manager//task-queue/task-completion task = <WABlockTask: 0x6000037858c0 [spotlight-jid]>, queue = <WATaskQueue: 0x600001204cb0>, should-run-again = 0
20:04:01.242 [ 184665] [main-thread   ] [F] LL_A task-manager//task finished for task-manager = <WATaskManager: 0x600001724100> on queue=<WATaskQueue: 0x600001204cb0>
20:04:01.242 [ 184665] [main-thread   ] [F] LL_A task-manager//task-manager/run-task task-manager = <WATaskManager: 0x600001724100>, quiet mode 0 _executingTask 0
20:04:02.234 [ 209236] [cooperative   ] [F] LL_A graphql/fetcher/fetch/success
20:04:02.234 [ 209236] [cooperative   ] [F] LL_A graphql/fetcher/response/success
20:04:02.241 [ 184665] [main-thread   ] [F] LL_A task-manager//task-manager/run-task task-manager = <WATaskManager: 0x600001724100>, quiet mode 0 _executingTask 0
20:04:02.241 [ 184665] [main-thread   ] [F] LL_A task-manager//run-task-in-group task-manager = <WATaskManager: 0x600001724100>, queue=<WATaskQueue: 0x600001254af0>
20:04:02.241 [ 184665] [main-thread   ] [F] LL_A task-manager//task-queue/find-task to be executed task = <WARepeatingBlockTask: 0x60000122ddc0 [payment/delete-expired-transaction-cache]>  queue=<WATaskQueue: 0x600001254af0>
20:04:02.241 [ 184665] [main-thread   ] [F] LL_A task-manager//task/start [<WATaskQueue: 0x600001254af0>]
20:04:02.241 [ 209904] [utility-qos   ] [F] LL_A task-manager//task-queue/run-task on queue task = <WARepeatingBlockTask: 0x60000122ddc0 [payment/delete-expired-transaction-cache]>, queue = <WATaskQueue: 0x600001254af0>
20:04:02.242 [ 184665] [main-thread   ] [F] LL_A [SECONDARY_LOG | payments | 6EFF22A70493]
20:04:02.243 [ 209904] [NSManaged…a970] [F] LL_A storage//save/success [KVStore-LocalKeyValue.sqlite in 0.00s with changes]
20:04:02.243 [ 209904] [repeating-task] [F] LL_A task-manager//task-queue/task-completion task = <WARepeatingBlockTask: 0x60000122ddc0 [payment/delete-expired-transaction-cache]>, queue = <WATaskQueue: 0x600001254af0>, should-run-again = 0
20:04:02.244 [ 184665] [main-thread   ] [F] LL_A task-manager//task finished for task-manager = <WATaskManager: 0x600001724100> on queue=<WATaskQueue: 0x600001254af0>
20:04:02.244 [ 184665] [main-thread   ] [F] LL_A task-manager//task-manager/run-task task-manager = <WATaskManager: 0x600001724100>, quiet mode 0 _executingTask 0
20:04:02.502 [ 209236] [normal        ] [F] LL_N xmpp//< recv < [notification/devices id=2860372216 f=******7844:0@lid [remove]]
20:04:02.502 [ 209236] [normal        ] [F] LL_A ccq/connection/background-task/begin
20:04:02.503 [ 209902] [ccq           ] [F] LL_A ccq/connection-queue/resume-stanza-processing source=[process-stanza] deferred=[false]
20:04:02.503 [ 209902] [ccq           ] [F] LL_A ccq/connection-queue/transition from=[stopped] to=[running]
20:04:02.503 [ 209236] [normal        ] [F] LL_A ccq/connection-queue/add-stanza id=[2860372216] key=[d7fd9ace] type=[notification] transient=[0] allow-ack-after-persistence=[true]
20:04:02.503 [ 209902] [ccq           ] [F] LL_A ccq/unordered/cache/preloaded count=[0] keys=[] dedup-count=[0] max-sort-id=[0]
20:04:02.503 [ 209902] [ccq           ] [F] LL_A batch//ccq.dispatcher.unordered/set-disabled/prev:disabled/new:enabled
20:04:02.503 [ 209902] [ccq           ] [F] LL_A ccq/queued-stanza-factory/seed-sort-id ordered=[0]
20:04:02.503 [ 209902] [ccq           ] [F] LL_A ccq/connection-queue/transition from=[running] to=[idle]
20:04:02.503 [ 209902] [ccq           ] [F] LL_A ccq/connection-queue/add-stanza restarting
20:04:02.503 [ 209902] [ccq           ] [F] LL_A ccq/connection-queue/transition from=[idle] to=[running]
20:04:02.503 [ 209236] [normal        ] [F] LL_A ccq/connection/idle busy-connection-active=[0]
20:04:02.503 [ 209902] [ccq           ] [F] LL_A ccq/queued-stanza-factory/seed-sort-id ordered=[0]
20:04:02.503 [ 209902] [ccq           ] [F] LL_A ccq/connection-queue/add-stanza/online-stanza-detected resuming deferred processing
20:04:02.503 [ 209902] [ccq           ] [F] LL_A ccq/unordered/cache/fetch-stanzas limit=[25] source=[any]
20:04:02.503 [ 209236] [normal        ] [F] LL_A ccq/connection/cancel-stanza-processing/skip-processing-stanzas
20:04:02.604 [ 209901] [ccq           ] [F] LL_A ccq/unordered/cache/add-stanzas count=[1] keys=[d7fd9ace]
20:04:02.604 [ 209901] [ccq           ] [F] LL_A ccq/unordered/cache/add-stanzas/write-back buffered=[1]
20:04:02.604 [ 209901] [ccq           ] [F] LL_A ccq/unordered/cache/fetch-stanzas limit=[25] source=[any]
20:04:02.604 [ 209901] [ccq           ] [F] LL_A ccq/unordered/consumer/process-stanzas count=[1] keys=[d7fd9ace]
20:04:02.604 [ 209901] [ccq           ] [F] LL_A ccq/unordered/storage/increment-process-count count=[1] keys=[d7fd9ace]
20:04:02.605 [ 209901] [ccq           ] [F] LL_W ccq/unordered/storage/increment-process-count incomplete updated-stanza-count=[0] expected-stanza-count=[1]
20:04:02.605 [ 209901] [ccq           ] [F] LL_A ccq/unordered/processor/process-stanzas count=[1]
20:04:02.605 [ 209902] [queue         ] [F] LL_A stanza-processing-complete stanza-id=[2860372216] stanza-type=[notification] ack-child-element=[(null)] ignore-exclusive-connection=[0]
20:04:02.605 [ 209902] [ccq           ] [F] LL_A ccq/unordered/queue/handle-processing-output count=[1]
20:04:02.605 [ 209902] [ccq           ] [F] LL_A ccq/unordered/cache/fetch-stanzas limit=[25] source=[any]
20:04:02.606 [ 209236] [normal        ] [F] LL_N stream//> send > [ack/notification/devices t=******7844:0@lid id=2860372216]
20:04:02.606 [ 209901] [ccq           ] [F] LL_A ccq/unordered/queue/handle-processing-output removed-stanza-count=[1]
20:04:02.606 [ 209901] [ccq           ] [F] LL_A ccq/unordered/cache/remove-stanzas count=[1] keys=[d7fd9ace]
20:04:02.606 [ 209901] [ccq           ] [F] LL_A ccq/unordered/cache/remove-stanzas/pending-persistence count=[1] keys=[d7fd9ace]
20:04:02.606 [ 209901] [ccq           ] [F] LL_A ccq/unordered/storage/remove-stanzas count=[1] keys=[d7fd9ace]
20:04:02.606 [ 209901] [ccq           ] [F] LL_A ccq/connection-queue/finish-processing idle
20:04:02.606 [ 209901] [ccq           ] [F] LL_A ccq/connection-queue/transition from=[running] to=[idle]
20:04:02.606 [ 209907] [normal        ] [F] LL_A ccq/connection/idle busy-connection-active=[0]
20:04:02.606 [ 209907] [normal        ] [F] LL_A ccq/connection/cancel-on-idle
20:04:02.606 [ 209905] [ccq           ] [F] LL_A ccq/connection-queue/cancel-stanza-processing reason=[WAStanzaProcessingCancellationReason(rawValue: 4)] deferred=[false]
20:04:02.606 [ 209905] [ccq           ] [F] LL_A ccq/connection-queue/transition from=[idle] to=[draining]
20:04:02.606 [ 209905] [ccq           ] [F] LL_A ccq/unordered/processor/cancel-all-processing reason=[WAStanzaProcessingCancellationReason(rawValue: 4)]
20:04:02.606 [ 209905] [ccq           ] [F] LL_A ccq/unordered/consumer/cancel-stanza-processing
20:04:02.606 [ 209902] [queue         ] [F] LL_A stanza-processing-cancellation handle-count=[0] reason=[4]
20:04:02.606 [ 209905] [ccq           ] [F] LL_A ccq/connection-queue/transition from=[draining] to=[stopped]
20:04:02.606 [ 209907] [queue         ] [F] LL_A stanza-processing-cancellation handle-count=[0] reason=[4]
20:04:02.606 [ 209905] [ccq           ] [F] LL_A ccq/unordered/cache/invalidate
20:04:02.606 [ 209905] [ccq           ] [F] LL_A batch//ccq.dispatcher.unordered/set-disabled/prev:enabled/new:disabled
20:04:02.606 [ 209905] [normal        ] [F] LL_A ccq/connection/background-task/end
20:04:02.607 [ 184665] [main-thread   ] [F] LL_A device-storage-updater/devices/<******7844@lid>/account-effect
LL_A 		->
LL_A 	AccountEffect(l: DeviceListEffect.mutate(485301353 ts: 1790053507 i: [:] r: [<******7844:7@lid>] expectedTS: ETSEffect { .ignore } sync: false accType: WAPBADVEncryptionType(rawValue: 0) accTypeUpdated: false) k: IdentityKeyEffect { primaryIdentity: PrimaryIdentityEffect.ignore, newKeys: [] })
20:04:02.607 [ 209901] [crypto        ] [F] LL_A signal/store//session/delete/device-count=1 devices={(
LL_A     <******7844:7@lid>
LL_A )}
20:04:02.607 [ 209901] [NSManaged…4ea0] [F] LL_A storage//save/success [SignalDB in 0.00s with no changes]
20:04:02.607 [ 209901] [NSManaged…4ea0] [F] LL_A signal/store//session/delete/success count=0
20:04:02.607 [ 209901] [NSManaged…4ea0] [F] LL_A signal/store//sender-key/fetch/sent/user-count=1 users={(
LL_A     <******7844@lid>
LL_A )}
20:04:02.608 [ 184665] [main-thread   ] [F] LL_A chatstorage//save/ids/success [ChatDB in 0.00s]
20:04:02.608 [ 184665] [main-thread   ] [F] LL_A chatstorage//save/process [ChatDB in 0.00s]
20:04:02.608 [ 184665] [main-thread   ] [F] LL_A chatstorage//indexing/should index messages 0
20:04:02.609 [ 184665] [main-thread   ] [F] LL_A storage//save/success [ChatDB in 0.00s with changes]
20:04:02.609 [ 184665] [main-thread   ] [F] LL_A chatstorage//save/aggregated success [ChatDB in 0.00s]
20:04:02.610 [ 209901] [NSManaged…4ea0] [F] LL_A storage//save/success [SignalDB in 0.00s with no changes]
20:04:02.610 [ 209901] [NSManaged…4ea0] [F] LL_A signal/store//identity/delete/success count=0
20:04:03.010 [ 184665] [main-thread   ] [F] LL_A screen-impression/WASplitViewController/willDismissModally/WAQuickLookPreviewController
20:04:03.010 [ 184665] [main-thread   ] [F] LL_A screen-impression/WAQuickLookPreviewController/viewWillDisappear
20:04:03.273 [ 184665] [main-thread   ] [F] LL_A task-manager//task-manager/run-task task-manager = <WATaskManager: 0x600001724100>, quiet mode 0 _executingTask 0
20:04:03.273 [ 184665] [main-thread   ] [F] LL_A task-manager//run-task-in-group task-manager = <WATaskManager: 0x600001724100>, queue=<WATaskQueue: 0x600001254af0>
20:04:03.273 [ 184665] [main-thread   ] [F] LL_A task-manager//task-queue/find-task to be executed task = <WABlockTask: 0x6000037e0c30 [read-linked-profiles-private-cache-data]>  queue=<WATaskQueue: 0x600001254af0>
20:04:03.274 [ 184665] [main-thread   ] [F] LL_A task-manager//task/start [<WATaskQueue: 0x600001254af0>]
20:04:03.274 [ 209236] [utility-qos   ] [F] LL_A task-manager//task-queue/run-task on queue task = <WABlockTask: 0x6000037e0c30 [read-linked-profiles-private-cache-data]>, queue = <WATaskQueue: 0x600001254af0>
20:04:03.276 [ 209236] [utility-qos   ] [F] LL_A task-manager//task-queue/task-completion task = <WABlockTask: 0x6000037e0c30 [read-linked-profiles-private-cache-data]>, queue = <WATaskQueue: 0x600001254af0>, should-run-again = 0
20:04:03.276 [ 184665] [main-thread   ] [F] LL_A task-manager//task finished for task-manager = <WATaskManager: 0x600001724100> on queue=<WATaskQueue: 0x600001254af0>
20:04:03.277 [ 184665] [main-thread   ] [F] LL_A task-manager//task-manager/run-task task-manager = <WATaskManager: 0x600001724100>, quiet mode 0 _executingTask 0
20:04:03.605 [ 209902] [memory-us…ging] [F] LL_A app//memory: System [Used 5636MB, Free 84MB] Process [Footprint 171MB (-1MB), Available 0MB, Peak 186MB] [cpu/s: 0.374]
20:04:04.293 [ 184665] [main-thread   ] [F] LL_A task-manager//task-manager/run-task task-manager = <WATaskManager: 0x600001724100>, quiet mode 0 _executingTask 0
20:04:04.293 [ 184665] [main-thread   ] [F] LL_A task-manager//run-task-in-group task-manager = <WATaskManager: 0x600001724100>, queue=<WATaskQueue: 0x600001254af0>
20:04:04.293 [ 184665] [main-thread   ] [F] LL_A task-manager//task-queue/find-task to be executed task = <WABlockTask: 0x6000037e0d50 [read-linked-profiles-cache-data]>  queue=<WATaskQueue: 0x600001254af0>
20:04:04.294 [ 184665] [main-thread   ] [F] LL_A task-manager//task/start [<WATaskQueue: 0x600001254af0>]
20:04:04.305 [ 209907] [utility-qos   ] [F] LL_A task-manager//task-queue/run-task on queue task = <WABlockTask: 0x6000037e0d50 [read-linked-profiles-cache-data]>, queue = <WATaskQueue: 0x600001254af0>
20:04:04.306 [ 209907] [utility-qos   ] [F] LL_A task-manager//task-queue/task-completion task = <WABlockTask: 0x6000037e0d50 [read-linked-profiles-cache-data]>, queue = <WATaskQueue: 0x600001254af0>, should-run-again = 0
20:04:04.307 [ 184665] [main-thread   ] [F] LL_A task-manager//task finished for task-manager = <WATaskManager: 0x600001724100> on queue=<WATaskQueue: 0x600001254af0>
20:04:04.307 [ 184665] [main-thread   ] [F] LL_A task-manager//task-manager/run-task task-manager = <WATaskManager: 0x600001724100>, quiet mode 0 _executingTask 0
20:04:05.348 [ 184665] [main-thread   ] [F] LL_A task-manager//task-manager/run-task task-manager = <WATaskManager: 0x600001724100>, quiet mode 0 _executingTask 0
20:04:05.348 [ 184665] [main-thread   ] [F] LL_A task-manager//run-task-in-group task-manager = <WATaskManager: 0x600001724100>, queue=<WATaskQueue: 0x600001254af0>
20:04:05.348 [ 184665] [main-thread   ] [F] LL_A task-manager//task-queue/find-task to be executed task = <WARepeatingBlockTask: 0x60000121e990 [com.waffle.datagovernance.cleanup.task]>  queue=<WATaskQueue: 0x600001254af0>
20:04:05.350 [ 184665] [main-thread   ] [F] LL_A task-manager//task/start [<WATaskQueue: 0x600001254af0>]
20:04:05.350 [ 209907] [utility-qos   ] [F] LL_A task-manager//task-queue/run-task on queue task = <WARepeatingBlockTask: 0x60000121e990 [com.waffle.datagovernance.cleanup.task]>, queue = <WATaskQueue: 0x600001254af0>
20:04:05.362 [ 209907] [NSManaged…a970] [F] LL_A storage//save/success [KVStore-LocalKeyValue.sqlite in 0.00s with changes]
20:04:05.364 [ 209907] [NSManaged…a970] [F] LL_A storage//save/success [KVStore-LocalKeyValue.sqlite in 0.00s with changes]
20:04:05.366 [ 209907] [NSManaged…a970] [F] LL_A storage//save/success [KVStore-LocalKeyValue.sqlite in 0.00s with changes]
20:04:05.367 [ 209907] [NSManaged…a970] [F] LL_A storage//save/success [KVStore-LocalKeyValue.sqlite in 0.00s with changes]
20:04:05.369 [ 209907] [NSManaged…a970] [F] LL_A storage//save/success [KVStore-LocalKeyValue.sqlite in 0.00s with changes]
20:04:05.370 [ 209907] [NSManaged…a970] [F] LL_A storage//save/success [KVStore-LocalKeyValue.sqlite in 0.00s with changes]
20:04:05.371 [ 209907] [NSManaged…a970] [F] LL_A storage//save/success [KVStore-LocalKeyValue.sqlite in 0.00s with changes]
20:04:05.375 [ 209907] [NSManaged…a970] [F] LL_A storage//save/success [KVStore-LocalKeyValue.sqlite in 0.00s with changes]
20:04:05.376 [ 209907] [NSManaged…a970] [F] LL_A storage//save/success [KVStore-LocalKeyValue.sqlite in 0.00s with changes]
20:04:05.378 [ 209907] [NSManaged…a970] [F] LL_A storage//save/success [KVStore-LocalKeyValue.sqlite in 0.00s with changes]
20:04:05.379 [ 209907] [NSManaged…a970] [F] LL_A storage//save/success [KVStore-LocalKeyValue.sqlite in 0.00s with changes]
20:04:05.380 [ 209907] [NSManaged…a970] [F] LL_A storage//save/success [KVStore-LocalKeyValue.sqlite in 0.00s with changes]
20:04:05.382 [ 209236] [NSManaged…a970] [F] LL_A storage//save/success [KVStore-LocalKeyValue.sqlite in 0.00s with changes]
20:04:05.382 [ 209236] [repeating-task] [F] LL_A task-manager//task-queue/task-completion task = <WARepeatingBlockTask: 0x60000121e990 [com.waffle.datagovernance.cleanup.task]>, queue = <WATaskQueue: 0x600001254af0>, should-run-again = 0
20:04:05.382 [ 209904] [credentia…ager] [F] LL_E keychainvalue//delete/fail <0x60000340c8d0: WAKeychainItemDescriptor> ({ service-id-hash: 16475821939696796967; identifier-hash: 5465023763827553608; iCloud: 0; access-group: (null) unlocked-only 0; }) 0xFFFF9D2C
20:04:05.382 [ 184665] [main-thread   ] [F] LL_A task-manager//task finished for task-manager = <WATaskManager: 0x600001724100> on queue=<WATaskQueue: 0x600001254af0>
20:04:05.382 [ 184665] [main-thread   ] [F] LL_A task-manager//task-manager/run-task task-manager = <WATaskManager: 0x600001724100>, quiet mode 0 _executingTask 0
20:04:05.383 [ 209904] [credentia…ager] [F] LL_E keychainvalue//delete/fail <0x6000035e3d50: WAKeychainItemDescriptor> ({ service-id-hash: 16475821939696796967; identifier-hash: 5221641754432198662; iCloud: 0; access-group: (null) unlocked-only 0; }) 0xFFFF9D2C
20:04:05.383 [ 209904] [credentia…ager] [F] LL_E keychainvalue//delete/fail <0x6000035e8360: WAKeychainItemDescriptor> ({ service-id-hash: 9351233777330155808; identifier-hash: 4666485486232579590; iCloud: 0; access-group: (null) unlocked-only 0; }) 0xFFFF9D2C
20:04:05.385 [ 209901] [credentia…ager] [F] LL_E keychainvalue//delete/fail <0x6000036ed9e0: WAKeychainItemDescriptor> ({ service-id-hash: 16475821939696796967; identifier-hash: 16121843508625206217; iCloud: 0; access-group: (null) unlocked-only 0; }) 0xFFFF9D2C
20:04:06.431 [ 184665] [main-thread   ] [F] LL_A task-manager//task-manager/run-task task-manager = <WATaskManager: 0x600001724100>, quiet mode 0 _executingTask 0
20:04:06.431 [ 184665] [main-thread   ] [F] LL_A task-manager//run-task-in-group task-manager = <WATaskManager: 0x600001724100>, queue=<WATaskQueue: 0x600001254af0>
20:04:06.431 [ 184665] [main-thread   ] [F] LL_A task-manager//task-queue/find-task to be executed task = <WARepeatingBlockTask: 0x60000122ebc0 [com.whatsapp.bloks-cache.cleanup.task]>  queue=<WATaskQueue: 0x600001254af0>
20:04:06.433 [ 184665] [main-thread   ] [F] LL_A task-manager//task/start [<WATaskQueue: 0x600001254af0>]
20:04:06.433 [ 209236] [utility-qos   ] [F] LL_A task-manager//task-queue/run-task on queue task = <WARepeatingBlockTask: 0x60000122ebc0 [com.whatsapp.bloks-cache.cleanup.task]>, queue = <WATaskQueue: 0x600001254af0>
20:04:06.439 [ 209904] [NSManaged…a970] [F] LL_A storage//save/success [KVStore-LocalKeyValue.sqlite in 0.00s with changes]
20:04:06.440 [ 209904] [repeating-task] [F] LL_A task-manager//task-queue/task-completion task = <WARepeatingBlockTask: 0x60000122ebc0 [com.whatsapp.bloks-cache.cleanup.task]>, queue = <WATaskQueue: 0x600001254af0>, should-run-again = 0
20:04:06.441 [ 184665] [main-thread   ] [F] LL_A task-manager//task finished for task-manager = <WATaskManager: 0x600001724100> on queue=<WATaskQueue: 0x600001254af0>
20:04:06.441 [ 184665] [main-thread   ] [F] LL_A task-manager//task-manager/run-task task-manager = <WATaskManager: 0x600001724100>, quiet mode 0 _executingTask 0
20:04:06.570 [ 209907] [memory-us…ging] [F] LL_A app//memory: System [Used 5415MB, Free 264MB] Process [Footprint 173MB (+1MB), Available 0MB, Peak 186MB] [cpu/s: 0.041]
20:04:07.489 [ 184665] [main-thread   ] [F] LL_A task-manager//task-manager/run-task task-manager = <WATaskManager: 0x600001724100>, quiet mode 0 _executingTask 0
20:04:07.489 [ 184665] [main-thread   ] [F] LL_A task-manager//run-task-in-group task-manager = <WATaskManager: 0x600001724100>, queue=<WATaskQueue: 0x600001254af0>
20:04:07.489 [ 184665] [main-thread   ] [F] LL_A task-manager//task-queue/find-task to be executed task = <WARemoveExpiredMessagesTask: 0x600001d44a80 [DeleteExpired-OutgoingCompleted]>  queue=<WATaskQueue: 0x600001254af0>
20:04:07.491 [ 184665] [main-thread   ] [F] LL_A task-manager//task/start [<WATaskQueue: 0x600001254af0>]
20:04:07.491 [ 209907] [utility-qos   ] [F] LL_A task-manager//task-queue/run-task on queue task = <WARemoveExpiredMessagesTask: 0x600001d44a80 [DeleteExpired-OutgoingCompleted]>, queue = <WATaskQueue: 0x600001254af0>
20:04:07.496 [ 209907] [NSManaged…5110] [F] LL_A task-manager//task-queue/task-completion task = <WARemoveExpiredMessagesTask: 0x600001d44a80 [DeleteExpired-OutgoingCompleted]>, queue = <WATaskQueue: 0x600001254af0>, should-run-again = 0
20:04:07.497 [ 184665] [main-thread   ] [F] LL_A task-manager//task finished for task-manager = <WATaskManager: 0x600001724100> on queue=<WATaskQueue: 0x600001254af0>
20:04:07.497 [ 184665] [main-thread   ] [F] LL_A task-manager//task-manager/run-task task-manager = <WATaskManager: 0x600001724100>, quiet mode 0 _executingTask 0
20:04:08.548 [ 184665] [main-thread   ] [F] LL_A task-manager//task-manager/run-task task-manager = <WATaskManager: 0x600001724100>, quiet mode 0 _executingTask 0
20:04:08.548 [ 184665] [main-thread   ] [F] LL_A task-manager//run-task-in-group task-manager = <WATaskManager: 0x600001724100>, queue=<WATaskQueue: 0x600001254af0>
20:04:08.548 [ 184665] [main-thread   ] [F] LL_A task-manager//task-queue/find-task to be executed task = <WARemoveExpiredMessagesTask: 0x600001d44ae0 [DeleteExpired-IncomingTombstone]>  queue=<WATaskQueue: 0x600001254af0>
20:04:08.551 [ 184665] [main-thread   ] [F] LL_A task-manager//task/start [<WATaskQueue: 0x600001254af0>]
20:04:08.551 [ 209902] [utility-qos   ] [F] LL_A task-manager//task-queue/run-task on queue task = <WARemoveExpiredMessagesTask: 0x600001d44ae0 [DeleteExpired-IncomingTombstone]>, queue = <WATaskQueue: 0x600001254af0>
20:04:08.553 [ 209902] [NSManaged…5110] [F] LL_A task-manager//task-queue/task-completion task = <WARemoveExpiredMessagesTask: 0x600001d44ae0 [DeleteExpired-IncomingTombstone]>, queue = <WATaskQueue: 0x600001254af0>, should-run-again = 0
20:04:08.555 [ 184665] [main-thread   ] [F] LL_A task-manager//task finished for task-manager = <WATaskManager: 0x600001724100> on queue=<WATaskQueue: 0x600001254af0>
20:04:08.555 [ 184665] [main-thread   ] [F] LL_A task-manager//task-manager/run-task task-manager = <WATaskManager: 0x600001724100>, quiet mode 0 _executingTask 0
20:04:09.138 [ 209902] [normal        ] [F] LL_E [WAMSYS] WCCConnectionLifecycleTokenCreate [Line 293] [LogLevel:I] connection/lifecycle_manager/token/acquire [id = 2, requestor = 2, reason = 1, acquire time = 811775049, wcc_source = 2, wcc_reason = 10, token_count = 2]
20:04:09.568 [ 184665] [main-thread   ] [F] LL_A task-manager//task-manager/run-task task-manager = <WATaskManager: 0x600001724100>, quiet mode 0 _executingTask 0
20:04:09.568 [ 184665] [main-thread   ] [F] LL_A task-manager//run-task-in-group task-manager = <WATaskManager: 0x600001724100>, queue=<WATaskQueue: 0x600001254af0>
20:04:09.568 [ 184665] [main-thread   ] [F] LL_A task-manager//task-queue/find-task to be executed task = <WARemoveExpiredMessagesTask: 0x600001d44d20 [DeleteExpired-Incoming]>  queue=<WATaskQueue: 0x600001254af0>
20:04:09.569 [ 209902] [memory-us…ging] [F] LL_A app//memory: System [Used 5481MB, Free 204MB] Process [Footprint 172MB (-0MB), Available 0MB, Peak 186MB] [cpu/s: 0.021]
20:04:09.570 [ 184665] [main-thread   ] [F] LL_A task-manager//task/start [<WATaskQueue: 0x600001254af0>]
20:04:09.570 [ 209904] [utility-qos   ] [F] LL_A task-manager//task-queue/run-task on queue task = <WARemoveExpiredMessagesTask: 0x600001d44d20 [DeleteExpired-Incoming]>, queue = <WATaskQueue: 0x600001254af0>
20:04:09.589 [ 209907] [message-delete] [F] LL_A message/report-token-store/reporting-tag deleting reporting tags for message IDs: ‎<******atus@broadcast>_A5B4262D5B1C0E54E3351C8E57C3895E_0_<******0247@s.whatsapp.net> <******atus@broadcast>_AC0AD1B87AE094492416E22630E82418_0_<******3669@lid>
20:04:09.592 [ 209902] [NSManaged…6150] [F] LL_A storage//save/success [KVStore-BackedUpKeyValue.sqlite in 0.00s with changes]
20:04:09.593 [ 209904] [NSManaged…5110] [F] LL_A message-receipts-storage/deleting receipts for 2 message IDs
20:04:09.594 [ 209236] [searchengine  ] [F] LL_E searchengine/delete/error [count: 2, code: 0]
20:04:09.603 [ 209907] [message-delete] [F] LL_A message/report-token-store/reporting-token deleting reporting tokens for message IDs: ‎<******atus@broadcast>_A5B4262D5B1C0E54E3351C8E57C3895E_0_<******0247@s.whatsapp.net> <******atus@broadcast>_AC0AD1B87AE094492416E22630E82418_0_<******3669@lid>
20:04:09.618 [ 209904] [NSManaged…5110] [F] LL_A chatstorage/expired-messages/delete/finished (2 messages; 0.048 seconds)
20:04:09.619 [ 184665] [main-thread   ] [F] LL_A storage//save/background/done [ChatDB in 0.02s with changes from 'NSManagedObjectContext 0x6000002d5110']
20:04:09.619 [ 209904] [NSManaged…5110] [F] LL_A task-manager//task-queue/task-completion task = <WARemoveExpiredMessagesTask: 0x600001d44d20 [DeleteExpired-Incoming]>, queue = <WATaskQueue: 0x600001254af0>, should-run-again = 0
20:04:09.620 [ 184665] [main-thread   ] [F] LL_A task-manager//task finished for task-manager = <WATaskManager: 0x600001724100> on queue=<WATaskQueue: 0x600001254af0>
20:04:09.620 [ 184665] [main-thread   ] [F] LL_A task-manager//task-manager/run-task task-manager = <WATaskManager: 0x600001724100>, quiet mode 0 _executingTask 0
20:04:09.732 [ 209907] [normal        ] [F] LL_A xmpp//client-to-server-ping/server-time-shift: 0.435 sec
20:04:10.664 [ 184665] [main-thread   ] [F] LL_A task-manager//task-manager/run-task task-manager = <WATaskManager: 0x600001724100>, quiet mode 0 _executingTask 0
20:04:10.664 [ 184665] [main-thread   ] [F] LL_A task-manager//run-task-in-group task-manager = <WATaskManager: 0x600001724100>, queue=<WATaskQueue: 0x600001254af0>
20:04:10.665 [ 184665] [main-thread   ] [F] LL_A task-manager//task-queue/find-task to be executed task = <WARemoveExpiredMessagesTask: 0x600001d449c0 [DeleteExpired-OutgoingPending]>  queue=<WATaskQueue: 0x600001254af0>
20:04:10.667 [ 184665] [main-thread   ] [F] LL_A task-manager//task/start [<WATaskQueue: 0x600001254af0>]
20:04:10.667 [ 209904] [utility-qos   ] [F] LL_A task-manager//task-queue/run-task on queue task = <WARemoveExpiredMessagesTask: 0x600001d449c0 [DeleteExpired-OutgoingPending]>, queue = <WATaskQueue: 0x600001254af0>
20:04:10.669 [ 209904] [NSManaged…5110] [F] LL_A task-manager//task-queue/task-completion task = <WARemoveExpiredMessagesTask: 0x600001d449c0 [DeleteExpired-OutgoingPending]>, queue = <WATaskQueue: 0x600001254af0>, should-run-again = 0
20:04:10.670 [ 184665] [main-thread   ] [F] LL_A task-manager//task finished for task-manager = <WATaskManager: 0x600001724100> on queue=<WATaskQueue: 0x600001254af0>
20:04:10.670 [ 184665] [main-thread   ] [F] LL_A task-manager//task-manager/run-task task-manager = <WATaskManager: 0x600001724100>, quiet mode 0 _executingTask 0
20:04:11.063 [ 209907] [nullState     ] [F] LL_A ai/search/null-state/cache-null-state/store
20:04:11.065 [ 209907] [nullState     ] [F] LL_A ai/search/null-state/prepare/complete/Result[20.776 s][count: -1][userVisible: false]
20:04:11.717 [ 184665] [main-thread   ] [F] LL_A task-manager//task-manager/run-task task-manager = <WATaskManager: 0x600001724100>, quiet mode 0 _executingTask 0
20:04:11.717 [ 184665] [main-thread   ] [F] LL_A task-manager//run-task-in-group task-manager = <WATaskManager: 0x600001724100>, queue=<WATaskQueue: 0x600001254af0>
20:04:11.717 [ 184665] [main-thread   ] [F] LL_A task-manager//task-queue/find-task to be executed task = <WARepeatingBlockTask: 0x60000121f790 [md/delete-expired-status-change-request]>  queue=<WATaskQueue: 0x600001254af0>
20:04:11.719 [ 184665] [main-thread   ] [F] LL_A task-manager//task/start [<WATaskQueue: 0x600001254af0>]
20:04:11.719 [ 209904] [utility-qos   ] [F] LL_A task-manager//task-queue/run-task on queue task = <WARepeatingBlockTask: 0x60000121f790 [md/delete-expired-status-change-request]>, queue = <WATaskQueue: 0x600001254af0>
20:04:11.772 [ 209907] [NSManaged…a970] [F] LL_A storage//save/success [KVStore-LocalKeyValue.sqlite in 0.00s with changes]
20:04:11.772 [ 209907] [repeating-task] [F] LL_A task-manager//task-queue/task-completion task = <WARepeatingBlockTask: 0x60000121f790 [md/delete-expired-status-change-request]>, queue = <WATaskQueue: 0x600001254af0>, should-run-again = 0
20:04:11.773 [ 184665] [main-thread   ] [F] LL_A task-manager//task finished for task-manager = <WATaskManager: 0x600001724100> on queue=<WATaskQueue: 0x600001254af0>
20:04:11.773 [ 184665] [main-thread   ] [F] LL_A task-manager//task-manager/run-task task-manager = <WATaskManager: 0x600001724100>, quiet mode 0 _executingTask 0
20:04:12.148 [ 209904] [addressbook   ] [F] LL_A syncmanager//usync/scheduled-full/check c:[(null)] d:[2026-09-22 15:14:14 +0000] dm:[2026-09-22 15:14:14 +0000] sl:[(null)] b:[2026-09-22 15:14:14 +0000] s:[2026-09-22 15:14:14 +0000]
20:04:12.148 [ 209904] [addressbook   ] [F] LL_A syncmanager//usync/scheduled-full/run/background
20:04:12.150 [ 209904] [addressbook   ] [F] LL_A syncmanager//usync/unisync/begin
20:04:12.150 [ 209904] [addressbook   ] [F] LL_A syncmanager//usync/prepare-list/Full items=[0] deleted=[0]
20:04:12.168 [ 209904] [addressbook   ] [F] LL_A syncmanager//usync/prepare-sidelist/Full items=[62]
20:04:12.169 [ 209904] [addressbook   ] [F] LL_A syncmanager//usync/contacts/backoff is nil or before now:[nil]
20:04:12.169 [ 209904] [addressbook   ] [F] LL_A syncmanager//usync/contacts/nextScheduledFullSyncDate is:[(null)]
20:04:12.169 [ 209904] [addressbook   ] [F] LL_A syncmanager//usync/contacts/isCompanionDevice
20:04:12.169 [ 209904] [addressbook   ] [F] LL_A syncmanager//usync/contacts/isContactSyncEnabled:[NO]
20:04:12.169 [ 209904] [addressbook   ] [F] LL_A syncmanager//usync/unisync/nc/allowMutation: 1, mode: 3, orion_usync_allow_mutation_attribute:1 
20:04:12.181 [ 209904] [addressbook   ] [F] LL_A syncmanager//usync/unisync/start/Background/Full list=[0] sidelist=[62]
20:04:12.181 [ 209904] [addressbook   ] [F] LL_A sync-session//usync/request/start/ cl:n dl:n dm:n pl:n sl:n st:n bz:n lid:n un=[n] ts:n cl=[0] sl=[0]
20:04:12.181 [ 209907] [normal        ] [F] LL_E sync-session//usync/request/all protocols off
20:04:12.181 [ 184665] [main-thread   ] [F] LL_A syncmanager//usync/unisync/finished time=[0.000]
20:04:12.181 [ 209904] [addressbook   ] [F] LL_A syncmanager//usync/usync/skipped/already in progress
20:04:12.183 [ 184665] [main-thread   ] [F] LL_A chat-mgr//syncmanager/usync/delegate/sync-finished result=[Success] reason=[None] deleletedContacts=[0]
20:04:12.183 [ 209904] [addressbook   ] [F] LL_A chat-mgr//refresh-chats/started
20:04:12.183 [ 209904] [addressbook   ] [F] LL_A chat-mgr//refresh-chats/finished time=[0.000]
20:04:12.190 [ 209907] [NSManaged…5110] [F] LL_W chatsession/missing-contact-identifier
20:04:12.213 [ 184665] [main-thread   ] [F] LL_A storage//save/background/done [ChatDB in 0.00s with no changes from 'NSManagedObjectContext 0x6000002d5110']
20:04:12.214 [ 184665] [main-thread   ] [F] LL_A chat-mgr//refresh-chats/merged-changes
20:04:12.569 [ 209904] [memory-us…ging] [F] LL_A app//memory: System [Used 5530MB, Free 149MB] Process [Footprint 173MB (+0MB), Available 0MB, Peak 186MB] [cpu/s: 0.071]
20:04:12.819 [ 184665] [main-thread   ] [F] LL_A task-manager//task-manager/run-task task-manager = <WATaskManager: 0x600001724100>, quiet mode 0 _executingTask 0
20:04:12.819 [ 184665] [main-thread   ] [F] LL_A task-manager//run-task-in-group task-manager = <WATaskManager: 0x600001724100>, queue=<WATaskQueue: 0x600001254af0>
20:04:12.819 [ 184665] [main-thread   ] [F] LL_A task-manager//task-queue/find-task to be executed task = <WARepeatingBlockTask: 0x60000121f950 [delete-orphan-comments]>  queue=<WATaskQueue: 0x600001254af0>
20:04:12.821 [ 184665] [main-thread   ] [F] LL_A task-manager//task/start [<WATaskQueue: 0x600001254af0>]
20:04:12.821 [ 209907] [utility-qos   ] [F] LL_A task-manager//task-queue/run-task on queue task = <WARepeatingBlockTask: 0x60000121f950 [delete-orphan-comments]>, queue = <WATaskQueue: 0x600001254af0>
20:04:12.832 [ 209905] [NSManaged…a970] [F] LL_A storage//save/success [KVStore-LocalKeyValue.sqlite in 0.00s with changes]
20:04:12.832 [ 209905] [repeating-task] [F] LL_A task-manager//task-queue/task-completion task = <WARepeatingBlockTask: 0x60000121f950 [delete-orphan-comments]>, queue = <WATaskQueue: 0x600001254af0>, should-run-again = 0
20:04:12.833 [ 184665] [main-thread   ] [F] LL_A task-manager//task finished for task-manager = <WATaskManager: 0x600001724100> on queue=<WATaskQueue: 0x600001254af0>
20:04:12.833 [ 184665] [main-thread   ] [F] LL_A task-manager//task-manager/run-task task-manager = <WATaskManager: 0x600001724100>, quiet mode 0 _executingTask 0
20:04:13.881 [ 184665] [main-thread   ] [F] LL_A task-manager//task-manager/run-task task-manager = <WATaskManager: 0x600001724100>, quiet mode 0 _executingTask 0
20:04:13.881 [ 184665] [main-thread   ] [F] LL_A task-manager//run-task-in-group task-manager = <WATaskManager: 0x600001724100>, queue=<WATaskQueue: 0x600001254af0>
20:04:13.881 [ 184665] [main-thread   ] [F] LL_A task-manager//task-queue/find-task to be executed task = <WARepeatingBlockTask: 0x600001248930 [newsletter/delete-unsubscribed]>  queue=<WATaskQueue: 0x600001254af0>
20:04:13.884 [ 184665] [main-thread   ] [F] LL_A task-manager//task/start [<WATaskQueue: 0x600001254af0>]
20:04:13.884 [ 209905] [utility-qos   ] [F] LL_A task-manager//task-queue/run-task on queue task = <WARepeatingBlockTask: 0x600001248930 [newsletter/delete-unsubscribed]>, queue = <WATaskQueue: 0x600001254af0>
20:04:13.885 [ 209905] [repeating-task] [F] LL_A task-manager//task-queue/task-completion task = <WARepeatingBlockTask: 0x600001248930 [newsletter/delete-unsubscribed]>, queue = <WATaskQueue: 0x600001254af0>, should-run-again = 0
20:04:13.886 [ 184665] [main-thread   ] [F] LL_A task-manager//task finished for task-manager = <WATaskManager: 0x600001724100> on queue=<WATaskQueue: 0x600001254af0>
20:04:13.886 [ 184665] [main-thread   ] [F] LL_A task-manager//task-manager/run-task task-manager = <WATaskManager: 0x600001724100>, quiet mode 0 _executingTask 0
20:04:14.931 [ 184665] [main-thread   ] [F] LL_A task-manager//task-manager/run-task task-manager = <WATaskManager: 0x600001724100>, quiet mode 0 _executingTask 0
20:04:14.931 [ 184665] [main-thread   ] [F] LL_A task-manager//run-task-in-group task-manager = <WATaskManager: 0x600001724100>, queue=<WATaskQueue: 0x600001254af0>
20:04:14.931 [ 184665] [main-thread   ] [F] LL_A task-manager//task-queue/find-task to be executed task = <WARepeatingBlockTask: 0x600001248850 [newsletter/delete-media]>  queue=<WATaskQueue: 0x600001254af0>
20:04:14.933 [ 184665] [main-thread   ] [F] LL_A task-manager//task/start [<WATaskQueue: 0x600001254af0>]
20:04:14.933 [ 209236] [utility-qos   ] [F] LL_A task-manager//task-queue/run-task on queue task = <WARepeatingBlockTask: 0x600001248850 [newsletter/delete-media]>, queue = <WATaskQueue: 0x600001254af0>
20:04:14.935 [ 209236] [repeating-task] [F] LL_A task-manager//task-queue/task-completion task = <WARepeatingBlockTask: 0x600001248850 [newsletter/delete-media]>, queue = <WATaskQueue: 0x600001254af0>, should-run-again = 0
20:04:14.936 [ 184665] [main-thread   ] [F] LL_A task-manager//task finished for task-manager = <WATaskManager: 0x600001724100> on queue=<WATaskQueue: 0x600001254af0>
20:04:14.936 [ 184665] [main-thread   ] [F] LL_A task-manager//task-manager/run-task task-manager = <WATaskManager: 0x600001724100>, quiet mode 0 _executingTask 0
20:04:15.570 [ 209907] [memory-us…ging] [F] LL_A app//memory: System [Used 5589MB, Free 93MB] Process [Footprint 173MB (-0MB), Available 0MB, Peak 186MB] [cpu/s: 0.031]
20:04:15.983 [ 184665] [main-thread   ] [F] LL_A task-manager//task-manager/run-task task-manager = <WATaskManager: 0x600001724100>, quiet mode 0 _executingTask 0
20:04:15.984 [ 184665] [main-thread   ] [F] LL_A task-manager//run-task-in-group task-manager = <WATaskManager: 0x600001724100>, queue=<WATaskQueue: 0x600001254af0>
20:04:15.984 [ 184665] [main-thread   ] [F] LL_A task-manager//task-queue/find-task to be executed task = <WARepeatingBlockTask: 0x600001248690 [stickers/unused-asset-cleanup]>  queue=<WATaskQueue: 0x600001254af0>
20:04:15.986 [ 184665] [main-thread   ] [F] LL_A task-manager//task/start [<WATaskQueue: 0x600001254af0>]
20:04:15.986 [ 209236] [utility-qos   ] [F] LL_A task-manager//task-queue/run-task on queue task = <WARepeatingBlockTask: 0x600001248690 [stickers/unused-asset-cleanup]>, queue = <WATaskQueue: 0x600001254af0>
20:04:16.017 [ 209907] [unused-st…anup] [F] LL_A unused-sticker-asset-cleanup/completed/referenced:24/scanned:24/deleted:0/failed:0/kb:0/ms:8/stop:completed
20:04:16.019 [ 209904] [NSManaged…a970] [F] LL_A storage//save/success [KVStore-LocalKeyValue.sqlite in 0.00s with changes]
20:04:16.019 [ 209904] [repeating-task] [F] LL_A task-manager//task-queue/task-completion task = <WARepeatingBlockTask: 0x600001248690 [stickers/unused-asset-cleanup]>, queue = <WATaskQueue: 0x600001254af0>, should-run-again = 0
20:04:16.020 [ 184665] [main-thread   ] [F] LL_A task-manager//task finished for task-manager = <WATaskManager: 0x600001724100> on queue=<WATaskQueue: 0x600001254af0>
20:04:16.020 [ 184665] [main-thread   ] [F] LL_A task-manager//task-manager/run-task task-manager = <WATaskManager: 0x600001724100>, quiet mode 0 _executingTask 0
20:04:17.064 [ 184665] [main-thread   ] [F] LL_A task-manager//task-manager/run-task task-manager = <WATaskManager: 0x600001724100>, quiet mode 0 _executingTask 0
20:04:17.065 [ 184665] [main-thread   ] [F] LL_A task-manager//run-task-in-group task-manager = <WATaskManager: 0x600001724100>, queue=<WATaskQueue: 0x600001254af0>
20:04:17.065 [ 184665] [main-thread   ] [F] LL_A task-manager//task-queue/find-task to be executed task = <WARepeatingBlockTask: 0x600001248d20 [delete-broadcast-lists]>  queue=<WATaskQueue: 0x600001254af0>
20:04:17.067 [ 184665] [main-thread   ] [F] LL_A task-manager//task/start [<WATaskQueue: 0x600001254af0>]
20:04:17.067 [ 209905] [utility-qos   ] [F] LL_A task-manager//task-queue/run-task on queue task = <WARepeatingBlockTask: 0x600001248d20 [delete-broadcast-lists]>, queue = <WATaskQueue: 0x600001254af0>
20:04:17.069 [ 209905] [repeating-task] [F] LL_A task-manager//task-queue/task-completion task = <WARepeatingBlockTask: 0x600001248d20 [delete-broadcast-lists]>, queue = <WATaskQueue: 0x600001254af0>, should-run-again = 0
20:04:17.070 [ 184665] [main-thread   ] [F] LL_A task-manager//task finished for task-manager = <WATaskManager: 0x600001724100> on queue=<WATaskQueue: 0x600001254af0>
20:04:17.070 [ 184665] [main-thread   ] [F] LL_A task-manager//task-manager/run-task task-manager = <WATaskManager: 0x600001724100>, quiet mode 0 _executingTask 0
20:04:17.893 [ 209904] [normal        ] [F] LL_N stream//> send > [presence/unavailable]
20:04:18.117 [ 184665] [main-thread   ] [F] LL_A task-manager//task-manager/run-task task-manager = <WATaskManager: 0x600001724100>, quiet mode 0 _executingTask 0
20:04:18.117 [ 184665] [main-thread   ] [F] LL_A task-manager//run-task-in-group task-manager = <WATaskManager: 0x600001724100>, queue=<WATaskQueue: 0x600001254af0>
20:04:18.118 [ 184665] [main-thread   ] [F] LL_A task-manager//task-queue/find-task to be executed task = <WARepeatingBlockTask: 0x6000012487e0 [delete-broadcast-lists-event-invite]>  queue=<WATaskQueue: 0x600001254af0>
20:04:18.119 [ 184665] [main-thread   ] [F] LL_A task-manager//task/start [<WATaskQueue: 0x600001254af0>]
20:04:18.119 [ 209905] [utility-qos   ] [F] LL_A task-manager//task-queue/run-task on queue task = <WARepeatingBlockTask: 0x6000012487e0 [delete-broadcast-lists-event-invite]>, queue = <WATaskQueue: 0x600001254af0>
20:04:18.127 [ 209905] [NSManaged…a970] [F] LL_A storage//save/success [KVStore-LocalKeyValue.sqlite in 0.00s with changes]
20:04:18.127 [ 209905] [repeating-task] [F] LL_A task-manager//task-queue/task-completion task = <WARepeatingBlockTask: 0x6000012487e0 [delete-broadcast-lists-event-invite]>, queue = <WATaskQueue: 0x600001254af0>, should-run-again = 0
20:04:18.128 [ 184665] [main-thread   ] [F] LL_A task-manager//task finished for task-manager = <WATaskManager: 0x600001724100> on queue=<WATaskQueue: 0x600001254af0>
20:04:18.128 [ 184665] [main-thread   ] [F] LL_A task-manager//task-manager/run-task task-manager = <WATaskManager: 0x600001724100>, quiet mode 0 _executingTask 0
20:04:18.570 [ 209907] [memory-us…ging] [F] LL_A app//memory: System [Used 5585MB, Free 101MB] Process [Footprint 173MB (-0MB), Available 0MB, Peak 186MB] [cpu/s: 0.067]
20:04:19.131 [ 184665] [main-thread   ] [F] LL_A task-manager//task-manager/run-task task-manager = <WATaskManager: 0x600001724100>, quiet mode 0 _executingTask 0
20:04:19.131 [ 184665] [main-thread   ] [F] LL_A task-manager//run-task-in-group task-manager = <WATaskManager: 0x600001724100>, queue=<WATaskQueue: 0x600001254af0>
20:04:19.131 [ 184665] [main-thread   ] [F] LL_A task-manager//task-queue/find-task to be executed task = <WARepeatingBlockTask: 0x600001248770 [bundle-message/delete-media]>  queue=<WATaskQueue: 0x600001254af0>
20:04:19.134 [ 184665] [main-thread   ] [F] LL_A task-manager//task/start [<WATaskQueue: 0x600001254af0>]
20:04:19.134 [ 209904] [utility-qos   ] [F] LL_A task-manager//task-queue/run-task on queue task = <WARepeatingBlockTask: 0x600001248770 [bundle-message/delete-media]>, queue = <WATaskQueue: 0x600001254af0>
20:04:19.141 [ 209907] [NSManaged…a970] [F] LL_A storage//save/success [KVStore-LocalKeyValue.sqlite in 0.00s with changes]
20:04:19.142 [ 209907] [repeating-task] [F] LL_A task-manager//task-queue/task-completion task = <WARepeatingBlockTask: 0x600001248770 [bundle-message/delete-media]>, queue = <WATaskQueue: 0x600001254af0>, should-run-again = 0
20:04:19.143 [ 184665] [main-thread   ] [F] LL_A task-manager//task finished for task-manager = <WATaskManager: 0x600001724100> on queue=<WATaskQueue: 0x600001254af0>
20:04:19.143 [ 184665] [main-thread   ] [F] LL_A task-manager//task-manager/run-task task-manager = <WATaskManager: 0x600001724100>, quiet mode 0 _executingTask 0
20:04:20.189 [ 184665] [main-thread   ] [F] LL_A task-manager//task-manager/run-task task-manager = <WATaskManager: 0x600001724100>, quiet mode 0 _executingTask 0
20:04:20.189 [ 184665] [main-thread   ] [F] LL_A task-manager//run-task-in-group task-manager = <WATaskManager: 0x600001724100>, queue=<WATaskQueue: 0x600001254af0>
20:04:20.190 [ 184665] [main-thread   ] [F] LL_A task-manager//task-queue/find-task to be executed task = <WARepeatingBlockTask: 0x600001248bd0 [feature-key-store/delete-expired]>  queue=<WATaskQueue: 0x600001254af0>
20:04:20.192 [ 184665] [main-thread   ] [F] LL_A task-manager//task/start [<WATaskQueue: 0x600001254af0>]
20:04:20.192 [ 209905] [utility-qos   ] [F] LL_A task-manager//task-queue/run-task on queue task = <WARepeatingBlockTask: 0x600001248bd0 [feature-key-store/delete-expired]>, queue = <WATaskQueue: 0x600001254af0>
20:04:20.200 [ 209904] [NSManaged…a970] [F] LL_A storage//save/success [KVStore-LocalKeyValue.sqlite in 0.00s with changes]
20:04:20.200 [ 209904] [repeating-task] [F] LL_A task-manager//task-queue/task-completion task = <WARepeatingBlockTask: 0x600001248bd0 [feature-key-store/delete-expired]>, queue = <WATaskQueue: 0x600001254af0>, should-run-again = 0
20:04:20.201 [ 184665] [main-thread   ] [F] LL_A task-manager//task finished for task-manager = <WATaskManager: 0x600001724100> on queue=<WATaskQueue: 0x600001254af0>
20:04:20.201 [ 184665] [main-thread   ] [F] LL_A task-manager//task-manager/run-task task-manager = <WATaskManager: 0x600001724100>, quiet mode 0 _executingTask 0
20:04:21.250 [ 184665] [main-thread   ] [F] LL_A task-manager//task-manager/run-task task-manager = <WATaskManager: 0x600001724100>, quiet mode 0 _executingTask 0
20:04:21.250 [ 184665] [main-thread   ] [F] LL_A task-manager//run-task-in-group task-manager = <WATaskManager: 0x600001724100>, queue=<WATaskQueue: 0x600001254af0>
20:04:21.250 [ 184665] [main-thread   ] [F] LL_A task-manager//task-queue/find-task to be executed task = <WARepeatingBlockTask: 0x6000012489a0 [fpm/maintenance]>  queue=<WATaskQueue: 0x600001254af0>
20:04:21.252 [ 184665] [main-thread   ] [F] LL_A task-manager//task/start [<WATaskQueue: 0x600001254af0>]
20:04:21.252 [ 209904] [utility-qos   ] [F] LL_A task-manager//task-queue/run-task on queue task = <WARepeatingBlockTask: 0x6000012489a0 [fpm/maintenance]>, queue = <WATaskQueue: 0x600001254af0>
20:04:21.254 [ 209904] [repeating-task] [F] LL_A task-manager//task-queue/task-completion task = <WARepeatingBlockTask: 0x6000012489a0 [fpm/maintenance]>, queue = <WATaskQueue: 0x600001254af0>, should-run-again = 0
20:04:21.255 [ 184665] [main-thread   ] [F] LL_A task-manager//task finished for task-manager = <WATaskManager: 0x600001724100> on queue=<WATaskQueue: 0x600001254af0>
20:04:21.255 [ 184665] [main-thread   ] [F] LL_A task-manager//task-manager/run-task task-manager = <WATaskManager: 0x600001724100>, quiet mode 0 _executingTask 0
20:04:21.570 [ 209907] [memory-us…ging] [F] LL_A app//memory: System [Used 5535MB, Free 125MB] Process [Footprint 173MB (+0MB), Available 0MB, Peak 186MB] [cpu/s: 0.027]
20:04:22.298 [ 184665] [main-thread   ] [F] LL_A task-manager//task-manager/run-task task-manager = <WATaskManager: 0x600001724100>, quiet mode 0 _executingTask 0
20:04:22.298 [ 184665] [main-thread   ] [F] LL_A task-manager//run-task-in-group task-manager = <WATaskManager: 0x600001724100>, queue=<WATaskQueue: 0x600001254af0>
20:04:22.298 [ 184665] [main-thread   ] [F] LL_A task-manager//task-queue/find-task to be executed task = <WARepeatingBlockTask: 0x600001248f50 [snapl/upload-logs]>  queue=<WATaskQueue: 0x600001254af0>
20:04:22.299 [ 184665] [main-thread   ] [F] LL_A task-manager//task/start [<WATaskQueue: 0x600001254af0>]
20:04:22.299 [ 209236] [utility-qos   ] [F] LL_A task-manager//task-queue/run-task on queue task = <WARepeatingBlockTask: 0x600001248f50 [snapl/upload-logs]>, queue = <WATaskQueue: 0x600001254af0>
20:04:22.318 [ 209905] [NSManaged…a970] [F] LL_A storage//save/success [KVStore-LocalKeyValue.sqlite in 0.00s with changes]
20:04:22.318 [ 209905] [repeating-task] [F] LL_A task-manager//task-queue/task-completion task = <WARepeatingBlockTask: 0x600001248f50 [snapl/upload-logs]>, queue = <WATaskQueue: 0x600001254af0>, should-run-again = 0
20:04:22.319 [ 184665] [main-thread   ] [F] LL_A task-manager//task finished for task-manager = <WATaskManager: 0x600001724100> on queue=<WATaskQueue: 0x600001254af0>
20:04:22.319 [ 184665] [main-thread   ] [F] LL_A task-manager//task-manager/run-task task-manager = <WATaskManager: 0x600001724100>, quiet mode 0 _executingTask 0
20:04:22.322 [ 209236] [normal        ] [F] LL_N stream//> send > [iq/get ns=privatestats t=s.whatsapp.net id=1790079492-43]
20:04:23.364 [ 184665] [main-thread   ] [F] LL_A task-manager//task-manager/run-task task-manager = <WATaskManager: 0x600001724100>, quiet mode 0 _executingTask 0
20:04:23.365 [ 184665] [main-thread   ] [F] LL_A task-manager//run-task-in-group task-manager = <WATaskManager: 0x600001724100>, queue=<WATaskQueue: 0x600001254af0>
20:04:23.365 [ 184665] [main-thread   ] [F] LL_A task-manager//task-queue/find-task to be executed task = <WARepeatingBlockTask: 0x600001210e70 [status/music/update-country-availability]>  queue=<WATaskQueue: 0x600001254af0>
20:04:23.367 [ 184665] [main-thread   ] [F] LL_A task-manager//task/start [<WATaskQueue: 0x600001254af0>]
20:04:23.367 [ 209236] [utility-qos   ] [F] LL_A task-manager//task-queue/run-task on queue task = <WARepeatingBlockTask: 0x600001210e70 [status/music/update-country-availability]>, queue = <WATaskQueue: 0x600001254af0>
20:04:23.369 [ 209236] [repeating-task] [F] LL_A task-manager//task-queue/task-completion task = <WARepeatingBlockTask: 0x600001210e70 [status/music/update-country-availability]>, queue = <WATaskQueue: 0x600001254af0>, should-run-again = 0
20:04:23.370 [ 184665] [main-thread   ] [F] LL_A task-manager//task finished for task-manager = <WATaskManager: 0x600001724100> on queue=<WATaskQueue: 0x600001254af0>
20:04:23.370 [ 184665] [main-thread   ] [F] LL_A task-manager//task-manager/run-task task-manager = <WATaskManager: 0x600001724100>, quiet mode 0 _executingTask 0
20:04:23.978 [ 209911] [normal        ] [F] LL_N xmpp//< recv < [iq/result f=s.whatsapp.net id=1790079492-43]
20:04:23.987 [ 209911] [NSManaged…a970] [F] LL_A storage//save/success [KVStore-LocalKeyValue.sqlite in 0.00s with changes]
20:04:23.989 [ 209911] [NSManaged…a970] [F] LL_A storage//save/success [KVStore-LocalKeyValue.sqlite in 0.00s with changes]
20:04:23.993 [ 209911] [normal        ] [F] LL_A /abprops/rid [Optional("ARfbW0P6VBcjE5sNNJUZ1eNfjGGnt40iOrcjzGCNePY28Qbgsckpr0xuQZ/noDhm/b/6z2Dvu3c0M+Rb")]
20:04:23.998 [ 209904] [normal        ] [F] LL_N stream//> send > [iq/get ns=w:mex t=s.whatsapp.net id=1790079492-44]
20:04:24.418 [ 184665] [main-thread   ] [F] LL_A task-manager//task-manager/run-task task-manager = <WATaskManager: 0x600001724100>, quiet mode 0 _executingTask 0
20:04:24.418 [ 184665] [main-thread   ] [F] LL_A task-manager//run-task-in-group task-manager = <WATaskManager: 0x600001724100>, queue=<WATaskQueue: 0x600001254af0>
20:04:24.418 [ 184665] [main-thread   ] [F] LL_A task-manager//task-queue/find-task to be executed task = <WARepeatingBlockTask: 0x600001249e30 [call-history/cleanup]>  queue=<WATaskQueue: 0x600001254af0>
20:04:24.420 [ 184665] [main-thread   ] [F] LL_A task-manager//task/start [<WATaskQueue: 0x600001254af0>]
20:04:24.420 [ 209236] [utility-qos   ] [F] LL_A task-manager//task-queue/run-task on queue task = <WARepeatingBlockTask: 0x600001249e30 [call-history/cleanup]>, queue = <WATaskQueue: 0x600001254af0>
20:04:24.424 [ 184665] [main-thread   ] [F] LL_A voip-call/call-storage//cleanup/started because 202 > 200 allowed call logs.
20:04:24.442 [ 184665] [main-thread   ] [F] LL_A voip-call/call-storage//merge/main-to-background
20:04:24.442 [ 184665] [main-thread   ] [F] LL_A storage//save/success [CallsDB in 0.02s with changes]
20:04:24.442 [ 209904] [NSManaged…2630] [F] LL_A voip-call/call-storage//merge/main-to-background/updated
20:04:24.442 [ 184665] [main-thread   ] [F] LL_A voip-call/call-storage//cleanup/success. Purged 2 call logs.
20:04:24.444 [ 209904] [NSManaged…a970] [F] LL_A storage//save/success [KVStore-LocalKeyValue.sqlite in 0.00s with changes]
20:04:24.444 [ 209904] [repeating-task] [F] LL_A task-manager//task-queue/task-completion task = <WARepeatingBlockTask: 0x600001249e30 [call-history/cleanup]>, queue = <WATaskQueue: 0x600001254af0>, should-run-again = 0
20:04:24.445 [ 184665] [main-thread   ] [F] LL_A task-manager//task finished for task-manager = <WATaskManager: 0x600001724100> on queue=<WATaskQueue: 0x600001254af0>
20:04:24.445 [ 184665] [main-thread   ] [F] LL_A task-manager//task-manager/run-task task-manager = <WATaskManager: 0x600001724100>, quiet mode 0 _executingTask 0
20:04:24.570 [ 209236] [memory-us…ging] [F] LL_A app//memory: System [Used 5500MB, Free 160MB] Process [Footprint 173MB (-0MB), Available 0MB, Peak 186MB] [cpu/s: 0.038]
20:04:25.481 [ 184665] [main-thread   ] [F] LL_A task-manager//task-manager/run-task task-manager = <WATaskManager: 0x600001724100>, quiet mode 0 _executingTask 0
20:04:25.482 [ 184665] [main-thread   ] [F] LL_A task-manager//run-task-in-group task-manager = <WATaskManager: 0x600001724100>, queue=<WATaskQueue: 0x600001254af0>
20:04:25.482 [ 184665] [main-thread   ] [F] LL_A task-manager//task-queue/find-task to be executed task = <WARepeatingBlockTask: 0x600001211260 [delete-expired-trusted-contact-tokens]>  queue=<WATaskQueue: 0x600001254af0>
20:04:25.483 [ 184665] [main-thread   ] [F] LL_A task-manager//task/start [<WATaskQueue: 0x600001254af0>]
20:04:25.483 [ 209236] [utility-qos   ] [F] LL_A task-manager//task-queue/run-task on queue task = <WARepeatingBlockTask: 0x600001211260 [delete-expired-trusted-contact-tokens]>, queue = <WATaskQueue: 0x600001254af0>
20:04:25.493 [ 209236] [NSManaged…a970] [F] LL_A storage//save/success [KVStore-LocalKeyValue.sqlite in 0.00s with changes]
20:04:25.493 [ 209236] [repeating-task] [F] LL_A task-manager//task-queue/task-completion task = <WARepeatingBlockTask: 0x600001211260 [delete-expired-trusted-contact-tokens]>, queue = <WATaskQueue: 0x600001254af0>, should-run-again = 0
20:04:25.494 [ 184665] [main-thread   ] [F] LL_A task-manager//task finished for task-manager = <WATaskManager: 0x600001724100> on queue=<WATaskQueue: 0x600001254af0>
20:04:25.494 [ 184665] [main-thread   ] [F] LL_A task-manager//task-manager/run-task task-manager = <WATaskManager: 0x600001724100>, quiet mode 0 _executingTask 0
20:04:26.539 [ 184665] [main-thread   ] [F] LL_A task-manager//task-manager/run-task task-manager = <WATaskManager: 0x600001724100>, quiet mode 0 _executingTask 0
20:04:26.540 [ 184665] [main-thread   ] [F] LL_A task-manager//run-task-in-group task-manager = <WATaskManager: 0x600001724100>, queue=<WATaskQueue: 0x600001254af0>
20:04:26.540 [ 184665] [main-thread   ] [F] LL_A task-manager//task-queue/find-task to be executed task = <WARepeatingBlockTask: 0x600001210f50 [privacy-token-reliability-logging]>  queue=<WATaskQueue: 0x600001254af0>
20:04:26.542 [ 184665] [main-thread   ] [F] LL_A task-manager//task/start [<WATaskQueue: 0x600001254af0>]
20:04:26.542 [ 209905] [utility-qos   ] [F] LL_A task-manager//task-queue/run-task on queue task = <WARepeatingBlockTask: 0x600001210f50 [privacy-token-reliability-logging]>, queue = <WATaskQueue: 0x600001254af0>
20:04:26.544 [ 209905] [repeating-task] [F] LL_A task-manager//task-queue/task-completion task = <WARepeatingBlockTask: 0x600001210f50 [privacy-token-reliability-logging]>, queue = <WATaskQueue: 0x600001254af0>, should-run-again = 0
20:04:26.545 [ 184665] [main-thread   ] [F] LL_A task-manager//task finished for task-manager = <WATaskManager: 0x600001724100> on queue=<WATaskQueue: 0x600001254af0>
20:04:26.545 [ 184665] [main-thread   ] [F] LL_A task-manager//task-manager/run-task task-manager = <WATaskManager: 0x600001724100>, quiet mode 0 _executingTask 0
20:04:27.379 [ 209905] [normal        ] [F] LL_N xmpp//< recv < [iq/result f=s.whatsapp.net id=1790079492-44]
20:04:27.403 [ 209905] [NSManaged…a970] [F] LL_A storage//save/success [KVStore-LocalKeyValue.sqlite in 0.00s with changes]
20:04:27.564 [ 184665] [main-thread   ] [F] LL_A task-manager//task-manager/run-task task-manager = <WATaskManager: 0x600001724100>, quiet mode 0 _executingTask 0
20:04:27.565 [ 184665] [main-thread   ] [F] LL_A task-manager//run-task-in-group task-manager = <WATaskManager: 0x600001724100>, queue=<WATaskQueue: 0x600001254af0>
20:04:27.565 [ 184665] [main-thread   ] [F] LL_A task-manager//task-queue/find-task to be executed task = <WABlockTask: 0x60000364cc60 [re-send-privacy-tokens]>  queue=<WATaskQueue: 0x600001254af0>
20:04:27.566 [ 184665] [main-thread   ] [F] LL_A task-manager//task/start [<WATaskQueue: 0x600001254af0>]
20:04:27.566 [ 209911] [utility-qos   ] [F] LL_A task-manager//task-queue/run-task on queue task = <WABlockTask: 0x60000364cc60 [re-send-privacy-tokens]>, queue = <WATaskQueue: 0x600001254af0>
20:04:27.569 [ 209905] [memory-us…ging] [F] LL_A app//memory: System [Used 5524MB, Free 115MB] Process [Footprint 173MB (+0MB), Available 0MB, Peak 186MB] [cpu/s: 0.033]
20:04:27.576 [ 209911] [utility-qos   ] [F] LL_A task-manager//task-queue/task-completion task = <WABlockTask: 0x60000364cc60 [re-send-privacy-tokens]>, queue = <WATaskQueue: 0x600001254af0>, should-run-again = 0
20:04:27.577 [ 184665] [main-thread   ] [F] LL_A task-manager//task finished for task-manager = <WATaskManager: 0x600001724100> on queue=<WATaskQueue: 0x600001254af0>
20:04:27.577 [ 184665] [main-thread   ] [F] LL_A task-manager//task-manager/run-task task-manager = <WATaskManager: 0x600001724100>, quiet mode 0 _executingTask 0
20:04:28.623 [ 184665] [main-thread   ] [F] LL_A task-manager//task-manager/run-task task-manager = <WATaskManager: 0x600001724100>, quiet mode 0 _executingTask 0
20:04:28.623 [ 184665] [main-thread   ] [F] LL_A task-manager//run-task-in-group task-manager = <WATaskManager: 0x600001724100>, queue=<WATaskQueue: 0x600001254af0>
20:04:28.623 [ 184665] [main-thread   ] [F] LL_A task-manager//task-queue/find-task to be executed task = <WABlockTask: 0x600003699440 [remove-logs]>  queue=<WATaskQueue: 0x600001254af0>
20:04:28.624 [ 184665] [main-thread   ] [F] LL_A task-manager//task/start [<WATaskQueue: 0x600001254af0>]
20:04:28.624 [ 209905] [utility-qos   ] [F] LL_A task-manager//task-queue/run-task on queue task = <WABlockTask: 0x600003699440 [remove-logs]>, queue = <WATaskQueue: 0x600001254af0>
20:04:28.656 [ 209905] [background-qos] [F] LL_A logger/purge (1 files: (
LL_A     "whatsapp-2026-09-20-17-41-00-447-WhatsApp-10854.log"
LL_A ))
20:04:28.657 [ 184665] [main-thread   ] [F] LL_A task-manager//task-queue/task-completion task = <WABlockTask: 0x600003699440 [remove-logs]>, queue = <WATaskQueue: 0x600001254af0>, should-run-again = 0
20:04:28.658 [ 184665] [main-thread   ] [F] LL_A task-manager//task finished for task-manager = <WATaskManager: 0x600001724100> on queue=<WATaskQueue: 0x600001254af0>
20:04:28.658 [ 184665] [main-thread   ] [F] LL_A task-manager//task-manager/run-task task-manager = <WATaskManager: 0x600001724100>, quiet mode 0 _executingTask 0
20:04:29.706 [ 184665] [main-thread   ] [F] LL_A task-manager//task-manager/run-task task-manager = <WATaskManager: 0x600001724100>, quiet mode 0 _executingTask 0
20:04:29.706 [ 184665] [main-thread   ] [F] LL_A task-manager//run-task-in-group task-manager = <WATaskManager: 0x600001724100>, queue=<WATaskQueue: 0x600001254af0>
20:04:29.707 [ 184665] [main-thread   ] [F] LL_A task-manager//task-queue/find-task to be executed task = <WARepeatingBlockTask: 0x600001293170 [device-manager/key-index-list-expiry-check]>  queue=<WATaskQueue: 0x600001254af0>
20:04:29.708 [ 184665] [main-thread   ] [F] LL_A task-manager//task/start [<WATaskQueue: 0x600001254af0>]
20:04:29.708 [ 209904] [utility-qos   ] [F] LL_A task-manager//task-queue/run-task on queue task = <WARepeatingBlockTask: 0x600001293170 [device-manager/key-index-list-expiry-check]>, queue = <WATaskQueue: 0x600001254af0>
20:04:29.753 [ 184665] [main-thread   ] [F] LL_A device-storage-updater/devices/<******2995@lid>/account-effect
LL_A 		->
LL_A 	AccountEffect(l: DeviceListEffect.mutate(1158243456 ts: 1787661611 i: [:] r: [<******2995:77@lid>, <******2995:0@lid>] expectedTS: ETSEffect { .ignore } sync: false accType: WAPBADVEncryptionType(rawValue: 0) accTypeUpdated: false) k: IdentityKeyEffect { primaryIdentity: PrimaryIdentityEffect.ignore, newKeys: [] })
20:04:29.753 [ 184665] [main-thread   ] [F] LL_A device-storage-updater/devices/<******3504@lid>/account-effect
LL_A 		->
LL_A 	AccountEffect(l: DeviceListEffect.mutate(758659903 ts: 1787577757 i: [:] r: [<******3504:0@lid>, <******3504:24@lid>, <******3504:23@lid>] expectedTS: ETSEffect { .ignore } sync: false accType: WAPBADVEncryptionType(rawValue: 0) accTypeUpdated: false) k: IdentityKeyEffect { primaryIdentity: PrimaryIdentityEffect.ignore, newKeys: [] })
20:04:29.753 [ 184665] [main-thread   ] [F] LL_A device-storage-updater/devices/<******7175@lid>/account-effect
LL_A 		->
LL_A 	AccountEffect(l: DeviceListEffect.mutate(873867461 ts: 1787644269 i: [:] r: [<******7175:0@lid>, <******7175:3@lid>, <******7175:4@lid>, <******7175:5@lid>] expectedTS: ETSEffect { .ignore } sync: false accType: WAPBADVEncryptionType(rawValue: 0) accTypeUpdated: false) k: IdentityKeyEffect { primaryIdentity: PrimaryIdentityEffect.ignore, newKeys: [] })
20:04:29.754 [ 184665] [main-thread   ] [F] LL_A device-storage-updater/devices/<******4942@lid>/account-effect
LL_A 		->
LL_A 	AccountEffect(l: DeviceListEffect.mutate(1133179033 ts: 1787635979 i: [:] r: [<******4942:23@lid>, <******4942:0@lid>] expectedTS: ETSEffect { .ignore } sync: false accType: WAPBADVEncryptionType(rawValue: 0) accTypeUpdated: false) k: IdentityKeyEffect { primaryIdentity: PrimaryIdentityEffect.ignore, newKeys: [] })
20:04:29.754 [ 184665] [main-thread   ] [F] LL_A device-storage-updater/devices/<******2868@lid>/account-effect
LL_A 		->
LL_A 	AccountEffect(l: DeviceListEffect.mutate(1866420151 ts: 1787645802 i: [:] r: [<******2868:51@lid>, <******2868:50@lid>, <******2868:0@lid>] expectedTS: ETSEffect { .ignore } sync: false accType: WAPBADVEncryptionType(rawValue: 0) accTypeUpdated: false) k: IdentityKeyEffect { primaryIdentity: PrimaryIdentityEffect.ignore, newKeys: [] })
20:04:29.754 [ 209905] [crypto        ] [F] LL_A signal/store//session/delete/device-count=14 devices={(
LL_A     <******2995:0@lid>,
LL_A     <******4942:23@lid>,
LL_A     <******3504:23@lid>,
LL_A     <******3504:0@lid>,
LL_A     <******3504:24@lid>,
LL_A     <******7175:0@lid>,
LL_A     <******2995:77@lid>,
LL_A     <******7175:4@lid>,
LL_A     <******2868:50@lid>,
LL_A     <******7175:5@lid>,
LL_A     <******4942:0@lid>,
LL_A     <******2868:0@lid>,
LL_A     <******2868:51@lid>,
LL_A     <******7175:3@lid>
LL_A )}
20:04:29.756 [ 209904] [NSManaged…a970] [F] LL_A storage//save/success [KVStore-LocalKeyValue.sqlite in 0.00s with changes]
20:04:29.758 [ 209907] [NSManaged…a970] [F] LL_A storage//save/success [KVStore-LocalKeyValue.sqlite in 0.00s with changes]
20:04:29.758 [ 209907] [repeating-task] [F] LL_A task-manager//task-queue/task-completion task = <WARepeatingBlockTask: 0x600001293170 [device-manager/key-index-list-expiry-check]>, queue = <WATaskQueue: 0x600001254af0>, should-run-again = 0
20:04:29.759 [ 209905] [NSManaged…4ea0] [F] LL_A signal/store//session/delete address: WASignalAddress { d: <******2995:0@lid> ; pq: NO ; scope: 0 } cache-address=WASignalAddress { d: <******2995:0@lid> ; pq: NO ; scope: 0 }
20:04:29.759 [ 184665] [main-thread   ] [F] LL_A task-manager//task finished for task-manager = <WATaskManager: 0x600001724100> on queue=<WATaskQueue: 0x600001254af0>
20:04:29.759 [ 184665] [main-thread   ] [F] LL_A task-manager//task-manager/run-task task-manager = <WATaskManager: 0x600001724100>, quiet mode 0 _executingTask 0
20:04:29.759 [ 209905] [NSManaged…4ea0] [F] LL_A storage//save/success [SignalDB in 0.00s with changes]
20:04:29.760 [ 209905] [NSManaged…4ea0] [F] LL_A signal/store//session/delete/success count=1
20:04:29.760 [ 209905] [NSManaged…4ea0] [F] LL_A signal/store//sender-key/fetch/sent/user-count=5 users={(
LL_A     <******3504@lid>,
LL_A     <******2995@lid>,
LL_A     <******4942@lid>,
LL_A     <******2868@lid>,
LL_A     <******7175@lid>
LL_A )}
20:04:29.762 [ 209911] [addressbook   ] [F] LL_A sync-session//usync/request/start/ cl:n dl:y dm:y pl:n sl:n st:n bz:n lid:n un=[n] ts:n cl=[18] sl=[0]
20:04:29.762 [ 209911] [normal        ] [F] LL_A sync-session//usync/request/begin/batch/0
20:04:29.762 [ 184665] [main-thread   ] [F] LL_A chatstorage//save/ids/success [ChatDB in 0.00s]
20:04:29.762 [ 184665] [main-thread   ] [F] LL_A chatstorage//save/process [ChatDB in 0.00s]
20:04:29.762 [ 184665] [main-thread   ] [F] LL_A chatstorage//indexing/should index messages 0
20:04:29.763 [ 209911] [normal        ] [F] LL_N stream//> send > [iq/get ns=usync t=******8311@s.whatsapp.net id=1790079492-45 [usync]]
20:04:29.764 [ 184665] [main-thread   ] [F] LL_A storage//save/success [ChatDB in 0.00s with changes]
20:04:29.764 [ 184665] [main-thread   ] [F] LL_A chatstorage//save/aggregated success [ChatDB in 0.00s]
20:04:29.769 [ 209911] [NSManaged…4ea0] [F] LL_A storage//save/success [SignalDB in 0.00s with changes]
20:04:29.769 [ 209911] [NSManaged…4ea0] [F] LL_A signal/store//identity/delete/success count=5
20:04:29.769 [ 209911] [NSManaged…4ea0] [F] LL_A signal/manager/base//key-store/delegate/identity-changed/{(
LL_A     <******3504:0@lid>,
LL_A     <******7175:0@lid>,
LL_A     <******4942:0@lid>,
LL_A     <******2995:0@lid>,
LL_A     <******2868:0@lid>
LL_A )}
20:04:29.770 [ 184665] [main-thread   ] [F] LL_A voip-call/CallEncryptionManager/Identity changed for 5 primary devices and 0 companion devices
20:04:29.770 [ 184665] [main-thread   ] [F] LL_A wachatstorage/identity-change-notification/process [{(
LL_A     <******4942@lid>,
LL_A     <******2868@lid>,
LL_A     <******2995@lid>,
LL_A     <******7175@lid>,
LL_A     <******3504@lid>
LL_A )}]
20:04:29.772 [ 209904] [voip          ] [F] LL_E voip-call/call-voip-bridge//notify-identity-changed/error: 670007 for ******7175:0@lid
20:04:29.772 [ 209904] [voip          ] [F] LL_E voip-call/call-voip-bridge//notify-identity-changed/error: 670007 for ******4942:0@lid
20:04:29.772 [ 209904] [voip          ] [F] LL_E voip-call/call-voip-bridge//notify-identity-changed/error: 670007 for ******3504:0@lid
20:04:29.772 [ 209904] [voip          ] [F] LL_E voip-call/call-voip-bridge//notify-identity-changed/error: 670007 for ******2868:0@lid
20:04:29.772 [ 209904] [voip          ] [F] LL_E voip-call/call-voip-bridge//notify-identity-changed/error: 670007 for ******2995:0@lid
20:04:30.569 [ 209911] [memory-us…ging] [F] LL_A app//memory: System [Used 5528MB, Free 111MB] Process [Footprint 173MB (-0MB), Available 0MB, Peak 186MB] [cpu/s: 0.049]
20:04:30.806 [ 184665] [main-thread   ] [F] LL_A task-manager//task-manager/run-task task-manager = <WATaskManager: 0x600001724100>, quiet mode 0 _executingTask 0
20:04:30.806 [ 184665] [main-thread   ] [F] LL_A task-manager//run-task-in-group task-manager = <WATaskManager: 0x600001724100>, queue=<WATaskQueue: 0x600001254af0>
20:04:30.806 [ 184665] [main-thread   ] [F] LL_A task-manager//task-queue/find-task to be executed task = <WABlockTask: 0x600003780660 [ctwa-thread-data-store-cleanup]>  queue=<WATaskQueue: 0x600001254af0>
20:04:30.807 [ 184665] [main-thread   ] [F] LL_A task-manager//task/start [<WATaskQueue: 0x600001254af0>]
20:04:30.808 [ 209907] [utility-qos   ] [F] LL_A task-manager//task-queue/run-task on queue task = <WABlockTask: 0x600003780660 [ctwa-thread-data-store-cleanup]>, queue = <WATaskQueue: 0x600001254af0>
20:04:30.810 [ 209907] [utility-qos   ] [F] LL_A task-manager//task-queue/task-completion task = <WABlockTask: 0x600003780660 [ctwa-thread-data-store-cleanup]>, queue = <WATaskQueue: 0x600001254af0>, should-run-again = 0
20:04:30.811 [ 184665] [main-thread   ] [F] LL_A task-manager//task finished for task-manager = <WATaskManager: 0x600001724100> on queue=<WATaskQueue: 0x600001254af0>
20:04:30.811 [ 184665] [main-thread   ] [F] LL_A task-manager//task-manager/run-task task-manager = <WATaskManager: 0x600001724100>, quiet mode 0 _executingTask 0
20:04:31.860 [ 184665] [main-thread   ] [F] LL_A task-manager//task-manager/run-task task-manager = <WATaskManager: 0x600001724100>, quiet mode 0 _executingTask 0
20:04:31.860 [ 184665] [main-thread   ] [F] LL_A task-manager//run-task-in-group task-manager = <WATaskManager: 0x600001724100>, queue=<WATaskQueue: 0x600001254af0>
20:04:31.860 [ 184665] [main-thread   ] [F] LL_A task-manager//task-queue/find-task to be executed task = <WABlockTask: 0x6000037caeb0 [ctwa-conversion-entry-point-store-cleanup]>  queue=<WATaskQueue: 0x600001254af0>
20:04:31.862 [ 184665] [main-thread   ] [F] LL_A task-manager//task/start [<WATaskQueue: 0x600001254af0>]
20:04:31.862 [ 209236] [utility-qos   ] [F] LL_A task-manager//task-queue/run-task on queue task = <WABlockTask: 0x6000037caeb0 [ctwa-conversion-entry-point-store-cleanup]>, queue = <WATaskQueue: 0x600001254af0>
20:04:31.864 [ 209236] [utility-qos   ] [F] LL_A task-manager//task-queue/task-completion task = <WABlockTask: 0x6000037caeb0 [ctwa-conversion-entry-point-store-cleanup]>, queue = <WATaskQueue: 0x600001254af0>, should-run-again = 0
20:04:31.865 [ 184665] [main-thread   ] [F] LL_A task-manager//task finished for task-manager = <WATaskManager: 0x600001724100> on queue=<WATaskQueue: 0x600001254af0>
20:04:31.865 [ 184665] [main-thread   ] [F] LL_A task-manager//task-manager/run-task task-manager = <WATaskManager: 0x600001724100>, quiet mode 0 _executingTask 0
20:04:32.097 [ 209907] [normal        ] [F] LL_N xmpp//< recv < [iq/result f=******8311:0@s.whatsapp.net id=1790079492-45 [usync]]
20:04:32.097 [ 209907] [normal        ] [F] LL_A sync-session//usync/request/end/batch/0
20:04:32.113 [ 209911] [NSManaged…a970] [F] LL_A storage//save/success [KVStore-LocalKeyValue.sqlite in 0.00s with no changes]
20:04:32.116 [ 209905] [crypto        ] [F] LL_A signal/store//identity/fetch/user-jids={(
LL_A     <******2663@lid>,
LL_A     <******5890@lid>,
LL_A     <******3491@lid>,
LL_A     <******1352@lid>,
LL_A     <******2976@lid>,
LL_A     <******5566@lid>,
LL_A     <******5789@lid>,
LL_A     <******8030@lid>,
LL_A     <******2626@lid>,
LL_A     <******4625@lid>,
LL_A     <******4726@lid>,
LL_A     <******4229@lid>,
LL_A     <******7100@lid>,
LL_A     <******6956@lid>,
LL_A     <******6877@lid>,
LL_A     <******5857@lid>,
LL_A     <******9594@lid>,
LL_A     <******4840@lid>
LL_A )}
20:04:32.121 [ 209905] [NSManaged…4ea0] [F] LL_A signal/store//identity/fetch/success count=19 users=(
LL_A     "<******7100:0@lid>",
LL_A     "<******6956:0@lid>",
LL_A     "<******4840:0@lid>",
LL_A     "<******9594:0@lid>",
LL_A     "<******5890:0@lid>",
LL_A     "<******4229:0@lid>",
LL_A     "<******6877:11@lid>",
LL_A     "<******1352:0@lid>",
LL_A     "<******2626:0@lid>",
LL_A     "<******4726:0@lid>",
LL_A     "<******8030:0@lid>",
LL_A     "<******4625:0@lid>",
LL_A     "<******5857:0@lid>",
LL_A     "<******6877:0@lid>",
LL_A     "<******5789:0@lid>",
LL_A     "<******3491:0@lid>",
LL_A     "<******5566:0@lid>",
LL_A     "<******2663:0@lid>",
LL_A     "<******2976:0@lid>"
LL_A )
20:04:32.121 [ 184665] [main-thread   ] [F] LL_A device-storage-updater/devices/<******1352@lid>/account-effect
LL_A 		->
LL_A 	AccountEffect(l: DeviceListEffect.mutate(390769865 ts: 1789522798 i: [:] r: [] expectedTS: ETSEffect { .ignore } sync: false accType: WAPBADVEncryptionType(rawValue: 0) accTypeUpdated: false) k: IdentityKeyEffect { primaryIdentity: PrimaryIdentityEffect.ignore, newKeys: [] })
20:04:32.122 [ 184665] [main-thread   ] [F] LL_A device-storage-updater/devices/<******5566@lid>/account-effect
LL_A 		->
LL_A 	AccountEffect(l: DeviceListEffect.mutate(4160160006 ts: 1789958238 i: [:] r: [] expectedTS: ETSEffect { .ignore } sync: false accType: WAPBADVEncryptionType(rawValue: 0) accTypeUpdated: false) k: IdentityKeyEffect { primaryIdentity: PrimaryIdentityEffect.ignore, newKeys: [] })
20:04:32.122 [ 184665] [main-thread   ] [F] LL_A device-storage-updater/devices/<******2663@lid>/account-effect
LL_A 		->
LL_A 	AccountEffect(l: DeviceListEffect.mutate(1380624923 ts: 1788953228 i: [:] r: [] expectedTS: ETSEffect { .ignore } sync: false accType: WAPBADVEncryptionType(rawValue: 0) accTypeUpdated: false) k: IdentityKeyEffect { primaryIdentity: PrimaryIdentityEffect.ignore, newKeys: [] })
20:04:32.122 [ 184665] [main-thread   ] [F] LL_A device-storage-updater/devices/<******2626@lid>/account-effect
LL_A 		->
LL_A 	AccountEffect(l: DeviceListEffect.mutate(160310711 ts: 1788920615 i: [:] r: [] expectedTS: ETSEffect { .ignore } sync: false accType: WAPBADVEncryptionType(rawValue: 0) accTypeUpdated: false) k: IdentityKeyEffect { primaryIdentity: PrimaryIdentityEffect.ignore, newKeys: [] })
20:04:32.123 [ 184665] [main-thread   ] [F] LL_A device-storage-updater/devices/<******4726@lid>/account-effect
LL_A 		->
LL_A 	AccountEffect(l: DeviceListEffect.mutate(864432941 ts: 1788878887 i: [:] r: [] expectedTS: ETSEffect { .ignore } sync: false accType: WAPBADVEncryptionType(rawValue: 0) accTypeUpdated: false) k: IdentityKeyEffect { primaryIdentity: PrimaryIdentityEffect.ignore, newKeys: [] })
20:04:32.123 [ 184665] [main-thread   ] [F] LL_A device-storage-updater/devices/<******4840@lid>/account-effect
LL_A 		->
LL_A 	AccountEffect(l: DeviceListEffect.mutate(1392982711 ts: 1788884002 i: [:] r: [] expectedTS: ETSEffect { .ignore } sync: false accType: WAPBADVEncryptionType(rawValue: 0) accTypeUpdated: false) k: IdentityKeyEffect { primaryIdentity: PrimaryIdentityEffect.ignore, newKeys: [] })
20:04:32.123 [ 184665] [main-thread   ] [F] LL_A device-storage-updater/devices/<******2976@lid>/account-effect
LL_A 		->
LL_A 	AccountEffect(l: DeviceListEffect.mutate(1276568976 ts: 1788921568 i: [:] r: [] expectedTS: ETSEffect { .ignore } sync: false accType: WAPBADVEncryptionType(rawValue: 0) accTypeUpdated: false) k: IdentityKeyEffect { primaryIdentity: PrimaryIdentityEffect.ignore, newKeys: [] })
20:04:32.124 [ 184665] [main-thread   ] [F] LL_A device-storage-updater/devices/<******8030@lid>/account-effect
LL_A 		->
LL_A 	AccountEffect(l: DeviceListEffect.mutate(2036615427 ts: 1789963196 i: [:] r: [] expectedTS: ETSEffect { .ignore } sync: false accType: WAPBADVEncryptionType(rawValue: 0) accTypeUpdated: false) k: IdentityKeyEffect { primaryIdentity: PrimaryIdentityEffect.ignore, newKeys: [] })
20:04:32.124 [ 184665] [main-thread   ] [F] LL_A device-storage-updater/devices/<******5789@lid>/account-effect
LL_A 		->
LL_A 	AccountEffect(l: DeviceListEffect.mutate(50142604 ts: 1788954050 i: [:] r: [] expectedTS: ETSEffect { .ignore } sync: false accType: WAPBADVEncryptionType(rawValue: 0) accTypeUpdated: false) k: IdentityKeyEffect { primaryIdentity: PrimaryIdentityEffect.ignore, newKeys: [] })
20:04:32.124 [ 184665] [main-thread   ] [F] LL_A device-storage-updater/devices/<******9594@lid>/account-effect
LL_A 		->
LL_A 	AccountEffect(l: DeviceListEffect.mutate(2092632357 ts: 1788958176 i: [:] r: [] expectedTS: ETSEffect { .ignore } sync: false accType: WAPBADVEncryptionType(rawValue: 0) accTypeUpdated: false) k: IdentityKeyEffect { primaryIdentity: PrimaryIdentityEffect.ignore, newKeys: [] })
20:04:32.125 [ 184665] [main-thread   ] [F] LL_A device-storage-updater/devices/<******5890@lid>/account-effect
LL_A 		->
LL_A 	AccountEffect(l: DeviceListEffect.mutate(945936976 ts: 1788881869 i: [:] r: [] expectedTS: ETSEffect { .ignore } sync: false accType: WAPBADVEncryptionType(rawValue: 0) accTypeUpdated: false) k: IdentityKeyEffect { primaryIdentity: PrimaryIdentityEffect.ignore, newKeys: [] })
20:04:32.125 [ 184665] [main-thread   ] [F] LL_A device-storage-updater/devices/<******4229@lid>/account-effect
LL_A 		->
LL_A 	AccountEffect(l: DeviceListEffect.mutate(715568387 ts: 1789442647 i: [:] r: [] expectedTS: ETSEffect { .ignore } sync: false accType: WAPBADVEncryptionType(rawValue: 0) accTypeUpdated: false) k: IdentityKeyEffect { primaryIdentity: PrimaryIdentityEffect.ignore, newKeys: [] })
20:04:32.125 [ 184665] [main-thread   ] [F] LL_A device-storage-updater/devices/<******5857@lid>/account-effect
LL_A 		->
LL_A 	AccountEffect(l: DeviceListEffect.mutate(2003131951 ts: 1788876614 i: [:] r: [] expectedTS: ETSEffect { .ignore } sync: false accType: WAPBADVEncryptionType(rawValue: 0) accTypeUpdated: false) k: IdentityKeyEffect { primaryIdentity: PrimaryIdentityEffect.ignore, newKeys: [] })
20:04:32.125 [ 184665] [main-thread   ] [F] LL_A device-storage-updater/devices/<******7100@lid>/account-effect
LL_A 		->
LL_A 	AccountEffect(l: DeviceListEffect.mutate(1373332094 ts: 1788879100 i: [:] r: [] expectedTS: ETSEffect { .ignore } sync: false accType: WAPBADVEncryptionType(rawValue: 0) accTypeUpdated: false) k: IdentityKeyEffect { primaryIdentity: PrimaryIdentityEffect.ignore, newKeys: [] })
20:04:32.126 [ 184665] [main-thread   ] [F] LL_A device-storage-updater/devices/<******6877@lid>/account-effect
LL_A 		->
LL_A 	AccountEffect(l: DeviceListEffect.mutate(494938462 ts: 1788944200 i: [:] r: [] expectedTS: ETSEffect { .ignore } sync: false accType: WAPBADVEncryptionType(rawValue: 0) accTypeUpdated: false) k: IdentityKeyEffect { primaryIdentity: PrimaryIdentityEffect.ignore, newKeys: [] })
20:04:32.126 [ 184665] [main-thread   ] [F] LL_A device-storage-updater/devices/<******4625@lid>/account-effect
LL_A 		->
LL_A 	AccountEffect(l: DeviceListEffect.mutate(479533568 ts: 1788911225 i: [:] r: [] expectedTS: ETSEffect { .ignore } sync: false accType: WAPBADVEncryptionType(rawValue: 0) accTypeUpdated: false) k: IdentityKeyEffect { primaryIdentity: PrimaryIdentityEffect.ignore, newKeys: [] })
20:04:32.126 [ 184665] [main-thread   ] [F] LL_A device-storage-updater/devices/<******3491@lid>/account-effect
LL_A 		->
LL_A 	AccountEffect(l: DeviceListEffect.mutate(499736371 ts: 1788871592 i: [:] r: [] expectedTS: ETSEffect { .ignore } sync: false accType: WAPBADVEncryptionType(rawValue: 0) accTypeUpdated: false) k: IdentityKeyEffect { primaryIdentity: PrimaryIdentityEffect.ignore, newKeys: [] })
20:04:32.126 [ 184665] [main-thread   ] [F] LL_A device-storage-updater/devices/<******6956@lid>/account-effect
LL_A 		->
LL_A 	AccountEffect(l: DeviceListEffect.mutate(194344257 ts: 1789995638 i: [:] r: [] expectedTS: ETSEffect { .ignore } sync: false accType: WAPBADVEncryptionType(rawValue: 0) accTypeUpdated: false) k: IdentityKeyEffect { primaryIdentity: PrimaryIdentityEffect.ignore, newKeys: [] })
20:04:32.127 [ 184665] [main-thread   ] [F] LL_A device-storage-updater/devices/<******4229@lid>/mutate id: 715568387 ts: 1789442647 i: [:] r: []
20:04:32.127 [ 184665] [main-thread   ] [F] LL_A device-storage-updater/devices/<******4840@lid>/mutate id: 1392982711 ts: 1788884002 i: [:] r: []
20:04:32.128 [ 184665] [main-thread   ] [F] LL_A device-storage-updater/devices/<******4726@lid>/mutate id: 864432941 ts: 1788878887 i: [:] r: []
20:04:32.128 [ 184665] [main-thread   ] [F] LL_A device-storage-updater/devices/<******2626@lid>/mutate id: 160310711 ts: 1788920615 i: [:] r: []
20:04:32.128 [ 184665] [main-thread   ] [F] LL_A device-storage-updater/devices/<******2976@lid>/mutate id: 1276568976 ts: 1788921568 i: [:] r: []
20:04:32.128 [ 184665] [main-thread   ] [F] LL_A device-storage-updater/devices/<******6877@lid>/mutate id: 494938462 ts: 1788944200 i: [:] r: []
20:04:32.128 [ 184665] [main-thread   ] [F] LL_A device-storage-updater/devices/<******2663@lid>/mutate id: 1380624923 ts: 1788953228 i: [:] r: []
20:04:32.129 [ 184665] [main-thread   ] [F] LL_A device-storage-updater/devices/<******5890@lid>/mutate id: 945936976 ts: 1788881869 i: [:] r: []
20:04:32.129 [ 184665] [main-thread   ] [F] LL_A device-storage-updater/devices/<******6956@lid>/mutate id: 194344257 ts: 1789995638 i: [:] r: []
20:04:32.129 [ 184665] [main-thread   ] [F] LL_A device-storage-updater/devices/<******5789@lid>/mutate id: 50142604 ts: 1788954050 i: [:] r: []
20:04:32.129 [ 184665] [main-thread   ] [F] LL_A device-storage-updater/devices/<******8030@lid>/mutate id: 2036615427 ts: 1789963196 i: [:] r: []
20:04:32.129 [ 184665] [main-thread   ] [F] LL_A device-storage-updater/devices/<******9594@lid>/mutate id: 2092632357 ts: 1788958176 i: [:] r: []
20:04:32.129 [ 184665] [main-thread   ] [F] LL_A device-storage-updater/devices/<******5857@lid>/mutate id: 2003131951 ts: 1788876614 i: [:] r: []
20:04:32.130 [ 184665] [main-thread   ] [F] LL_A device-storage-updater/devices/<******7100@lid>/mutate id: 1373332094 ts: 1788879100 i: [:] r: []
20:04:32.130 [ 184665] [main-thread   ] [F] LL_A device-storage-updater/devices/<******1352@lid>/mutate id: 390769865 ts: 1789522798 i: [:] r: []
20:04:32.130 [ 184665] [main-thread   ] [F] LL_A device-storage-updater/devices/<******3491@lid>/mutate id: 499736371 ts: 1788871592 i: [:] r: []
20:04:32.130 [ 184665] [main-thread   ] [F] LL_A device-storage-updater/devices/<******4625@lid>/mutate id: 479533568 ts: 1788911225 i: [:] r: []
20:04:32.130 [ 184665] [main-thread   ] [F] LL_A device-storage-updater/devices/<******5566@lid>/mutate id: 4160160006 ts: 1789958238 i: [:] r: []
20:04:32.130 [ 184665] [main-thread   ] [F] LL_A chatstorage//save/ids/success [ChatDB in 0.00s]
20:04:32.131 [ 184665] [main-thread   ] [F] LL_A chatstorage//save/process [ChatDB in 0.00s]
20:04:32.131 [ 184665] [main-thread   ] [F] LL_A chatstorage//indexing/should index messages 0
20:04:32.133 [ 184665] [main-thread   ] [F] LL_A storage//save/success [ChatDB in 0.00s with changes]
20:04:32.133 [ 184665] [main-thread   ] [F] LL_A chatstorage//save/aggregated success [ChatDB in 0.00s]
20:04:32.915 [ 184665] [main-thread   ] [F] LL_A task-manager//task-manager/run-task task-manager = <WATaskManager: 0x600001724100>, quiet mode 0 _executingTask 0
20:04:32.915 [ 184665] [main-thread   ] [F] LL_A task-manager//run-task-in-group task-manager = <WATaskManager: 0x600001724100>, queue=<WATaskQueue: 0x600001254af0>
20:04:32.915 [ 184665] [main-thread   ] [F] LL_A task-manager//task-queue/find-task to be executed task = <WARepeatingBlockTask: 0x60000122e060 [kWaffleSilentUnpausePeriodicCheckTaskIdentifier]>  queue=<WATaskQueue: 0x600001254af0>
20:04:32.917 [ 184665] [main-thread   ] [F] LL_A task-manager//task/start [<WATaskQueue: 0x600001254af0>]
20:04:32.917 [ 209911] [utility-qos   ] [F] LL_A task-manager//task-queue/run-task on queue task = <WARepeatingBlockTask: 0x60000122e060 [kWaffleSilentUnpausePeriodicCheckTaskIdentifier]>, queue = <WATaskQueue: 0x600001254af0>
20:04:32.924 [ 209905] [NSManaged…a970] [F] LL_A storage//save/success [KVStore-LocalKeyValue.sqlite in 0.00s with changes]
20:04:32.924 [ 209905] [repeating-task] [F] LL_A task-manager//task-queue/task-completion task = <WARepeatingBlockTask: 0x60000122e060 [kWaffleSilentUnpausePeriodicCheckTaskIdentifier]>, queue = <WATaskQueue: 0x600001254af0>, should-run-again = 0
20:04:32.925 [ 184665] [main-thread   ] [F] LL_A task-manager//task finished for task-manager = <WATaskManager: 0x600001724100> on queue=<WATaskQueue: 0x600001254af0>
20:04:32.925 [ 184665] [main-thread   ] [F] LL_A task-manager//task-manager/run-task task-manager = <WATaskManager: 0x600001724100>, quiet mode 0 _executingTask 0
20:04:33.573 [ 209911] [memory-us…ging] [F] LL_A app//memory: System [Used 5420MB, Free 194MB] Process [Footprint 173MB (-0MB), Available 0MB, Peak 186MB] [cpu/s: 0.042]
20:04:33.973 [ 184665] [main-thread   ] [F] LL_A task-manager//task-manager/run-task task-manager = <WATaskManager: 0x600001724100>, quiet mode 0 _executingTask 0
20:04:33.973 [ 184665] [main-thread   ] [F] LL_A task-manager//run-task-in-group task-manager = <WATaskManager: 0x600001724100>, queue=<WATaskQueue: 0x600001254af0>
20:04:33.973 [ 184665] [main-thread   ] [F] LL_A task-manager//task-queue/find-task to be executed task = <WARepeatingBlockTask: 0x60000121e920 [unknown-user-display-cleanup-cron]>  queue=<WATaskQueue: 0x600001254af0>
20:04:33.975 [ 184665] [main-thread   ] [F] LL_A task-manager//task/start [<WATaskQueue: 0x600001254af0>]
20:04:33.975 [ 209904] [utility-qos   ] [F] LL_A task-manager//task-queue/run-task on queue task = <WARepeatingBlockTask: 0x60000121e920 [unknown-user-display-cleanup-cron]>, queue = <WATaskQueue: 0x600001254af0>
20:04:33.982 [ 209911] [NSManaged…a970] [F] LL_A storage//save/success [KVStore-LocalKeyValue.sqlite in 0.00s with changes]
20:04:33.982 [ 209911] [repeating-task] [F] LL_A task-manager//task-queue/task-completion task = <WARepeatingBlockTask: 0x60000121e920 [unknown-user-display-cleanup-cron]>, queue = <WATaskQueue: 0x600001254af0>, should-run-again = 0
20:04:33.984 [ 184665] [main-thread   ] [F] LL_A task-manager//task finished for task-manager = <WATaskManager: 0x600001724100> on queue=<WATaskQueue: 0x600001254af0>
20:04:33.984 [ 184665] [main-thread   ] [F] LL_A task-manager//task-manager/run-task task-manager = <WATaskManager: 0x600001724100>, quiet mode 0 _executingTask 0
20:04:35.031 [ 184665] [main-thread   ] [F] LL_A task-manager//task-manager/run-task task-manager = <WATaskManager: 0x600001724100>, quiet mode 0 _executingTask 0
20:04:35.031 [ 184665] [main-thread   ] [F] LL_A task-manager//run-task-in-group task-manager = <WATaskManager: 0x600001724100>, queue=<WATaskQueue: 0x600001254af0>
20:04:35.031 [ 184665] [main-thread   ] [F] LL_A task-manager//task-queue/find-task to be executed task = <WABlockTask: 0x6000036ff030 [extract-urls]>  queue=<WATaskQueue: 0x600001254af0>
20:04:35.034 [ 184665] [main-thread   ] [F] LL_A task-manager//task/start [<WATaskQueue: 0x600001254af0>]
20:04:35.034 [ 209911] [utility-qos   ] [F] LL_A task-manager//task-queue/run-task on queue task = <WABlockTask: 0x6000036ff030 [extract-urls]>, queue = <WATaskQueue: 0x600001254af0>
20:04:35.039 [ 184665] [main-thread   ] [F] LL_A storage//save/background/done [ChatDB in 0.00s with no changes from 'NSManagedObjectContext 0x60000020cd00']
20:04:35.039 [ 184665] [main-thread   ] [F] LL_A extract-url/incremental [0.005]
20:04:35.040 [ 184665] [main-thread   ] [F] LL_A task-manager//task-queue/task-completion task = <WABlockTask: 0x6000036ff030 [extract-urls]>, queue = <WATaskQueue: 0x600001254af0>, should-run-again = 0
20:04:35.041 [ 184665] [main-thread   ] [F] LL_A task-manager//task finished for task-manager = <WATaskManager: 0x600001724100> on queue=<WATaskQueue: 0x600001254af0>
20:04:35.041 [ 184665] [main-thread   ] [F] LL_A task-manager//task-manager/run-task task-manager = <WATaskManager: 0x600001724100>, quiet mode 0 _executingTask 0
20:04:36.089 [ 184665] [main-thread   ] [F] LL_A task-manager//task-manager/run-task task-manager = <WATaskManager: 0x600001724100>, quiet mode 0 _executingTask 0
20:04:36.090 [ 184665] [main-thread   ] [F] LL_A task-manager//run-task-in-group task-manager = <WATaskManager: 0x600001724100>, queue=<WATaskQueue: 0x600001254af0>
20:04:36.090 [ 184665] [main-thread   ] [F] LL_A task-manager//task-queue/find-task to be executed task = <WAOrderedMessageTask: 0x6000023dc640 [delete-messages-no-session]>  queue=<WATaskQueue: 0x600001254af0>
20:04:36.091 [ 184665] [main-thread   ] [F] LL_A task-manager//task/start [<WATaskQueue: 0x600001254af0>]
20:04:36.092 [ 209236] [utility-qos   ] [F] LL_A task-manager//task-queue/run-task on queue task = <WAOrderedMessageTask: 0x6000023dc640 [delete-messages-no-session]>, queue = <WATaskQueue: 0x600001254af0>
20:04:36.095 [ 209236] [NSManaged…cd00] [F] LL_A task/ordered/done [delete-messages-no-session; count: 0]
20:04:36.095 [ 209236] [NSManaged…cd00] [F] LL_A task-manager//task-queue/task-completion task = <WAOrderedMessageTask: 0x6000023dc640 [delete-messages-no-session]>, queue = <WATaskQueue: 0x600001254af0>, should-run-again = 0
20:04:36.096 [ 184665] [main-thread   ] [F] LL_A task-manager//task finished for task-manager = <WATaskManager: 0x600001724100> on queue=<WATaskQueue: 0x600001254af0>
20:04:36.096 [ 184665] [main-thread   ] [F] LL_A task-manager//task-manager/run-task task-manager = <WATaskManager: 0x600001724100>, quiet mode 0 _executingTask 0
20:04:36.569 [ 209236] [memory-us…ging] [F] LL_A app//memory: System [Used 5517MB, Free 113MB] Process [Footprint 173MB (-0MB), Available 0MB, Peak 186MB] [cpu/s: 0.024]
20:04:37.114 [ 184665] [main-thread   ] [F] LL_A task-manager//task-manager/run-task task-manager = <WATaskManager: 0x600001724100>, quiet mode 0 _executingTask 0
20:04:37.115 [ 184665] [main-thread   ] [F] LL_A task-manager//run-task-in-group task-manager = <WATaskManager: 0x600001724100>, queue=<WATaskQueue: 0x600001254af0>
20:04:37.115 [ 184665] [main-thread   ] [F] LL_A task-manager//task-queue/find-task to be executed task = <WABlockTask: 0x600003553060 [index-vcards-mentions]>  queue=<WATaskQueue: 0x600001254af0>
20:04:37.117 [ 184665] [main-thread   ] [F] LL_A task-manager//task/start [<WATaskQueue: 0x600001254af0>]
20:04:37.117 [ 209907] [utility-qos   ] [F] LL_A task-manager//task-queue/run-task on queue task = <WABlockTask: 0x600003553060 [index-vcards-mentions]>, queue = <WATaskQueue: 0x600001254af0>
20:04:37.117 [ 209907] [utility-qos   ] [F] LL_A task-manager//task-queue/task-completion task = <WABlockTask: 0x600003553060 [index-vcards-mentions]>, queue = <WATaskQueue: 0x600001254af0>, should-run-again = 0
20:04:37.118 [ 184665] [main-thread   ] [F] LL_A task-manager//task finished for task-manager = <WATaskManager: 0x600001724100> on queue=<WATaskQueue: 0x600001254af0>
20:04:37.118 [ 184665] [main-thread   ] [F] LL_A task-manager//task-manager/run-task task-manager = <WATaskManager: 0x600001724100>, quiet mode 0 _executingTask 0
20:04:38.131 [ 184665] [main-thread   ] [F] LL_A task-manager//task-manager/run-task task-manager = <WATaskManager: 0x600001724100>, quiet mode 0 _executingTask 0
20:04:38.131 [ 184665] [main-thread   ] [F] LL_A task-manager//run-task-in-group task-manager = <WATaskManager: 0x600001724100>, queue=<WATaskQueue: 0x600001254af0>
20:04:38.131 [ 184665] [main-thread   ] [F] LL_A task-manager//task-queue/find-task to be executed task = <WABlockTask: 0x600003553180 [clean-streaming-media]>  queue=<WATaskQueue: 0x600001254af0>
20:04:38.133 [ 184665] [main-thread   ] [F] LL_A task-manager//task/start [<WATaskQueue: 0x600001254af0>]
20:04:38.134 [ 209911] [utility-qos   ] [F] LL_A task-manager//task-queue/run-task on queue task = <WABlockTask: 0x600003553180 [clean-streaming-media]>, queue = <WATaskQueue: 0x600001254af0>
20:04:38.136 [ 184665] [main-thread   ] [F] LL_A storage//save/background/done [ChatDB in 0.00s with no changes from 'NSManagedObjectContext 0x60000020cd00']
20:04:38.137 [ 209911] [default-qos   ] [F] LL_A chatstorage-tasks//clean-streaming-media [0.003s, sidecars: 0; messages: 0, filemap: done]
20:04:38.137 [ 209911] [default-qos   ] [F] LL_A task-manager//task-queue/task-completion task = <WABlockTask: 0x600003553180 [clean-streaming-media]>, queue = <WATaskQueue: 0x600001254af0>, should-run-again = 0
20:04:38.138 [ 184665] [main-thread   ] [F] LL_A task-manager//task finished for task-manager = <WATaskManager: 0x600001724100> on queue=<WATaskQueue: 0x600001254af0>
20:04:38.138 [ 184665] [main-thread   ] [F] LL_A task-manager//task-manager/run-task task-manager = <WATaskManager: 0x600001724100>, quiet mode 0 _executingTask 0
20:04:39.182 [ 184665] [main-thread   ] [F] LL_A task-manager//task-manager/run-task task-manager = <WATaskManager: 0x600001724100>, quiet mode 0 _executingTask 0
20:04:39.182 [ 184665] [main-thread   ] [F] LL_A task-manager//run-task-in-group task-manager = <WATaskManager: 0x600001724100>, queue=<WATaskQueue: 0x600001254af0>
20:04:39.182 [ 184665] [main-thread   ] [F] LL_A task-manager//task-queue/find-task to be executed task = <WABlockTask: 0x600003552e80 [clean-plaintext-streaming-media-file-maps]>  queue=<WATaskQueue: 0x600001254af0>
20:04:39.183 [ 184665] [main-thread   ] [F] LL_A task-manager//task/start [<WATaskQueue: 0x600001254af0>]
20:04:39.197 [ 209236] [utility-qos   ] [F] LL_A task-manager//task-queue/run-task on queue task = <WABlockTask: 0x600003552e80 [clean-plaintext-streaming-media-file-maps]>, queue = <WATaskQueue: 0x600001254af0>
20:04:39.197 [ 209236] [utility-qos   ] [F] LL_A task-manager//task-queue/task-completion task = <WABlockTask: 0x600003552e80 [clean-plaintext-streaming-media-file-maps]>, queue = <WATaskQueue: 0x600001254af0>, should-run-again = 0
20:04:39.198 [ 184665] [main-thread   ] [F] LL_A task-manager//task finished for task-manager = <WATaskManager: 0x600001724100> on queue=<WATaskQueue: 0x600001254af0>
20:04:39.199 [ 184665] [main-thread   ] [F] LL_A task-manager//task-manager/run-task task-manager = <WATaskManager: 0x600001724100>, quiet mode 0 _executingTask 0
20:04:39.569 [ 209905] [memory-us…ging] [F] LL_A app//memory: System [Used 5598MB, Free 73MB] Process [Footprint 173MB (0MB), Available 0MB, Peak 186MB] [cpu/s: 0.019]
20:04:40.248 [ 184665] [main-thread   ] [F] LL_A task-manager//task-manager/run-task task-manager = <WATaskManager: 0x600001724100>, quiet mode 0 _executingTask 0
20:04:40.248 [ 184665] [main-thread   ] [F] LL_A task-manager//run-task-in-group task-manager = <WATaskManager: 0x600001724100>, queue=<WATaskQueue: 0x600001254af0>
20:04:40.249 [ 184665] [main-thread   ] [F] LL_A task-manager//task-queue/find-task to be executed task = <WABlockTask: 0x600003552d30 [clean-firstscan-sidecar]>  queue=<WATaskQueue: 0x600001254af0>
20:04:40.251 [ 184665] [main-thread   ] [F] LL_A task-manager//task/start [<WATaskQueue: 0x600001254af0>]
20:04:40.251 [ 209905] [utility-qos   ] [F] LL_A task-manager//task-queue/run-task on queue task = <WABlockTask: 0x600003552d30 [clean-firstscan-sidecar]>, queue = <WATaskQueue: 0x600001254af0>
20:04:40.257 [ 209905] [utility-qos   ] [F] LL_A chatstorage-tasks//clean-firstscan-sidecar/done [0.006s]
20:04:40.257 [ 209905] [utility-qos   ] [F] LL_A task-manager//task-queue/task-completion task = <WABlockTask: 0x600003552d30 [clean-firstscan-sidecar]>, queue = <WATaskQueue: 0x600001254af0>, should-run-again = 0
20:04:40.259 [ 184665] [main-thread   ] [F] LL_A task-manager//task finished for task-manager = <WATaskManager: 0x600001724100> on queue=<WATaskQueue: 0x600001254af0>
20:04:40.259 [ 184665] [main-thread   ] [F] LL_A task-manager//task-manager/run-task task-manager = <WATaskManager: 0x600001724100>, quiet mode 0 _executingTask 0
20:04:41.298 [ 184665] [main-thread   ] [F] LL_A task-manager//task-manager/run-task task-manager = <WATaskManager: 0x600001724100>, quiet mode 0 _executingTask 0
20:04:41.298 [ 184665] [main-thread   ] [F] LL_A task-manager//run-task-in-group task-manager = <WATaskManager: 0x600001724100>, queue=<WATaskQueue: 0x600001254af0>
20:04:41.298 [ 184665] [main-thread   ] [F] LL_A task-manager//task-queue/find-task to be executed task = <WABlockTask: 0x600003552ac0 [clean-pjpeg-sidecar]>  queue=<WATaskQueue: 0x600001254af0>
20:04:41.300 [ 184665] [main-thread   ] [F] LL_A task-manager//task/start [<WATaskQueue: 0x600001254af0>]
20:04:41.300 [ 209236] [utility-qos   ] [F] LL_A task-manager//task-queue/run-task on queue task = <WABlockTask: 0x600003552ac0 [clean-pjpeg-sidecar]>, queue = <WATaskQueue: 0x600001254af0>
20:04:41.314 [ 209236] [utility-qos   ] [F] LL_A chatstorage-tasks//clean-pjpeg-sidecar/done [0.014s]
20:04:41.314 [ 209236] [utility-qos   ] [F] LL_A task-manager//task-queue/task-completion task = <WABlockTask: 0x600003552ac0 [clean-pjpeg-sidecar]>, queue = <WATaskQueue: 0x600001254af0>, should-run-again = 0
20:04:41.315 [ 184665] [main-thread   ] [F] LL_A task-manager//task finished for task-manager = <WATaskManager: 0x600001724100> on queue=<WATaskQueue: 0x600001254af0>
20:04:41.316 [ 184665] [main-thread   ] [F] LL_A task-manager//task-manager/run-task task-manager = <WATaskManager: 0x600001724100>, quiet mode 0 _executingTask 0
20:04:42.364 [ 184665] [main-thread   ] [F] LL_A task-manager//task-manager/run-task task-manager = <WATaskManager: 0x600001724100>, quiet mode 0 _executingTask 0
20:04:42.365 [ 184665] [main-thread   ] [F] LL_A task-manager//run-task-in-group task-manager = <WATaskManager: 0x600001724100>, queue=<WATaskQueue: 0x600001254af0>
20:04:42.365 [ 184665] [main-thread   ] [F] LL_A task-manager//task-queue/find-task to be executed task = <WABlockTask: 0x600003552a30 [clean-pjpeg-scan-lengths]>  queue=<WATaskQueue: 0x600001254af0>
20:04:42.366 [ 184665] [main-thread   ] [F] LL_A task-manager//task/start [<WATaskQueue: 0x600001254af0>]
20:04:42.366 [ 209904] [utility-qos   ] [F] LL_A task-manager//task-queue/run-task on queue task = <WABlockTask: 0x600003552a30 [clean-pjpeg-scan-lengths]>, queue = <WATaskQueue: 0x600001254af0>
20:04:42.375 [ 209904] [utility-qos   ] [F] LL_A chatstorage-tasks//clean-pjpeg-scan-lengths/done [0.010s]
20:04:42.375 [ 209904] [utility-qos   ] [F] LL_A task-manager//task-queue/task-completion task = <WABlockTask: 0x600003552a30 [clean-pjpeg-scan-lengths]>, queue = <WATaskQueue: 0x600001254af0>, should-run-again = 0
20:04:42.376 [ 184665] [main-thread   ] [F] LL_A task-manager//task finished for task-manager = <WATaskManager: 0x600001724100> on queue=<WATaskQueue: 0x600001254af0>
20:04:42.376 [ 184665] [main-thread   ] [F] LL_A task-manager//task-manager/run-task task-manager = <WATaskManager: 0x600001724100>, quiet mode 0 _executingTask 0
20:04:42.569 [ 209904] [memory-us…ging] [F] LL_A app//memory: System [Used 5598MB, Free 76MB] Process [Footprint 173MB (-0MB), Available 0MB, Peak 186MB] [cpu/s: 0.143]
20:04:43.423 [ 184665] [main-thread   ] [F] LL_A task-manager//task-manager/run-task task-manager = <WATaskManager: 0x600001724100>, quiet mode 0 _executingTask 0
20:04:43.423 [ 184665] [main-thread   ] [F] LL_A task-manager//run-task-in-group task-manager = <WATaskManager: 0x600001724100>, queue=<WATaskQueue: 0x600001254af0>
20:04:43.423 [ 184665] [main-thread   ] [F] LL_A task-manager//task-queue/find-task to be executed task = <WABlockTask: 0x6000035528b0 [clean-pjpeg-partial-plaintext-hashes]>  queue=<WATaskQueue: 0x600001254af0>
20:04:43.425 [ 184665] [main-thread   ] [F] LL_A task-manager//task/start [<WATaskQueue: 0x600001254af0>]
20:04:43.425 [ 209907] [utility-qos   ] [F] LL_A task-manager//task-queue/run-task on queue task = <WABlockTask: 0x6000035528b0 [clean-pjpeg-partial-plaintext-hashes]>, queue = <WATaskQueue: 0x600001254af0>
20:04:43.435 [ 209907] [utility-qos   ] [F] LL_A chatstorage-tasks//clean-pjpeg-partial-plaintext-hashes/done [0.010s]
20:04:43.435 [ 209907] [utility-qos   ] [F] LL_A task-manager//task-queue/task-completion task = <WABlockTask: 0x6000035528b0 [clean-pjpeg-partial-plaintext-hashes]>, queue = <WATaskQueue: 0x600001254af0>, should-run-again = 0
20:04:43.436 [ 184665] [main-thread   ] [F] LL_A task-manager//task finished for task-manager = <WATaskManager: 0x600001724100> on queue=<WATaskQueue: 0x600001254af0>
20:04:43.436 [ 184665] [main-thread   ] [F] LL_A task-manager//task-manager/run-task task-manager = <WATaskManager: 0x600001724100>, quiet mode 0 _executingTask 0
20:04:44.484 [ 184665] [main-thread   ] [F] LL_A task-manager//task-manager/run-task task-manager = <WATaskManager: 0x600001724100>, quiet mode 0 _executingTask 0
20:04:44.484 [ 184665] [main-thread   ] [F] LL_A task-manager//run-task-in-group task-manager = <WATaskManager: 0x600001724100>, queue=<WATaskQueue: 0x600001254af0>
20:04:44.484 [ 184665] [main-thread   ] [F] LL_A task-manager//task-queue/find-task to be executed task = <WABlockTask: 0x600003552c40 [clean-media-asset-cache]>  queue=<WATaskQueue: 0x600001254af0>
20:04:44.485 [ 184665] [main-thread   ] [F] LL_A task-manager//task/start [<WATaskQueue: 0x600001254af0>]
20:04:44.485 [ 209904] [utility-qos   ] [F] LL_A task-manager//task-queue/run-task on queue task = <WABlockTask: 0x600003552c40 [clean-media-asset-cache]>, queue = <WATaskQueue: 0x600001254af0>
20:04:44.489 [ 209904] [utility-qos   ] [F] LL_A media-asset-cache/media-asset-cache/delete-expired/done&hasMore=false
20:04:44.489 [ 209904] [utility-qos   ] [F] LL_A task-manager//task-queue/task-completion task = <WABlockTask: 0x600003552c40 [clean-media-asset-cache]>, queue = <WATaskQueue: 0x600001254af0>, should-run-again = 0
20:04:44.490 [ 184665] [main-thread   ] [F] LL_A task-manager//task finished for task-manager = <WATaskManager: 0x600001724100> on queue=<WATaskQueue: 0x600001254af0>
20:04:44.490 [ 184665] [main-thread   ] [F] LL_A task-manager//task-manager/run-task task-manager = <WATaskManager: 0x600001724100>, quiet mode 0 _executingTask 0
20:04:45.539 [ 184665] [main-thread   ] [F] LL_A task-manager//task-manager/run-task task-manager = <WATaskManager: 0x600001724100>, quiet mode 0 _executingTask 0
20:04:45.539 [ 184665] [main-thread   ] [F] LL_A task-manager//run-task-in-group task-manager = <WATaskManager: 0x600001724100>, queue=<WATaskQueue: 0x600001254af0>
20:04:45.539 [ 184665] [main-thread   ] [F] LL_A task-manager//task-queue/find-task to be executed task = <WABlockTask: 0x600003552430 [clean-hsm-metadata]>  queue=<WATaskQueue: 0x600001254af0>
20:04:45.540 [ 184665] [main-thread   ] [F] LL_A task-manager//task/start [<WATaskQueue: 0x600001254af0>]
20:04:45.541 [ 209904] [utility-qos   ] [F] LL_A task-manager//task-queue/run-task on queue task = <WABlockTask: 0x600003552430 [clean-hsm-metadata]>, queue = <WATaskQueue: 0x600001254af0>
20:04:45.544 [ 209904] [utility-qos   ] [F] LL_A task-manager//task-queue/task-completion task = <WABlockTask: 0x600003552430 [clean-hsm-metadata]>, queue = <WATaskQueue: 0x600001254af0>, should-run-again = 0
20:04:45.545 [ 184665] [main-thread   ] [F] LL_A task-manager//task finished for task-manager = <WATaskManager: 0x600001724100> on queue=<WATaskQueue: 0x600001254af0>
20:04:45.545 [ 184665] [main-thread   ] [F] LL_A task-manager//task-manager/run-task task-manager = <WATaskManager: 0x600001724100>, quiet mode 0 _executingTask 0
20:04:45.569 [ 209907] [memory-us…ging] [F] LL_A app//memory: System [Used 5580MB, Free 94MB] Process [Footprint 173MB (0MB), Available 0MB, Peak 186MB] [cpu/s: 0.020]
20:04:46.565 [ 184665] [main-thread   ] [F] LL_A task-manager//task-manager/run-task task-manager = <WATaskManager: 0x600001724100>, quiet mode 0 _executingTask 0
20:04:46.565 [ 184665] [main-thread   ] [F] LL_A task-manager//run-task-in-group task-manager = <WATaskManager: 0x600001724100>, queue=<WATaskQueue: 0x600001254af0>
20:04:46.565 [ 184665] [main-thread   ] [F] LL_A task-manager//task-queue/find-task to be executed task = <WABlockTask: 0x600003553720 [clean-sticker-image-cache]>  queue=<WATaskQueue: 0x600001254af0>
20:04:46.567 [ 184665] [main-thread   ] [F] LL_A task-manager//task/start [<WATaskQueue: 0x600001254af0>]
20:04:46.567 [ 209907] [utility-qos   ] [F] LL_A task-manager//task-queue/run-task on queue task = <WABlockTask: 0x600003553720 [clean-sticker-image-cache]>, queue = <WATaskQueue: 0x600001254af0>
20:04:46.569 [ 209907] [sticker-c…hing] [F] LL_A task-manager//task-queue/task-completion task = <WABlockTask: 0x600003553720 [clean-sticker-image-cache]>, queue = <WATaskQueue: 0x600001254af0>, should-run-again = 0
20:04:46.570 [ 184665] [main-thread   ] [F] LL_A task-manager//task finished for task-manager = <WATaskManager: 0x600001724100> on queue=<WATaskQueue: 0x600001254af0>
20:04:46.570 [ 184665] [main-thread   ] [F] LL_A task-manager//task-manager/run-task task-manager = <WATaskManager: 0x600001724100>, quiet mode 0 _executingTask 0
20:04:47.616 [ 184665] [main-thread   ] [F] LL_A task-manager//task-manager/run-task task-manager = <WATaskManager: 0x600001724100>, quiet mode 0 _executingTask 0
20:04:47.616 [ 184665] [main-thread   ] [F] LL_A task-manager//run-task-in-group task-manager = <WATaskManager: 0x600001724100>, queue=<WATaskQueue: 0x600001254af0>
20:04:47.616 [ 184665] [main-thread   ] [F] LL_A task-manager//task-queue/find-task to be executed task = <WAMessagesByActiveSessionTask: 0x60000124a5a0 [fix-streaming-items]>  queue=<WATaskQueue: 0x600001254af0>
20:04:47.618 [ 184665] [main-thread   ] [F] LL_A task-manager//task/start [<WATaskQueue: 0x600001254af0>]
20:04:47.618 [ 209905] [utility-qos   ] [F] LL_A task-manager//task-queue/run-task on queue task = <WAMessagesByActiveSessionTask: 0x60000124a5a0 [fix-streaming-items]>, queue = <WATaskQueue: 0x600001254af0>
20:04:47.627 [ 184665] [main-thread   ] [F] LL_A storage//save/background/done [ChatDB in 0.00s with no changes from 'NSManagedObjectContext 0x60000020cd00']
20:04:47.627 [ 184665] [main-thread   ] [F] LL_A messages-by-session//by-session [id: fix-streaming-items; count: 0; has-more: 0]
20:04:47.627 [ 184665] [main-thread   ] [F] LL_A task-manager//task-queue/task-completion task = <WAMessagesByActiveSessionTask: 0x60000124a5a0 [fix-streaming-items]>, queue = <WATaskQueue: 0x600001254af0>, should-run-again = 1
20:04:47.628 [ 184665] [main-thread   ] [F] LL_A task-manager//task finished for task-manager = <WATaskManager: 0x600001724100> on queue=<WATaskQueue: 0x600001254af0>
20:04:47.628 [ 184665] [main-thread   ] [F] LL_A task-manager//task-manager/run-task task-manager = <WATaskManager: 0x600001724100>, quiet mode 0 _executingTask 0
20:04:48.568 [ 209905] [memory-us…ging] [F] LL_A app//memory: System [Used 5561MB, Free 115MB] Process [Footprint 173MB (-0MB), Available 0MB, Peak 186MB] [cpu/s: 0.018]
20:04:48.631 [ 184665] [main-thread   ] [F] LL_A task-manager//task-manager/run-task task-manager = <WATaskManager: 0x600001724100>, quiet mode 0 _executingTask 0
20:04:48.631 [ 184665] [main-thread   ] [F] LL_A task-manager//run-task-in-group task-manager = <WATaskManager: 0x600001724100>, queue=<WATaskQueue: 0x600001254af0>
20:04:48.631 [ 184665] [main-thread   ] [F] LL_A task-manager//task-queue/find-task to be executed task = <WABlockTask: 0x6000036f8330 [clear-past-participant-history]>  queue=<WATaskQueue: 0x600001254af0>
20:04:48.634 [ 184665] [main-thread   ] [F] LL_A task-manager//task/start [<WATaskQueue: 0x600001254af0>]
20:04:48.634 [ 209904] [utility-qos   ] [F] LL_A task-manager//task-queue/run-task on queue task = <WABlockTask: 0x6000036f8330 [clear-past-participant-history]>, queue = <WATaskQueue: 0x600001254af0>
20:04:48.641 [ 184665] [main-thread   ] [F] LL_A task-manager//task-queue/task-completion task = <WABlockTask: 0x6000036f8330 [clear-past-participant-history]>, queue = <WATaskQueue: 0x600001254af0>, should-run-again = 0
20:04:48.642 [ 184665] [main-thread   ] [F] LL_A task-manager//task finished for task-manager = <WATaskManager: 0x600001724100> on queue=<WATaskQueue: 0x600001254af0>
20:04:48.642 [ 184665] [main-thread   ] [F] LL_A task-manager//task-manager/run-task task-manager = <WATaskManager: 0x600001724100>, quiet mode 0 _executingTask 0
20:04:49.690 [ 184665] [main-thread   ] [F] LL_A task-manager//task-manager/run-task task-manager = <WATaskManager: 0x600001724100>, quiet mode 0 _executingTask 0
20:04:49.690 [ 184665] [main-thread   ] [F] LL_A task-manager//run-task-in-group task-manager = <WATaskManager: 0x600001724100>, queue=<WATaskQueue: 0x600001254af0>
20:04:49.690 [ 184665] [main-thread   ] [F] LL_A task-manager//task-queue/find-task to be executed task = <WAMessagesBySessionTask: 0x600001a9d770 [delete-invalid-messages]>  queue=<WATaskQueue: 0x600001254af0>
20:04:49.692 [ 184665] [main-thread   ] [F] LL_A task-manager//task/start [<WATaskQueue: 0x600001254af0>]
20:04:49.692 [ 209904] [utility-qos   ] [F] LL_A task-manager//task-queue/run-task on queue task = <WAMessagesBySessionTask: 0x600001a9d770 [delete-invalid-messages]>, queue = <WATaskQueue: 0x600001254af0>
20:04:49.694 [ 209904] [NSManaged…cd00] [F] LL_A task-manager//task-queue/task-completion task = <WAMessagesBySessionTask: 0x600001a9d770 [delete-invalid-messages]>, queue = <WATaskQueue: 0x600001254af0>, should-run-again = 0
20:04:49.695 [ 184665] [main-thread   ] [F] LL_A task-manager//task finished for task-manager = <WATaskManager: 0x600001724100> on queue=<WATaskQueue: 0x600001254af0>
20:04:49.695 [ 184665] [main-thread   ] [F] LL_A task-manager//task-manager/run-task task-manager = <WATaskManager: 0x600001724100>, quiet mode 0 _executingTask 0
20:04:50.744 [ 184665] [main-thread   ] [F] LL_A task-manager//task-manager/run-task task-manager = <WATaskManager: 0x600001724100>, quiet mode 0 _executingTask 0
20:04:50.744 [ 184665] [main-thread   ] [F] LL_A task-manager//run-task-in-group task-manager = <WATaskManager: 0x600001724100>, queue=<WATaskQueue: 0x600001254af0>
20:04:50.745 [ 184665] [main-thread   ] [F] LL_A task-manager//task-queue/find-task to be executed task = <WAChatSessionMigrationTask: 0x6000012658f0 [broadcast-list-account-migration-v2]>  queue=<WATaskQueue: 0x600001254af0>
20:04:50.747 [ 184665] [main-thread   ] [F] LL_A task-manager//task/start [<WATaskQueue: 0x600001254af0>]
20:04:50.747 [ 209904] [utility-qos   ] [F] LL_A task-manager//task-queue/run-task on queue task = <WAChatSessionMigrationTask: 0x6000012658f0 [broadcast-list-account-migration-v2]>, queue = <WATaskQueue: 0x600001254af0>
20:04:50.755 [ 209904] [WARecursi…Lock] [F] LL_E storage//mutate/database-metadata/failed to save: WAChatSessionMigrationBase.ChatSessionMigrationError()
20:04:50.755 [ 209904] [cooperative   ] [F] LL_E broadcast-list-account-migration-v2/run/failure error=[‎The migration is disabled. Migration should only run on primary devices.]
20:04:50.762 [ 209904] [cooperative   ] [F] LL_A task-manager//task-queue/task-completion task = <WAChatSessionMigrationTask: 0x6000012658f0 [broadcast-list-account-migration-v2]>, queue = <WATaskQueue: 0x600001254af0>, should-run-again = 0
20:04:50.763 [ 184665] [main-thread   ] [F] LL_A task-manager//task finished for task-manager = <WATaskManager: 0x600001724100> on queue=<WATaskQueue: 0x600001254af0>
20:04:50.763 [ 184665] [main-thread   ] [F] LL_A task-manager//task-manager/run-task task-manager = <WATaskManager: 0x600001724100>, quiet mode 0 _executingTask 0
20:04:51.568 [ 209905] [memory-us…ging] [F] LL_A app//memory: System [Used 5554MB, Free 121MB] Process [Footprint 173MB (0MB), Available 0MB, Peak 186MB] [cpu/s: 0.022]
20:04:51.806 [ 184665] [main-thread   ] [F] LL_A task-manager//task-manager/run-task task-manager = <WATaskManager: 0x600001724100>, quiet mode 0 _executingTask 0
20:04:51.806 [ 184665] [main-thread   ] [F] LL_A task-manager//run-task-in-group task-manager = <WATaskManager: 0x600001724100>, queue=<WATaskQueue: 0x600001254af0>
20:04:51.806 [ 184665] [main-thread   ] [F] LL_A task-manager//task-queue/find-task to be executed task = <WAChatSessionMigrationTask: 0x6000012656c0 [bot-fbid-migration]>  queue=<WATaskQueue: 0x600001254af0>
20:04:51.808 [ 184665] [main-thread   ] [F] LL_A task-manager//task/start [<WATaskQueue: 0x600001254af0>]
20:04:51.808 [ 209904] [utility-qos   ] [F] LL_A task-manager//task-queue/run-task on queue task = <WAChatSessionMigrationTask: 0x6000012656c0 [bot-fbid-migration]>, queue = <WATaskQueue: 0x600001254af0>
20:04:51.813 [ 209904] [WARecursi…Lock] [F] LL_E storage//mutate/database-metadata/failed to save: WAChatSessionMigrationBase.ChatSessionMigrationError()
20:04:51.813 [ 209904] [cooperative   ] [F] LL_E bot-fbid-migration/run/failure error=[‎The migration is disabled. The `ai_fbid_local_db_migration_version_ios` ab prop is disabled.]
20:04:51.819 [ 209904] [cooperative   ] [F] LL_A task-manager//task-queue/task-completion task = <WAChatSessionMigrationTask: 0x6000012656c0 [bot-fbid-migration]>, queue = <WATaskQueue: 0x600001254af0>, should-run-again = 0
20:04:51.820 [ 184665] [main-thread   ] [F] LL_A task-manager//task finished for task-manager = <WATaskManager: 0x600001724100> on queue=<WATaskQueue: 0x600001254af0>
20:04:51.820 [ 184665] [main-thread   ] [F] LL_A task-manager//task-manager/run-task task-manager = <WATaskManager: 0x600001724100>, quiet mode 0 _executingTask 0
20:04:52.099 [ 209236] [normal        ] [F] LL_N stream//idle
20:04:52.099 [ 209236] [normal        ] [F] LL_A ccq/connection/cancel-stanza-processing/skip-resources-released
20:04:52.865 [ 184665] [main-thread   ] [F] LL_A task-manager//task-manager/run-task task-manager = <WATaskManager: 0x600001724100>, quiet mode 0 _executingTask 0
20:04:52.865 [ 184665] [main-thread   ] [F] LL_A task-manager//run-task-in-group task-manager = <WATaskManager: 0x600001724100>, queue=<WATaskQueue: 0x600001254af0>
20:04:52.865 [ 184665] [main-thread   ] [F] LL_A task-manager//task-queue/find-task to be executed task = <WABlockTask: 0x6000036ea6d0 [search-fts-table-cleanup]>  queue=<WATaskQueue: 0x600001254af0>
20:04:52.867 [ 184665] [main-thread   ] [F] LL_A task-manager//task/start [<WATaskQueue: 0x600001254af0>]
20:04:52.867 [ 209236] [utility-qos   ] [F] LL_A task-manager//task-queue/run-task on queue task = <WABlockTask: 0x6000036ea6d0 [search-fts-table-cleanup]>, queue = <WATaskQueue: 0x600001254af0>
20:04:52.872 [ 209236] [utility-qos   ] [F] LL_A searchengine//load/base [available: 1]
20:04:52.919 [ 209904] [NSManaged…cd00] [F] LL_A task-manager//task-queue/task-completion task = <WABlockTask: 0x6000036ea6d0 [search-fts-table-cleanup]>, queue = <WATaskQueue: 0x600001254af0>, should-run-again = 1
20:04:52.919 [ 184665] [main-thread   ] [F] LL_A task-manager//task finished for task-manager = <WATaskManager: 0x600001724100> on queue=<WATaskQueue: 0x600001254af0>
20:04:52.919 [ 184665] [main-thread   ] [F] LL_A task-manager//task-manager/run-task task-manager = <WATaskManager: 0x600001724100>, quiet mode 0 _executingTask 0
20:04:53.964 [ 184665] [main-thread   ] [F] LL_A task-manager//task-manager/run-task task-manager = <WATaskManager: 0x600001724100>, quiet mode 0 _executingTask 0
20:04:53.965 [ 184665] [main-thread   ] [F] LL_A task-manager//run-task-in-group task-manager = <WATaskManager: 0x600001724100>, queue=<WATaskQueue: 0x600001254af0>
20:04:53.965 [ 184665] [main-thread   ] [F] LL_A task-manager//task-queue/find-task to be executed task = <WARepeatingBlockTask: 0x600001218a80 [chatstorage/schedule-out-of-order-logging]>  queue=<WATaskQueue: 0x600001254af0>
20:04:53.967 [ 184665] [main-thread   ] [F] LL_A task-manager//task/start [<WATaskQueue: 0x600001254af0>]
20:04:53.967 [ 209236] [utility-qos   ] [F] LL_A task-manager//task-queue/run-task on queue task = <WARepeatingBlockTask: 0x600001218a80 [chatstorage/schedule-out-of-order-logging]>, queue = <WATaskQueue: 0x600001254af0>
20:04:53.972 [ 209236] [NSManaged…a970] [F] LL_A storage//save/success [KVStore-LocalKeyValue.sqlite in 0.00s with changes]
20:04:53.972 [ 209236] [repeating-task] [F] LL_A task-manager//task-queue/task-completion task = <WARepeatingBlockTask: 0x600001218a80 [chatstorage/schedule-out-of-order-logging]>, queue = <WATaskQueue: 0x600001254af0>, should-run-again = 0
20:04:53.974 [ 184665] [main-thread   ] [F] LL_A task-manager//task finished for task-manager = <WATaskManager: 0x600001724100> on queue=<WATaskQueue: 0x600001254af0>
20:04:53.974 [ 184665] [main-thread   ] [F] LL_A task-manager//task-manager/run-task task-manager = <WATaskManager: 0x600001724100>, quiet mode 0 _executingTask 0
20:04:54.003 [ 209904] [NSManaged…a970] [F] LL_A storage//save/success [KVStore-LocalKeyValue.sqlite in 0.00s with changes]
20:04:54.568 [ 209236] [memory-us…ging] [F] LL_A app//memory: System [Used 5604MB, Free 77MB] Process [Footprint 173MB (0MB), Available 0MB, Peak 186MB] [cpu/s: 0.037]
20:04:55.023 [ 184665] [main-thread   ] [F] LL_A task-manager//task-manager/run-task task-manager = <WATaskManager: 0x600001724100>, quiet mode 0 _executingTask 0
20:04:55.023 [ 184665] [main-thread   ] [F] LL_A task-manager//run-task-in-group task-manager = <WATaskManager: 0x600001724100>, queue=<WATaskQueue: 0x600001254af0>
20:04:55.023 [ 184665] [main-thread   ] [F] LL_A task-manager//task-queue/find-task to be executed task = <WABlockTask: 0x6000036e9ce0 [index-messages-retry]>  queue=<WATaskQueue: 0x600001254af0>
20:04:55.025 [ 184665] [main-thread   ] [F] LL_A task-manager//task/start [<WATaskQueue: 0x600001254af0>]
20:04:55.025 [ 209904] [utility-qos   ] [F] LL_A task-manager//task-queue/run-task on queue task = <WABlockTask: 0x6000036e9ce0 [index-messages-retry]>, queue = <WATaskQueue: 0x600001254af0>
20:04:55.027 [ 184665] [main-thread   ] [F] LL_A storage//save/background/done [ChatDB in 0.00s with no changes from 'NSManagedObjectContext 0x60000020cd00']
20:04:55.028 [ 184665] [main-thread   ] [F] LL_A msg-search//index/count [index-messages-retry; 0 in 0.002s]
20:04:55.029 [ 184665] [main-thread   ] [F] LL_A task-manager//task-queue/task-completion task = <WABlockTask: 0x6000036e9ce0 [index-messages-retry]>, queue = <WATaskQueue: 0x600001254af0>, should-run-again = 0
20:04:55.030 [ 184665] [main-thread   ] [F] LL_A task-manager//task finished for task-manager = <WATaskManager: 0x600001724100> on queue=<WATaskQueue: 0x600001254af0>
20:04:55.030 [ 184665] [main-thread   ] [F] LL_A task-manager//task-manager/run-task task-manager = <WATaskManager: 0x600001724100>, quiet mode 0 _executingTask 0
20:04:56.073 [ 184665] [main-thread   ] [F] LL_A task-manager//task-manager/run-task task-manager = <WATaskManager: 0x600001724100>, quiet mode 0 _executingTask 0
20:04:56.073 [ 184665] [main-thread   ] [F] LL_A task-manager//run-task-in-group task-manager = <WATaskManager: 0x600001724100>, queue=<WATaskQueue: 0x600001254af0>
20:04:56.074 [ 184665] [main-thread   ] [F] LL_A task-manager//task-queue/find-task to be executed task = <WARepeatingBlockTask: 0x60000121fcd0 [report-token-cleanup]>  queue=<WATaskQueue: 0x600001254af0>
20:04:56.076 [ 184665] [main-thread   ] [F] LL_A task-manager//task/start [<WATaskQueue: 0x600001254af0>]
20:04:56.076 [ 209904] [utility-qos   ] [F] LL_A task-manager//task-queue/run-task on queue task = <WARepeatingBlockTask: 0x60000121fcd0 [report-token-cleanup]>, queue = <WATaskQueue: 0x600001254af0>
20:04:56.078 [ 209904] [utility-qos   ] [F] LL_A message/report-token-store/reporting-token start-cleanup before date:2026-08-22 13:04:55 +0000
20:04:56.100 [ 209904] [utility-qos   ] [F] LL_A message/report-token-store/reporting-tag start-cleanup before date:2026-08-22 13:04:55 +0000
20:04:56.244 [ 209904] [utility-qos   ] [F] LL_A message/report-token-store/status-reporting-info start-cleanup before date:2026-08-22 13:04:55 +0000
20:04:56.249 [ 209904] [utility-qos   ] [F] LL_A message/report-token-store/ghs-reporting-info start-cleanup before date:2026-08-22 13:04:55 +0000
20:04:56.250 [ 209909] [NSManaged…a970] [F] LL_A storage//save/success [KVStore-LocalKeyValue.sqlite in 0.00s with changes]
20:04:56.250 [ 209909] [repeating-task] [F] LL_A task-manager//task-queue/task-completion task = <WARepeatingBlockTask: 0x60000121fcd0 [report-token-cleanup]>, queue = <WATaskQueue: 0x600001254af0>, should-run-again = 0
20:04:56.251 [ 184665] [main-thread   ] [F] LL_A task-manager//task finished for task-manager = <WATaskManager: 0x600001724100> on queue=<WATaskQueue: 0x600001254af0>
20:04:56.251 [ 184665] [main-thread   ] [F] LL_A task-manager//task-manager/run-task task-manager = <WATaskManager: 0x600001724100>, quiet mode 0 _executingTask 0
20:04:57.035 [ 184665] [main-thread   ] [F] LL_A app//battery level 0.450000
20:04:57.298 [ 184665] [main-thread   ] [F] LL_A task-manager//task-manager/run-task task-manager = <WATaskManager: 0x600001724100>, quiet mode 0 _executingTask 0
20:04:57.299 [ 184665] [main-thread   ] [F] LL_A task-manager//run-task-in-group task-manager = <WATaskManager: 0x600001724100>, queue=<WATaskQueue: 0x600001254af0>
20:04:57.299 [ 184665] [main-thread   ] [F] LL_A task-manager//task-queue/find-task to be executed task = <WAMessagesByActiveSessionTask: 0x600001250b60 [orphaned-files]>  queue=<WATaskQueue: 0x600001254af0>
20:04:57.300 [ 184665] [main-thread   ] [F] LL_A task-manager//task/start [<WATaskQueue: 0x600001254af0>]
20:04:57.301 [ 209236] [utility-qos   ] [F] LL_A task-manager//task-queue/run-task on queue task = <WAMessagesByActiveSessionTask: 0x600001250b60 [orphaned-files]>, queue = <WATaskQueue: 0x600001254af0>
20:04:57.325 [ 209236] [NSManaged…fa80] [F] LL_A storage//save/success [KVStore-Tracking.sqlite in 0.00s with no changes]
20:04:57.329 [ 209236] [NSManaged…fa80] [F] LL_A storage//save/success [KVStore-Tracking.sqlite in 0.00s with changes]
20:04:57.329 [ 184665] [main-thread   ] [F] LL_A storage//save/background/done [ChatDB in 0.00s with no changes from 'NSManagedObjectContext 0x60000020cd00']
20:04:57.329 [ 184665] [main-thread   ] [F] LL_A messages-by-session//by-session [id: orphaned-files; count: 40; has-more: 1]
20:04:57.329 [ 184665] [main-thread   ] [F] LL_A task-manager//task-queue/task-completion task = <WAMessagesByActiveSessionTask: 0x600001250b60 [orphaned-files]>, queue = <WATaskQueue: 0x600001254af0>, should-run-again = 1
20:04:57.330 [ 184665] [main-thread   ] [F] LL_A task-manager//task finished for task-manager = <WATaskManager: 0x600001724100> on queue=<WATaskQueue: 0x600001254af0>
20:04:57.330 [ 184665] [main-thread   ] [F] LL_A task-manager//task-manager/run-task task-manager = <WATaskManager: 0x600001724100>, quiet mode 0 _executingTask 0
20:04:57.568 [ 209904] [memory-us…ging] [F] LL_A app//memory: System [Used 5593MB, Free 89MB] Process [Footprint 173MB (0MB), Available 0MB, Peak 186MB] [cpu/s: 0.055]
20:04:58.373 [ 184665] [main-thread   ] [F] LL_A task-manager//task-manager/run-task task-manager = <WATaskManager: 0x600001724100>, quiet mode 0 _executingTask 0
20:04:58.373 [ 184665] [main-thread   ] [F] LL_A task-manager//run-task-in-group task-manager = <WATaskManager: 0x600001724100>, queue=<WATaskQueue: 0x600001254af0>
20:04:58.373 [ 184665] [main-thread   ] [F] LL_A task-manager//task-queue/find-task to be executed task = <WABlockTask: 0x6000034145d0 [search-fts-table-cleanup]>  queue=<WATaskQueue: 0x600001254af0>
20:04:58.382 [ 184665] [main-thread   ] [F] LL_A task-manager//task/start [<WATaskQueue: 0x600001254af0>]
20:04:58.382 [ 209909] [utility-qos   ] [F] LL_A task-manager//task-queue/run-task on queue task = <WABlockTask: 0x6000034145d0 [search-fts-table-cleanup]>, queue = <WATaskQueue: 0x600001254af0>
20:04:58.386 [ 209909] [utility-qos   ] [F] LL_A searchengine//load/base [available: 1]
20:04:58.406 [ 209904] [NSManaged…cd00] [F] LL_A task-manager//task-queue/task-completion task = <WABlockTask: 0x6000034145d0 [search-fts-table-cleanup]>, queue = <WATaskQueue: 0x600001254af0>, should-run-again = 0
20:04:58.407 [ 184665] [main-thread   ] [F] LL_A task-manager//task finished for task-manager = <WATaskManager: 0x600001724100> on queue=<WATaskQueue: 0x600001254af0>
20:04:58.407 [ 184665] [main-thread   ] [F] LL_A task-manager//task-manager/run-task task-manager = <WATaskManager: 0x600001724100>, quiet mode 0 _executingTask 0
20:04:59.454 [ 184665] [main-thread   ] [F] LL_A task-manager//task-manager/run-task task-manager = <WATaskManager: 0x600001724100>, quiet mode 0 _executingTask 0
20:04:59.454 [ 184665] [main-thread   ] [F] LL_A task-manager//run-task-in-group task-manager = <WATaskManager: 0x600001724100>, queue=<WATaskQueue: 0x600001254af0>
20:04:59.454 [ 184665] [main-thread   ] [F] LL_A task-manager//task-queue/find-task to be executed task = <WABlockTask: 0x600003414bd0 [index-messages-retry]>  queue=<WATaskQueue: 0x600001254af0>
20:04:59.455 [ 184665] [main-thread   ] [F] LL_A task-manager//task/start [<WATaskQueue: 0x600001254af0>]
20:04:59.455 [ 209905] [utility-qos   ] [F] LL_A task-manager//task-queue/run-task on queue task = <WABlockTask: 0x600003414bd0 [index-messages-retry]>, queue = <WATaskQueue: 0x600001254af0>
20:04:59.457 [ 184665] [main-thread   ] [F] LL_A storage//save/background/done [ChatDB in 0.00s with no changes from 'NSManagedObjectContext 0x60000020cd00']
20:04:59.458 [ 184665] [main-thread   ] [F] LL_A msg-search//index/count [index-messages-retry; 0 in 0.002s]
20:04:59.458 [ 184665] [main-thread   ] [F] LL_A task-manager//task-queue/task-completion task = <WABlockTask: 0x600003414bd0 [index-messages-retry]>, queue = <WATaskQueue: 0x600001254af0>, should-run-again = 0
20:04:59.459 [ 184665] [main-thread   ] [F] LL_A task-manager//task finished for task-manager = <WATaskManager: 0x600001724100> on queue=<WATaskQueue: 0x600001254af0>
20:04:59.459 [ 184665] [main-thread   ] [F] LL_A task-manager//task-manager/run-task task-manager = <WATaskManager: 0x600001724100>, quiet mode 0 _executingTask 0
20:05:00.498 [ 184665] [main-thread   ] [F] LL_A task-manager//task-manager/run-task task-manager = <WATaskManager: 0x600001724100>, quiet mode 0 _executingTask 0
20:05:00.498 [ 184665] [main-thread   ] [F] LL_A task-manager//run-task-in-group task-manager = <WATaskManager: 0x600001724100>, queue=<WATaskQueue: 0x600001254af0>
20:05:00.499 [ 184665] [main-thread   ] [F] LL_A task-manager//task-queue/find-task to be executed task = <WARepeatingBlockTask: 0x6000012d7f70 [canonical-user/daily-validation]>  queue=<WATaskQueue: 0x600001254af0>
20:05:00.501 [ 184665] [main-thread   ] [F] LL_A task-manager//task/start [<WATaskQueue: 0x600001254af0>]
20:05:00.501 [ 209904] [utility-qos   ] [F] LL_A task-manager//task-queue/run-task on queue task = <WARepeatingBlockTask: 0x6000012d7f70 [canonical-user/daily-validation]>, queue = <WATaskQueue: 0x600001254af0>
20:05:00.503 [ 209904] [utility-qos   ] [F] LL_A canonical-user-manager/validateAndFetchCanonicalEnt - start (trigger=periodic)
20:05:00.504 [ 209904] [utility-qos   ] [F] LL_A canonical-user-manager/validateAndFetchCanonicalEnt - executing (trigger=periodic)
20:05:00.504 [ 209909] [Canonical…ager] [F] LL_A canonical-user-manager/validateAndFetchCanonicalEnt - xmpp connection established
20:05:00.514 [ 209904] [promises      ] [F] LL_A canonical-user-manager/validateAndFetchCanonicalEnt - user retrieved from credential store
20:05:00.514 [ 209904] [promises      ] [F] LL_A canonical-user-manager/Companion device has canonical user
20:05:00.515 [ 209905] [Canonical…ager] [F] LL_A graphql-auth-manager/getAuthToken - started
20:05:00.515 [ 209905] [Canonical…ager] [F] LL_A graphql-auth-manager/getAuthToken - cached user found
20:05:00.515 [ 209905] [Canonical…ager] [F] LL_A graphql-auth-manager/onCompletion - updating cached user
20:05:00.515 [ 209909] [promises      ] [F] LL_A graphql-auth-manager/validateUser - started
20:05:00.522 [ 209905] [canonical…gger] [F] LL_A /abprops/rid [Optional("ARfbW0P6VBcjE5sNNJUZ1eNfjGGnt40iOrcjzGCNePY28Qbgsckpr0xuQZ/noDhm/b/6z2Dvu3c0M+Rb")]
20:05:00.568 [ 209236] [memory-us…ging] [F] LL_A app//memory: System [Used 5565MB, Free 110MB] Process [Footprint 173MB (+0MB), Available 0MB, Peak 186MB] [cpu/s: 0.035]
20:05:03.568 [ 209236] [memory-us…ging] [F] LL_A app//memory: System [Used 5562MB, Free 113MB] Process [Footprint 173MB (+0MB), Available 0MB, Peak 186MB] [cpu/s: 0.015]
20:05:05.669 [ 209904] [promises      ] [F] LL_A graphql-auth-manager/validateUser - validation completed with result: true
20:05:05.669 [ 209904] [promises      ] [F] LL_A graphql-auth-manager/onCompletion - updating cached user
20:05:05.675 [ 211335] [NSManaged…a970] [F] LL_A storage//save/success [KVStore-LocalKeyValue.sqlite in 0.00s with changes]
20:05:05.675 [ 211335] [repeating-task] [F] LL_A task-manager//task-queue/task-completion task = <WARepeatingBlockTask: 0x6000012d7f70 [canonical-user/daily-validation]>, queue = <WATaskQueue: 0x600001254af0>, should-run-again = 0
20:05:05.676 [ 184665] [main-thread   ] [F] LL_A task-manager//task finished for task-manager = <WATaskManager: 0x600001724100> on queue=<WATaskQueue: 0x600001254af0>
20:05:05.676 [ 184665] [main-thread   ] [F] LL_A task-manager//task-manager/run-task task-manager = <WATaskManager: 0x600001724100>, quiet mode 0 _executingTask 0
20:05:05.677 [ 209909] [canonical…gger] [F] LL_A /abprops/rid [Optional("ARfbW0P6VBcjE5sNNJUZ1eNfjGGnt40iOrcjzGCNePY28Qbgsckpr0xuQZ/noDhm/b/6z2Dvu3c0M+Rb")]
20:05:05.686 [ 209909] [canonical     ] [F] LL_A graphql-auth-manager/getAuthToken - started
20:05:05.686 [ 209909] [canonical     ] [F] LL_A graphql-auth-manager/getAuthToken - cached user found
20:05:05.686 [ 209909] [canonical     ] [F] LL_A graphql-auth-manager/onCompletion - updating cached user
20:05:05.689 [ 209905] [canonical…gger] [F] LL_A /abprops/rid [Optional("ARfbW0P6VBcjE5sNNJUZ1eNfjGGnt40iOrcjzGCNePY28Qbgsckpr0xuQZ/noDhm/b/6z2Dvu3c0M+Rb")]
20:05:05.693 [ 209905] [canonical…gger] [F] LL_A /abprops/rid [Optional("ARfbW0P6VBcjE5sNNJUZ1eNfjGGnt40iOrcjzGCNePY28Qbgsckpr0xuQZ/noDhm/b/6z2Dvu3c0M+Rb")]
20:05:06.568 [ 209909] [memory-us…ging] [F] LL_A app//memory: System [Used 5613MB, Free 65MB] Process [Footprint 173MB (-0MB), Available 0MB, Peak 186MB] [cpu/s: 0.032]
20:05:06.715 [ 184665] [main-thread   ] [F] LL_A task-manager//task-manager/run-task task-manager = <WATaskManager: 0x600001724100>, quiet mode 0 _executingTask 0
20:05:06.715 [ 184665] [main-thread   ] [F] LL_A task-manager//run-task-in-group task-manager = <WATaskManager: 0x600001724100>, queue=<WATaskQueue: 0x600001254af0>
20:05:06.715 [ 184665] [main-thread   ] [F] LL_A task-manager//task-queue/find-task to be executed task = <WABlockTask: 0x60000374c180 [cleanupOrphanedNewsletterRevokes]>  queue=<WATaskQueue: 0x600001254af0>
20:05:06.717 [ 184665] [main-thread   ] [F] LL_A task-manager//task/start [<WATaskQueue: 0x600001254af0>]
20:05:06.717 [ 211458] [utility-qos   ] [F] LL_A task-manager//task-queue/run-task on queue task = <WABlockTask: 0x60000374c180 [cleanupOrphanedNewsletterRevokes]>, queue = <WATaskQueue: 0x600001254af0>
20:05:06.719 [ 184665] [main-thread   ] [F] LL_A task-manager//task-queue/task-completion task = <WABlockTask: 0x60000374c180 [cleanupOrphanedNewsletterRevokes]>, queue = <WATaskQueue: 0x600001254af0>, should-run-again = 0
20:05:06.720 [ 184665] [main-thread   ] [F] LL_A task-manager//task finished for task-manager = <WATaskManager: 0x600001724100> on queue=<WATaskQueue: 0x600001254af0>
20:05:06.720 [ 184665] [main-thread   ] [F] LL_A task-manager//task-manager/run-task task-manager = <WATaskManager: 0x600001724100>, quiet mode 0 _executingTask 0
20:05:07.748 [ 184665] [main-thread   ] [F] LL_A task-manager//task-manager/run-task task-manager = <WATaskManager: 0x600001724100>, quiet mode 0 _executingTask 0
20:05:07.748 [ 184665] [main-thread   ] [F] LL_A task-manager//run-task-in-group task-manager = <WATaskManager: 0x600001724100>, queue=<WATaskQueue: 0x600001254af0>
20:05:07.748 [ 184665] [main-thread   ] [F] LL_A task-manager//task-queue/find-task to be executed task = <WARepeatingBlockTask: 0x600001239ce0 [pasl-config-fetch]>  queue=<WATaskQueue: 0x600001254af0>
20:05:07.750 [ 184665] [main-thread   ] [F] LL_A task-manager//task/start [<WATaskQueue: 0x600001254af0>]
20:05:07.750 [ 211458] [utility-qos   ] [F] LL_A task-manager//task-queue/run-task on queue task = <WARepeatingBlockTask: 0x600001239ce0 [pasl-config-fetch]>, queue = <WATaskQueue: 0x600001254af0>
20:05:07.756 [ 209909] [NSManaged…a970] [F] LL_A storage//save/success [KVStore-LocalKeyValue.sqlite in 0.00s with changes]
20:05:07.756 [ 209909] [repeating-task] [F] LL_A task-manager//task-queue/task-completion task = <WARepeatingBlockTask: 0x600001239ce0 [pasl-config-fetch]>, queue = <WATaskQueue: 0x600001254af0>, should-run-again = 0
20:05:07.757 [ 184665] [main-thread   ] [F] LL_A task-manager//task finished for task-manager = <WATaskManager: 0x600001724100> on queue=<WATaskQueue: 0x600001254af0>
20:05:07.757 [ 184665] [main-thread   ] [F] LL_A task-manager//task-manager/run-task task-manager = <WATaskManager: 0x600001724100>, quiet mode 0 _executingTask 0
20:05:08.798 [ 184665] [main-thread   ] [F] LL_A task-manager//task-manager/run-task task-manager = <WATaskManager: 0x600001724100>, quiet mode 0 _executingTask 0
20:05:08.798 [ 184665] [main-thread   ] [F] LL_A task-manager//run-task-in-group task-manager = <WATaskManager: 0x600001724100>, queue=<WATaskQueue: 0x600001254af0>
20:05:08.798 [ 184665] [main-thread   ] [F] LL_A task-manager//task-queue/find-task to be executed task = <WABlockTask: 0x600002b98a80 [SignalCleanUp]>  queue=<WATaskQueue: 0x600001254af0>
20:05:08.801 [ 184665] [main-thread   ] [F] LL_A task-manager//task/start [<WATaskQueue: 0x600001254af0>]
20:05:08.801 [ 209909] [utility-qos   ] [F] LL_A task-manager//task-queue/run-task on queue task = <WABlockTask: 0x600002b98a80 [SignalCleanUp]>, queue = <WATaskQueue: 0x600001254af0>
20:05:08.809 [ 211458] [crypto        ] [F] LL_A signal/store//messageBaseKey/cleanup
20:05:08.810 [ 211458] [crypto        ] [F] LL_A signal/store//decryptJournal/cleanup
20:05:08.811 [ 211458] [crypto        ] [F] LL_A signal/store//eprekeys/cleanup
20:05:08.812 [ 211458] [crypto        ] [F] LL_A signal/store//eprekeys/cleared/(null)
20:05:08.813 [ 211458] [crypto        ] [F] LL_A signal/store//epqprekeys/cleanup
20:05:08.814 [ 211458] [crypto        ] [F] LL_A signal/store//epqprekeys/cleared/(null)
20:05:08.815 [ 184665] [main-thread   ] [F] LL_A task-manager//task-queue/task-completion task = <WABlockTask: 0x600002b98a80 [SignalCleanUp]>, queue = <WATaskQueue: 0x600001254af0>, should-run-again = 0
20:05:08.816 [ 184665] [main-thread   ] [F] LL_A task-manager//task finished for task-manager = <WATaskManager: 0x600001724100> on queue=<WATaskQueue: 0x600001254af0>
20:05:08.816 [ 184665] [main-thread   ] [F] LL_A task-manager//task-manager/run-task task-manager = <WATaskManager: 0x600001724100>, quiet mode 0 _executingTask 0
20:05:09.132 [ 209904] [normal        ] [F] LL_E [WAMSYS] WCCConnectionLifecycleTokenCreate [Line 293] [LogLevel:I] connection/lifecycle_manager/token/acquire [id = 3, requestor = 2, reason = 1, acquire time = 811775109, wcc_source = 2, wcc_reason = 10, token_count = 2]
20:05:09.568 [ 209904] [memory-us…ging] [F] LL_A app//memory: System [Used 5607MB, Free 72MB] Process [Footprint 173MB (+0MB), Available 0MB, Peak 186MB] [cpu/s: 0.023]
20:05:09.811 [ 209909] [normal        ] [F] LL_A xmpp//client-to-server-ping/server-time-shift: 0.472 sec
20:05:09.832 [ 184665] [main-thread   ] [F] LL_A task-manager//task-manager/run-task task-manager = <WATaskManager: 0x600001724100>, quiet mode 0 _executingTask 0
20:05:09.832 [ 184665] [main-thread   ] [F] LL_A task-manager//run-task-in-group task-manager = <WATaskManager: 0x600001724100>, queue=<WATaskQueue: 0x600001254af0>
20:05:09.832 [ 184665] [main-thread   ] [F] LL_A task-manager//task-queue/find-task to be executed task = <WABlockTask: 0x600002b992c0 [network-usage]>  queue=<WATaskQueue: 0x600001254af0>
20:05:09.833 [ 184665] [main-thread   ] [F] LL_A task-manager//task/start [<WATaskQueue: 0x600001254af0>]
20:05:09.834 [ 209909] [utility-qos   ] [F] LL_A task-manager//task-queue/run-task on queue task = <WABlockTask: 0x600002b992c0 [network-usage]>, queue = <WATaskQueue: 0x600001254af0>
20:05:09.836 [ 209909] [utility-qos   ] [F] LL_A task-manager//task-queue/task-completion task = <WABlockTask: 0x600002b992c0 [network-usage]>, queue = <WATaskQueue: 0x600001254af0>, should-run-again = 0
20:05:09.837 [ 184665] [main-thread   ] [F] LL_A task-manager//task finished for task-manager = <WATaskManager: 0x600001724100> on queue=<WATaskQueue: 0x600001254af0>
20:05:09.837 [ 184665] [main-thread   ] [F] LL_A task-manager//task-manager/run-task task-manager = <WATaskManager: 0x600001724100>, quiet mode 0 _executingTask 0
20:05:10.881 [ 184665] [main-thread   ] [F] LL_A task-manager//task-manager/run-task task-manager = <WATaskManager: 0x600001724100>, quiet mode 0 _executingTask 0
20:05:10.882 [ 184665] [main-thread   ] [F] LL_A task-manager//run-task-in-group task-manager = <WATaskManager: 0x600001724100>, queue=<WATaskQueue: 0x600001254af0>
20:05:10.882 [ 184665] [main-thread   ] [F] LL_A task-manager//task-queue/find-task to be executed task = <WABlockTask: 0x600002b982d0 [TriggeredBlocksCleanUp]>  queue=<WATaskQueue: 0x600001254af0>
20:05:10.884 [ 184665] [main-thread   ] [F] LL_A task-manager//task/start [<WATaskQueue: 0x600001254af0>]
20:05:10.884 [ 209904] [utility-qos   ] [F] LL_A task-manager//task-queue/run-task on queue task = <WABlockTask: 0x600002b982d0 [TriggeredBlocksCleanUp]>, queue = <WATaskQueue: 0x600001254af0>
20:05:10.889 [ 209904] [utility-qos   ] [F] LL_A task-manager//task-queue/task-completion task = <WABlockTask: 0x600002b982d0 [TriggeredBlocksCleanUp]>, queue = <WATaskQueue: 0x600001254af0>, should-run-again = 0
20:05:10.890 [ 184665] [main-thread   ] [F] LL_A task-manager//task finished for task-manager = <WATaskManager: 0x600001724100> on queue=<WATaskQueue: 0x600001254af0>
20:05:10.890 [ 184665] [main-thread   ] [F] LL_A task-manager//task-manager/run-task task-manager = <WATaskManager: 0x600001724100>, quiet mode 0 _executingTask 0
20:05:11.937 [ 184665] [main-thread   ] [F] LL_A task-manager//task-manager/run-task task-manager = <WATaskManager: 0x600001724100>, quiet mode 0 _executingTask 0
20:05:11.937 [ 184665] [main-thread   ] [F] LL_A task-manager//run-task-in-group task-manager = <WATaskManager: 0x600001724100>, queue=<WATaskQueue: 0x600001254af0>
20:05:11.937 [ 184665] [main-thread   ] [F] LL_A task-manager//task-queue/find-task to be executed task = <WABlockTask: 0x600002b99350 [ChatEntryPointRecordCleanUp]>  queue=<WATaskQueue: 0x600001254af0>
20:05:11.940 [ 184665] [main-thread   ] [F] LL_A task-manager//task/start [<WATaskQueue: 0x600001254af0>]
20:05:11.940 [ 209904] [utility-qos   ] [F] LL_A task-manager//task-queue/run-task on queue task = <WABlockTask: 0x600002b99350 [ChatEntryPointRecordCleanUp]>, queue = <WATaskQueue: 0x600001254af0>
20:05:11.942 [ 209904] [utility-qos   ] [F] LL_A task-manager//task-queue/task-completion task = <WABlockTask: 0x600002b99350 [ChatEntryPointRecordCleanUp]>, queue = <WATaskQueue: 0x600001254af0>, should-run-again = 0
20:05:11.943 [ 184665] [main-thread   ] [F] LL_A task-manager//task finished for task-manager = <WATaskManager: 0x600001724100> on queue=<WATaskQueue: 0x600001254af0>
20:05:11.943 [ 184665] [main-thread   ] [F] LL_A task-manager//task-manager/run-task task-manager = <WATaskManager: 0x600001724100>, quiet mode 0 _executingTask 0
20:05:12.145 [ 209909] [addressbook   ] [F] LL_A syncmanager//usync/scheduled-full/check c:[(null)] d:[2026-09-22 15:14:14 +0000] dm:[2026-09-22 15:14:14 +0000] sl:[(null)] b:[2026-09-22 15:14:14 +0000] s:[2026-09-22 15:14:14 +0000]
20:05:12.146 [ 209909] [addressbook   ] [F] LL_A syncmanager//usync/scheduled-full/run/background
20:05:12.148 [ 209909] [addressbook   ] [F] LL_A syncmanager//usync/unisync/begin
20:05:12.148 [ 209909] [addressbook   ] [F] LL_A syncmanager//usync/prepare-list/Full items=[0] deleted=[0]
20:05:12.160 [ 209909] [addressbook   ] [F] LL_A syncmanager//usync/prepare-sidelist/Full items=[62]
20:05:12.162 [ 209909] [addressbook   ] [F] LL_A syncmanager//usync/contacts/backoff is nil or before now:[nil]
20:05:12.162 [ 209909] [addressbook   ] [F] LL_A syncmanager//usync/contacts/nextScheduledFullSyncDate is:[(null)]
20:05:12.162 [ 209909] [addressbook   ] [F] LL_A syncmanager//usync/contacts/isCompanionDevice
20:05:12.162 [ 209909] [addressbook   ] [F] LL_A syncmanager//usync/contacts/isContactSyncEnabled:[NO]
20:05:12.162 [ 209909] [addressbook   ] [F] LL_A syncmanager//usync/unisync/nc/allowMutation: 1, mode: 3, orion_usync_allow_mutation_attribute:1 
20:05:12.173 [ 209909] [addressbook   ] [F] LL_A syncmanager//usync/unisync/start/Background/Full list=[0] sidelist=[62]
20:05:12.173 [ 209909] [addressbook   ] [F] LL_A sync-session//usync/request/start/ cl:n dl:n dm:n pl:n sl:n st:n bz:n lid:n un=[n] ts:n cl=[0] sl=[0]
20:05:12.173 [ 211458] [normal        ] [F] LL_E sync-session//usync/request/all protocols off
20:05:12.173 [ 184665] [main-thread   ] [F] LL_A syncmanager//usync/unisync/finished time=[0.000]
20:05:12.173 [ 209909] [addressbook   ] [F] LL_A syncmanager//usync/usync/skipped/already in progress
20:05:12.175 [ 184665] [main-thread   ] [F] LL_A chat-mgr//syncmanager/usync/delegate/sync-finished result=[Success] reason=[None] deleletedContacts=[0]
20:05:12.175 [ 209909] [addressbook   ] [F] LL_A chat-mgr//refresh-chats/started
20:05:12.175 [ 209909] [addressbook   ] [F] LL_A chat-mgr//refresh-chats/finished time=[0.000]
20:05:12.182 [ 209909] [NSManaged…dc70] [F] LL_W chatsession/missing-contact-identifier
20:05:12.208 [ 184665] [main-thread   ] [F] LL_A storage//save/background/done [ChatDB in 0.00s with no changes from 'NSManagedObjectContext 0x60000023dc70']
20:05:12.208 [ 184665] [main-thread   ] [F] LL_A chat-mgr//refresh-chats/merged-changes
20:05:12.567 [ 209904] [memory-us…ging] [F] LL_A app//memory: System [Used 5609MB, Free 69MB] Process [Footprint 172MB (-0MB), Available 0MB, Peak 186MB] [cpu/s: 0.043]
20:05:12.993 [ 184665] [main-thread   ] [F] LL_A task-manager//task-manager/run-task task-manager = <WATaskManager: 0x600001724100>, quiet mode 0 _executingTask 0
20:05:12.993 [ 184665] [main-thread   ] [F] LL_A task-manager//run-task-in-group task-manager = <WATaskManager: 0x600001724100>, queue=<WATaskQueue: 0x600001254af0>
20:05:12.993 [ 184665] [main-thread   ] [F] LL_A task-manager//task-queue/find-task to be executed task = <WABlockTask: 0x600002b9a460 [RecoverUnsavedMedia]>  queue=<WATaskQueue: 0x600001254af0>
20:05:12.995 [ 184665] [main-thread   ] [F] LL_A task-manager//task/start [<WATaskQueue: 0x600001254af0>]
20:05:12.995 [ 209909] [utility-qos   ] [F] LL_A task-manager//task-queue/run-task on queue task = <WABlockTask: 0x600002b9a460 [RecoverUnsavedMedia]>, queue = <WATaskQueue: 0x600001254af0>
20:05:12.999 [ 184665] [main-thread   ] [F] LL_A task-manager//task-queue/task-completion task = <WABlockTask: 0x600002b9a460 [RecoverUnsavedMedia]>, queue = <WATaskQueue: 0x600001254af0>, should-run-again = 0
20:05:13.001 [ 184665] [main-thread   ] [F] LL_A task-manager//task finished for task-manager = <WATaskManager: 0x600001724100> on queue=<WATaskQueue: 0x600001254af0>
20:05:13.001 [ 184665] [main-thread   ] [F] LL_A task-manager//task-manager/run-task task-manager = <WATaskManager: 0x600001724100>, quiet mode 0 _executingTask 0
20:05:14.048 [ 184665] [main-thread   ] [F] LL_A task-manager//task-manager/run-task task-manager = <WATaskManager: 0x600001724100>, quiet mode 0 _executingTask 0
20:05:14.048 [ 184665] [main-thread   ] [F] LL_A task-manager//run-task-in-group task-manager = <WATaskManager: 0x600001724100>, queue=<WATaskQueue: 0x600001254af0>
20:05:14.048 [ 184665] [main-thread   ] [F] LL_A task-manager//task-queue/find-task to be executed task = <WARepeatingBlockTask: 0x60000122d6c0 [disappearing-mode-store/clean-up]>  queue=<WATaskQueue: 0x600001254af0>
20:05:14.050 [ 184665] [main-thread   ] [F] LL_A task-manager//task/start [<WATaskQueue: 0x600001254af0>]
20:05:14.050 [ 209909] [utility-qos   ] [F] LL_A task-manager//task-queue/run-task on queue task = <WARepeatingBlockTask: 0x60000122d6c0 [disappearing-mode-store/clean-up]>, queue = <WATaskQueue: 0x600001254af0>
20:05:14.200 [ 209909] [NSManaged…a970] [F] LL_A storage//save/success [KVStore-LocalKeyValue.sqlite in 0.00s with changes]
20:05:14.200 [ 209909] [repeating-task] [F] LL_A task-manager//task-queue/task-completion task = <WARepeatingBlockTask: 0x60000122d6c0 [disappearing-mode-store/clean-up]>, queue = <WATaskQueue: 0x600001254af0>, should-run-again = 0
20:05:14.201 [ 184665] [main-thread   ] [F] LL_A task-manager//task finished for task-manager = <WATaskManager: 0x600001724100> on queue=<WATaskQueue: 0x600001254af0>
20:05:14.201 [ 184665] [main-thread   ] [F] LL_A task-manager//task-manager/run-task task-manager = <WATaskManager: 0x600001724100>, quiet mode 0 _executingTask 0
20:05:15.248 [ 184665] [main-thread   ] [F] LL_A task-manager//task-manager/run-task task-manager = <WATaskManager: 0x600001724100>, quiet mode 0 _executingTask 0
20:05:15.248 [ 184665] [main-thread   ] [F] LL_A task-manager//run-task-in-group task-manager = <WATaskManager: 0x600001724100>, queue=<WATaskQueue: 0x600001254af0>
20:05:15.248 [ 184665] [main-thread   ] [F] LL_A task-manager//task-queue/find-task to be executed task = <WABlockTask: 0x6000036e9e00 [index-messages]>  queue=<WATaskQueue: 0x600001254af0>
20:05:15.249 [ 184665] [main-thread   ] [F] LL_A task-manager//task/start [<WATaskQueue: 0x600001254af0>]
20:05:15.249 [ 209904] [utility-qos   ] [F] LL_A task-manager//task-queue/run-task on queue task = <WABlockTask: 0x6000036e9e00 [index-messages]>, queue = <WATaskQueue: 0x600001254af0>
20:05:15.336 [ 184665] [main-thread   ] [F] LL_A storage//save/background/done [ChatDB in 0.01s with changes from 'NSManagedObjectContext 0x60000023dc70']
20:05:15.336 [ 184665] [main-thread   ] [F] LL_A msg-search//index/count [index-messages; 41 in 0.086s]
20:05:15.336 [ 184665] [main-thread   ] [F] LL_A msg-search//indexing/finish
20:05:15.337 [ 184665] [main-thread   ] [F] LL_A task-manager//task-queue/task-completion task = <WABlockTask: 0x6000036e9e00 [index-messages]>, queue = <WATaskQueue: 0x600001254af0>, should-run-again = 0
20:05:15.337 [ 209909] [sanity-check  ] [F] LL_A msg-search//indexing/did-pass-sanity-check 1
20:05:15.337 [ 184665] [main-thread   ] [F] LL_A task-manager//task finished for task-manager = <WATaskManager: 0x600001724100> on queue=<WATaskQueue: 0x600001254af0>
20:05:15.337 [ 184665] [main-thread   ] [F] LL_A task-manager//task-manager/run-task task-manager = <WATaskManager: 0x600001724100>, quiet mode 0 _executingTask 0
20:05:15.567 [ 209909] [memory-us…ging] [F] LL_A app//memory: System [Used 5574MB, Free 94MB] Process [Footprint 173MB (+0MB), Available 0MB, Peak 186MB] [cpu/s: 0.090]
20:05:16.382 [ 184665] [main-thread   ] [F] LL_A task-manager//task-manager/run-task task-manager = <WATaskManager: 0x600001724100>, quiet mode 0 _executingTask 0
20:05:16.382 [ 184665] [main-thread   ] [F] LL_A task-manager//run-task-in-group task-manager = <WATaskManager: 0x600001724100>, queue=<WATaskQueue: 0x600001254af0>
20:05:16.382 [ 184665] [main-thread   ] [F] LL_A task-manager//task-queue/find-task to be executed task = <WABlockTask: 0x600003414840 [index-newsletter-messages]>  queue=<WATaskQueue: 0x600001254af0>
20:05:16.384 [ 184665] [main-thread   ] [F] LL_A task-manager//task/start [<WATaskQueue: 0x600001254af0>]
20:05:16.384 [ 211652] [utility-qos   ] [F] LL_A task-manager//task-queue/run-task on queue task = <WABlockTask: 0x600003414840 [index-newsletter-messages]>, queue = <WATaskQueue: 0x600001254af0>
20:05:16.722 [ 184665] [main-thread   ] [F] LL_A storage//save/background/done [ChatDB in 0.00s with no changes from 'NSManagedObjectContext 0x60000023dc70']
20:05:16.722 [ 184665] [main-thread   ] [F] LL_A msg-search//index/count [index-newsletter-messages; 0 in 0.337s]
20:05:16.722 [ 184665] [main-thread   ] [F] LL_A msg-search//indexing/finish
20:05:16.722 [ 184665] [main-thread   ] [F] LL_A task-manager//task-queue/task-completion task = <WABlockTask: 0x600003414840 [index-newsletter-messages]>, queue = <WATaskQueue: 0x600001254af0>, should-run-again = 0
20:05:16.722 [ 209909] [sanity-check  ] [F] LL_A msg-search//indexing/did-pass-sanity-check 1
20:05:16.723 [ 184665] [main-thread   ] [F] LL_A task-manager//task finished for task-manager = <WATaskManager: 0x600001724100> on queue=<WATaskQueue: 0x600001254af0>
20:05:16.723 [ 184665] [main-thread   ] [F] LL_A task-manager//task-manager/run-task task-manager = <WATaskManager: 0x600001724100>, quiet mode 0 _executingTask 0
20:05:17.748 [ 184665] [main-thread   ] [F] LL_A task-manager//task-manager/run-task task-manager = <WATaskManager: 0x600001724100>, quiet mode 0 _executingTask 0
20:05:17.748 [ 184665] [main-thread   ] [F] LL_A task-manager//run-task-in-group task-manager = <WATaskManager: 0x600001724100>, queue=<WATaskQueue: 0x600001254af0>
20:05:17.748 [ 184665] [main-thread   ] [F] LL_A task-manager//task-queue/find-task to be executed task = <WABlockTask: 0x60000344b450 [change-number-cleanup]>  queue=<WATaskQueue: 0x600001254af0>
20:05:17.750 [ 184665] [main-thread   ] [F] LL_A task-manager//task/start [<WATaskQueue: 0x600001254af0>]
20:05:17.750 [ 211652] [utility-qos   ] [F] LL_A task-manager//task-queue/run-task on queue task = <WABlockTask: 0x60000344b450 [change-number-cleanup]>, queue = <WATaskQueue: 0x600001254af0>
20:05:17.753 [ 211652] [utility-qos   ] [F] LL_A task-manager//task-queue/task-completion task = <WABlockTask: 0x60000344b450 [change-number-cleanup]>, queue = <WATaskQueue: 0x600001254af0>, should-run-again = 0
20:05:17.755 [ 184665] [main-thread   ] [F] LL_A task-manager//task finished for task-manager = <WATaskManager: 0x600001724100> on queue=<WATaskQueue: 0x600001254af0>
20:05:17.755 [ 184665] [main-thread   ] [F] LL_A task-manager//task-manager/run-task task-manager = <WATaskManager: 0x600001724100>, quiet mode 0 _executingTask 0
20:05:18.566 [ 211652] [memory-us…ging] [F] LL_A app//memory: System [Used 5574MB, Free 96MB] Process [Footprint 173MB (-0MB), Available 0MB, Peak 186MB] [cpu/s: 0.052]
20:05:18.799 [ 184665] [main-thread   ] [F] LL_A task-manager//task-manager/run-task task-manager = <WATaskManager: 0x600001724100>, quiet mode 0 _executingTask 0
20:05:18.799 [ 184665] [main-thread   ] [F] LL_A task-manager//run-task-in-group task-manager = <WATaskManager: 0x600001724100>, queue=<WATaskQueue: 0x600001254af0>
20:05:18.799 [ 184665] [main-thread   ] [F] LL_A task-manager//task-queue/find-task to be executed task = <WABlockTask: 0x600003448b10 [change-number-cleanup]>  queue=<WATaskQueue: 0x600001254af0>
20:05:18.802 [ 184665] [main-thread   ] [F] LL_A task-manager//task/start [<WATaskQueue: 0x600001254af0>]
20:05:18.802 [ 209904] [utility-qos   ] [F] LL_A task-manager//task-queue/run-task on queue task = <WABlockTask: 0x600003448b10 [change-number-cleanup]>, queue = <WATaskQueue: 0x600001254af0>
20:05:18.804 [ 209904] [utility-qos   ] [F] LL_A task-manager//task-queue/task-completion task = <WABlockTask: 0x600003448b10 [change-number-cleanup]>, queue = <WATaskQueue: 0x600001254af0>, should-run-again = 0
20:05:18.805 [ 184665] [main-thread   ] [F] LL_A task-manager//task finished for task-manager = <WATaskManager: 0x600001724100> on queue=<WATaskQueue: 0x600001254af0>
20:05:18.805 [ 184665] [main-thread   ] [F] LL_A task-manager//task-manager/run-task task-manager = <WATaskManager: 0x600001724100>, quiet mode 0 _executingTask 0
20:05:19.848 [ 184665] [main-thread   ] [F] LL_A task-manager//task-manager/run-task task-manager = <WATaskManager: 0x600001724100>, quiet mode 0 _executingTask 0
20:05:19.849 [ 184665] [main-thread   ] [F] LL_A task-manager//run-task-in-group task-manager = <WATaskManager: 0x600001724100>, queue=<WATaskQueue: 0x600001254af0>
20:05:19.849 [ 184665] [main-thread   ] [F] LL_A task-manager//task-queue/find-task to be executed task = <WAMessagesByActiveSessionTask: 0x60000124a5a0 [fix-streaming-items]>  queue=<WATaskQueue: 0x600001254af0>
20:05:19.850 [ 184665] [main-thread   ] [F] LL_A task-manager//task/start [<WATaskQueue: 0x600001254af0>]
20:05:19.850 [ 209904] [utility-qos   ] [F] LL_A task-manager//task-queue/run-task on queue task = <WAMessagesByActiveSessionTask: 0x60000124a5a0 [fix-streaming-items]>, queue = <WATaskQueue: 0x600001254af0>
20:05:19.857 [ 184665] [main-thread   ] [F] LL_A storage//save/background/done [ChatDB in 0.00s with no changes from 'NSManagedObjectContext 0x60000023dc70']
20:05:19.857 [ 184665] [main-thread   ] [F] LL_A messages-by-session//by-session [id: fix-streaming-items; count: 0; has-more: 0]
20:05:19.857 [ 184665] [main-thread   ] [F] LL_A task-manager//task-queue/task-completion task = <WAMessagesByActiveSessionTask: 0x60000124a5a0 [fix-streaming-items]>, queue = <WATaskQueue: 0x600001254af0>, should-run-again = 1
20:05:19.858 [ 184665] [main-thread   ] [F] LL_A task-manager//task finished for task-manager = <WATaskManager: 0x600001724100> on queue=<WATaskQueue: 0x600001254af0>
20:05:19.858 [ 184665] [main-thread   ] [F] LL_A task-manager//task-manager/run-task task-manager = <WATaskManager: 0x600001724100>, quiet mode 0 _executingTask 0
20:05:20.882 [ 184665] [main-thread   ] [F] LL_A task-manager//task-manager/run-task task-manager = <WATaskManager: 0x600001724100>, quiet mode 0 _executingTask 0
20:05:20.882 [ 184665] [main-thread   ] [F] LL_A task-manager//run-task-in-group task-manager = <WATaskManager: 0x600001724100>, queue=<WATaskQueue: 0x600001254af0>
20:05:20.882 [ 184665] [main-thread   ] [F] LL_A task-manager//task-queue/find-task to be executed task = <WABlockTask: 0x6000036ea6d0 [search-fts-table-cleanup]>  queue=<WATaskQueue: 0x600001254af0>
20:05:20.884 [ 184665] [main-thread   ] [F] LL_A task-manager//task/start [<WATaskQueue: 0x600001254af0>]
20:05:20.884 [ 211652] [utility-qos   ] [F] LL_A task-manager//task-queue/run-task on queue task = <WABlockTask: 0x6000036ea6d0 [search-fts-table-cleanup]>, queue = <WATaskQueue: 0x600001254af0>
20:05:20.888 [ 211652] [utility-qos   ] [F] LL_A searchengine//load/base [available: 1]
20:05:20.920 [ 211652] [NSManaged…dc70] [F] LL_A task-manager//task-queue/task-completion task = <WABlockTask: 0x6000036ea6d0 [search-fts-table-cleanup]>, queue = <WATaskQueue: 0x600001254af0>, should-run-again = 1
20:05:20.921 [ 184665] [main-thread   ] [F] LL_A task-manager//task finished for task-manager = <WATaskManager: 0x600001724100> on queue=<WATaskQueue: 0x600001254af0>
20:05:20.921 [ 184665] [main-thread   ] [F] LL_A task-manager//task-manager/run-task task-manager = <WATaskManager: 0x600001724100>, quiet mode 0 _executingTask 0
20:05:21.567 [ 211652] [memory-us…ging] [F] LL_A app//memory: System [Used 5550MB, Free 124MB] Process [Footprint 173MB (-0MB), Available 0MB, Peak 186MB] [cpu/s: 0.033]
20:05:21.948 [ 184665] [main-thread   ] [F] LL_A task-manager//task-manager/run-task task-manager = <WATaskManager: 0x600001724100>, quiet mode 0 _executingTask 0
20:05:21.948 [ 184665] [main-thread   ] [F] LL_A task-manager//run-task-in-group task-manager = <WATaskManager: 0x600001724100>, queue=<WATaskQueue: 0x600001254af0>
20:05:21.948 [ 184665] [main-thread   ] [F] LL_A task-manager//task-queue/find-task to be executed task = <WAMessagesByActiveSessionTask: 0x600001250b60 [orphaned-files]>  queue=<WATaskQueue: 0x600001254af0>
20:05:21.950 [ 184665] [main-thread   ] [F] LL_A task-manager//task/start [<WATaskQueue: 0x600001254af0>]
20:05:21.950 [ 211650] [utility-qos   ] [F] LL_A task-manager//task-queue/run-task on queue task = <WAMessagesByActiveSessionTask: 0x600001250b60 [orphaned-files]>, queue = <WATaskQueue: 0x600001254af0>
20:05:21.962 [ 211650] [NSManaged…fa80] [F] LL_A storage//save/success [KVStore-Tracking.sqlite in 0.00s with no changes]
20:05:21.963 [ 211650] [NSManaged…fa80] [F] LL_A storage//save/success [KVStore-Tracking.sqlite in 0.00s with changes]
20:05:21.963 [ 184665] [main-thread   ] [F] LL_A storage//save/background/done [ChatDB in 0.00s with no changes from 'NSManagedObjectContext 0x60000023dc70']
20:05:21.963 [ 184665] [main-thread   ] [F] LL_A messages-by-session//by-session [id: orphaned-files; count: 40; has-more: 1]
20:05:21.963 [ 184665] [main-thread   ] [F] LL_A task-manager//task-queue/task-completion task = <WAMessagesByActiveSessionTask: 0x600001250b60 [orphaned-files]>, queue = <WATaskQueue: 0x600001254af0>, should-run-again = 1
20:05:21.964 [ 184665] [main-thread   ] [F] LL_A task-manager//task finished for task-manager = <WATaskManager: 0x600001724100> on queue=<WATaskQueue: 0x600001254af0>
20:05:21.964 [ 184665] [main-thread   ] [F] LL_A task-manager//task-manager/run-task task-manager = <WATaskManager: 0x600001724100>, quiet mode 0 _executingTask 0
20:05:22.981 [ 184665] [main-thread   ] [F] LL_A task-manager//task-manager/run-task task-manager = <WATaskManager: 0x600001724100>, quiet mode 0 _executingTask 0
20:05:22.982 [ 184665] [main-thread   ] [F] LL_A task-manager//run-task-in-group task-manager = <WATaskManager: 0x600001724100>, queue=<WATaskQueue: 0x600001254af0>
20:05:22.982 [ 184665] [main-thread   ] [F] LL_A task-manager//task-queue/find-task to be executed task = <WAMessagesByActiveSessionTask: 0x60000124a5a0 [fix-streaming-items]>  queue=<WATaskQueue: 0x600001254af0>
20:05:22.984 [ 184665] [main-thread   ] [F] LL_A task-manager//task/start [<WATaskQueue: 0x600001254af0>]
20:05:22.984 [ 209909] [utility-qos   ] [F] LL_A task-manager//task-queue/run-task on queue task = <WAMessagesByActiveSessionTask: 0x60000124a5a0 [fix-streaming-items]>, queue = <WATaskQueue: 0x600001254af0>
20:05:22.988 [ 184665] [main-thread   ] [F] LL_A storage//save/background/done [ChatDB in 0.00s with no changes from 'NSManagedObjectContext 0x60000023dc70']
20:05:22.988 [ 184665] [main-thread   ] [F] LL_A messages-by-session//by-session [id: fix-streaming-items; count: 0; has-more: 0]
20:05:22.988 [ 184665] [main-thread   ] [F] LL_A task-manager//task-queue/task-completion task = <WAMessagesByActiveSessionTask: 0x60000124a5a0 [fix-streaming-items]>, queue = <WATaskQueue: 0x600001254af0>, should-run-again = 1
20:05:22.989 [ 184665] [main-thread   ] [F] LL_A task-manager//task finished for task-manager = <WATaskManager: 0x600001724100> on queue=<WATaskQueue: 0x600001254af0>
20:05:22.989 [ 184665] [main-thread   ] [F] LL_A task-manager//task-manager/run-task task-manager = <WATaskManager: 0x600001724100>, quiet mode 0 _executingTask 0
20:05:24.036 [ 184665] [main-thread   ] [F] LL_A task-manager//task-manager/run-task task-manager = <WATaskManager: 0x600001724100>, quiet mode 0 _executingTask 0
20:05:24.036 [ 184665] [main-thread   ] [F] LL_A task-manager//run-task-in-group task-manager = <WATaskManager: 0x600001724100>, queue=<WATaskQueue: 0x600001254af0>
20:05:24.037 [ 184665] [main-thread   ] [F] LL_A task-manager//task-queue/find-task to be executed task = <WABlockTask: 0x6000036ea6d0 [search-fts-table-cleanup]>  queue=<WATaskQueue: 0x600001254af0>
20:05:24.038 [ 184665] [main-thread   ] [F] LL_A task-manager//task/start [<WATaskQueue: 0x600001254af0>]
20:05:24.039 [ 211650] [utility-qos   ] [F] LL_A task-manager//task-queue/run-task on queue task = <WABlockTask: 0x6000036ea6d0 [search-fts-table-cleanup]>, queue = <WATaskQueue: 0x600001254af0>
20:05:24.043 [ 211650] [utility-qos   ] [F] LL_A searchengine//load/base [available: 1]
20:05:24.075 [ 209909] [NSManaged…dc70] [F] LL_A task-manager//task-queue/task-completion task = <WABlockTask: 0x6000036ea6d0 [search-fts-table-cleanup]>, queue = <WATaskQueue: 0x600001254af0>, should-run-again = 1
20:05:24.076 [ 184665] [main-thread   ] [F] LL_A task-manager//task finished for task-manager = <WATaskManager: 0x600001724100> on queue=<WATaskQueue: 0x600001254af0>
20:05:24.076 [ 184665] [main-thread   ] [F] LL_A task-manager//task-manager/run-task task-manager = <WATaskManager: 0x600001724100>, quiet mode 0 _executingTask 0
20:05:24.567 [ 211650] [memory-us…ging] [F] LL_A app//memory: System [Used 5593MB, Free 86MB] Process [Footprint 173MB (0MB), Available 0MB, Peak 186MB] [cpu/s: 0.041]
20:05:25.124 [ 184665] [main-thread   ] [F] LL_A task-manager//task-manager/run-task task-manager = <WATaskManager: 0x600001724100>, quiet mode 0 _executingTask 0
20:05:25.124 [ 184665] [main-thread   ] [F] LL_A task-manager//run-task-in-group task-manager = <WATaskManager: 0x600001724100>, queue=<WATaskQueue: 0x600001254af0>
20:05:25.124 [ 184665] [main-thread   ] [F] LL_A task-manager//task-queue/find-task to be executed task = <WAMessagesByActiveSessionTask: 0x600001250b60 [orphaned-files]>  queue=<WATaskQueue: 0x600001254af0>
20:05:25.126 [ 184665] [main-thread   ] [F] LL_A task-manager//task/start [<WATaskQueue: 0x600001254af0>]
20:05:25.126 [ 209909] [utility-qos   ] [F] LL_A task-manager//task-queue/run-task on queue task = <WAMessagesByActiveSessionTask: 0x600001250b60 [orphaned-files]>, queue = <WATaskQueue: 0x600001254af0>
20:05:25.136 [ 209909] [NSManaged…fa80] [F] LL_A storage//save/success [KVStore-Tracking.sqlite in 0.00s with no changes]
20:05:25.138 [ 209909] [NSManaged…fa80] [F] LL_A storage//save/success [KVStore-Tracking.sqlite in 0.00s with changes]
20:05:25.138 [ 184665] [main-thread   ] [F] LL_A storage//save/background/done [ChatDB in 0.00s with no changes from 'NSManagedObjectContext 0x60000023dc70']
20:05:25.138 [ 184665] [main-thread   ] [F] LL_A messages-by-session//by-session [id: orphaned-files; count: 40; has-more: 1]
20:05:25.138 [ 184665] [main-thread   ] [F] LL_A task-manager//task-queue/task-completion task = <WAMessagesByActiveSessionTask: 0x600001250b60 [orphaned-files]>, queue = <WATaskQueue: 0x600001254af0>, should-run-again = 1
20:05:25.139 [ 184665] [main-thread   ] [F] LL_A task-manager//task finished for task-manager = <WATaskManager: 0x600001724100> on queue=<WATaskQueue: 0x600001254af0>
20:05:25.139 [ 184665] [main-thread   ] [F] LL_A task-manager//task-manager/run-task task-manager = <WATaskManager: 0x600001724100>, quiet mode 0 _executingTask 0
20:05:26.165 [ 184665] [main-thread   ] [F] LL_A task-manager//task-manager/run-task task-manager = <WATaskManager: 0x600001724100>, quiet mode 0 _executingTask 0
20:05:26.165 [ 184665] [main-thread   ] [F] LL_A task-manager//run-task-in-group task-manager = <WATaskManager: 0x600001724100>, queue=<WATaskQueue: 0x600001254af0>
20:05:26.165 [ 184665] [main-thread   ] [F] LL_A task-manager//task-queue/find-task to be executed task = <WAMessagesByActiveSessionTask: 0x60000124a5a0 [fix-streaming-items]>  queue=<WATaskQueue: 0x600001254af0>
20:05:26.166 [ 184665] [main-thread   ] [F] LL_A task-manager//task/start [<WATaskQueue: 0x600001254af0>]
20:05:26.166 [ 211650] [utility-qos   ] [F] LL_A task-manager//task-queue/run-task on queue task = <WAMessagesByActiveSessionTask: 0x60000124a5a0 [fix-streaming-items]>, queue = <WATaskQueue: 0x600001254af0>
20:05:26.177 [ 184665] [main-thread   ] [F] LL_A storage//save/background/done [ChatDB in 0.00s with no changes from 'NSManagedObjectContext 0x60000023dc70']
20:05:26.177 [ 184665] [main-thread   ] [F] LL_A messages-by-session//by-session [id: fix-streaming-items; count: 0; has-more: 0]
20:05:26.177 [ 184665] [main-thread   ] [F] LL_A task-manager//task-queue/task-completion task = <WAMessagesByActiveSessionTask: 0x60000124a5a0 [fix-streaming-items]>, queue = <WATaskQueue: 0x600001254af0>, should-run-again = 1
20:05:26.178 [ 184665] [main-thread   ] [F] LL_A task-manager//task finished for task-manager = <WATaskManager: 0x600001724100> on queue=<WATaskQueue: 0x600001254af0>
20:05:26.178 [ 184665] [main-thread   ] [F] LL_A task-manager//task-manager/run-task task-manager = <WATaskManager: 0x600001724100>, quiet mode 0 _executingTask 0
20:05:27.215 [ 184665] [main-thread   ] [F] LL_A task-manager//task-manager/run-task task-manager = <WATaskManager: 0x600001724100>, quiet mode 0 _executingTask 0
20:05:27.215 [ 184665] [main-thread   ] [F] LL_A task-manager//run-task-in-group task-manager = <WATaskManager: 0x600001724100>, queue=<WATaskQueue: 0x600001254af0>
20:05:27.215 [ 184665] [main-thread   ] [F] LL_A task-manager//task-queue/find-task to be executed task = <WABlockTask: 0x6000036ea6d0 [search-fts-table-cleanup]>  queue=<WATaskQueue: 0x600001254af0>
20:05:27.217 [ 184665] [main-thread   ] [F] LL_A task-manager//task/start [<WATaskQueue: 0x600001254af0>]
20:05:27.217 [ 209909] [utility-qos   ] [F] LL_A task-manager//task-queue/run-task on queue task = <WABlockTask: 0x6000036ea6d0 [search-fts-table-cleanup]>, queue = <WATaskQueue: 0x600001254af0>
20:05:27.221 [ 209909] [utility-qos   ] [F] LL_A searchengine//load/base [available: 1]
20:05:27.251 [ 209909] [NSManaged…dc70] [F] LL_A task-manager//task-queue/task-completion task = <WABlockTask: 0x6000036ea6d0 [search-fts-table-cleanup]>, queue = <WATaskQueue: 0x600001254af0>, should-run-again = 1
20:05:27.252 [ 184665] [main-thread   ] [F] LL_A task-manager//task finished for task-manager = <WATaskManager: 0x600001724100> on queue=<WATaskQueue: 0x600001254af0>
20:05:27.252 [ 184665] [main-thread   ] [F] LL_A task-manager//task-manager/run-task task-manager = <WATaskManager: 0x600001724100>, quiet mode 0 _executingTask 0
20:05:27.567 [ 209909] [memory-us…ging] [F] LL_A app//memory: System [Used 5546MB, Free 138MB] Process [Footprint 173MB (0MB), Available 0MB, Peak 186MB] [cpu/s: 0.039]
20:05:28.302 [ 184665] [main-thread   ] [F] LL_A task-manager//task-manager/run-task task-manager = <WATaskManager: 0x600001724100>, quiet mode 0 _executingTask 0
20:05:28.302 [ 184665] [main-thread   ] [F] LL_A task-manager//run-task-in-group task-manager = <WATaskManager: 0x600001724100>, queue=<WATaskQueue: 0x600001254af0>
20:05:28.302 [ 184665] [main-thread   ] [F] LL_A task-manager//task-queue/find-task to be executed task = <WAMessagesByActiveSessionTask: 0x600001250b60 [orphaned-files]>  queue=<WATaskQueue: 0x600001254af0>
20:05:28.304 [ 184665] [main-thread   ] [F] LL_A task-manager//task/start [<WATaskQueue: 0x600001254af0>]
20:05:28.304 [ 209909] [utility-qos   ] [F] LL_A task-manager//task-queue/run-task on queue task = <WAMessagesByActiveSessionTask: 0x600001250b60 [orphaned-files]>, queue = <WATaskQueue: 0x600001254af0>
20:05:28.314 [ 209909] [NSManaged…fa80] [F] LL_A storage//save/success [KVStore-Tracking.sqlite in 0.00s with no changes]
20:05:28.315 [ 209909] [NSManaged…fa80] [F] LL_A storage//save/success [KVStore-Tracking.sqlite in 0.00s with changes]
20:05:28.316 [ 184665] [main-thread   ] [F] LL_A storage//save/background/done [ChatDB in 0.00s with no changes from 'NSManagedObjectContext 0x60000023dc70']
20:05:28.316 [ 184665] [main-thread   ] [F] LL_A messages-by-session//by-session [id: orphaned-files; count: 40; has-more: 1]
20:05:28.316 [ 184665] [main-thread   ] [F] LL_A task-manager//task-queue/task-completion task = <WAMessagesByActiveSessionTask: 0x600001250b60 [orphaned-files]>, queue = <WATaskQueue: 0x600001254af0>, should-run-again = 1
20:05:28.317 [ 184665] [main-thread   ] [F] LL_A task-manager//task finished for task-manager = <WATaskManager: 0x600001724100> on queue=<WATaskQueue: 0x600001254af0>
20:05:28.317 [ 184665] [main-thread   ] [F] LL_A task-manager//task-manager/run-task task-manager = <WATaskManager: 0x600001724100>, quiet mode 0 _executingTask 0
20:05:29.365 [ 184665] [main-thread   ] [F] LL_A task-manager//task-manager/run-task task-manager = <WATaskManager: 0x600001724100>, quiet mode 0 _executingTask 0
20:05:29.365 [ 184665] [main-thread   ] [F] LL_A task-manager//run-task-in-group task-manager = <WATaskManager: 0x600001724100>, queue=<WATaskQueue: 0x600001254af0>
20:05:29.365 [ 184665] [main-thread   ] [F] LL_A task-manager//task-queue/find-task to be executed task = <WAMessagesByActiveSessionTask: 0x60000124a5a0 [fix-streaming-items]>  queue=<WATaskQueue: 0x600001254af0>
20:05:29.367 [ 184665] [main-thread   ] [F] LL_A task-manager//task/start [<WATaskQueue: 0x600001254af0>]
20:05:29.367 [ 209909] [utility-qos   ] [F] LL_A task-manager//task-queue/run-task on queue task = <WAMessagesByActiveSessionTask: 0x60000124a5a0 [fix-streaming-items]>, queue = <WATaskQueue: 0x600001254af0>
20:05:29.371 [ 184665] [main-thread   ] [F] LL_A storage//save/background/done [ChatDB in 0.00s with no changes from 'NSManagedObjectContext 0x60000023dc70']
20:05:29.372 [ 184665] [main-thread   ] [F] LL_A messages-by-session//by-session [id: fix-streaming-items; count: 0; has-more: 0]
20:05:29.372 [ 184665] [main-thread   ] [F] LL_A task-manager//task-queue/task-completion task = <WAMessagesByActiveSessionTask: 0x60000124a5a0 [fix-streaming-items]>, queue = <WATaskQueue: 0x600001254af0>, should-run-again = 1
20:05:29.372 [ 184665] [main-thread   ] [F] LL_A task-manager//task finished for task-manager = <WATaskManager: 0x600001724100> on queue=<WATaskQueue: 0x600001254af0>
20:05:29.372 [ 184665] [main-thread   ] [F] LL_A task-manager//task-manager/run-task task-manager = <WATaskManager: 0x600001724100>, quiet mode 0 _executingTask 0
20:05:29.811 [ 211650] [normal        ] [F] LL_N stream//idle
20:05:29.811 [ 211650] [normal        ] [F] LL_A ccq/connection/cancel-stanza-processing/skip-resources-released
20:05:30.415 [ 184665] [main-thread   ] [F] LL_A task-manager//task-manager/run-task task-manager = <WATaskManager: 0x600001724100>, quiet mode 0 _executingTask 0
20:05:30.415 [ 184665] [main-thread   ] [F] LL_A task-manager//run-task-in-group task-manager = <WATaskManager: 0x600001724100>, queue=<WATaskQueue: 0x600001254af0>
20:05:30.415 [ 184665] [main-thread   ] [F] LL_A task-manager//task-queue/find-task to be executed task = <WABlockTask: 0x6000036ea6d0 [search-fts-table-cleanup]>  queue=<WATaskQueue: 0x600001254af0>
20:05:30.417 [ 184665] [main-thread   ] [F] LL_A task-manager//task/start [<WATaskQueue: 0x600001254af0>]
20:05:30.418 [ 209909] [utility-qos   ] [F] LL_A task-manager//task-queue/run-task on queue task = <WABlockTask: 0x6000036ea6d0 [search-fts-table-cleanup]>, queue = <WATaskQueue: 0x600001254af0>
20:05:30.422 [ 209909] [utility-qos   ] [F] LL_A searchengine//load/base [available: 1]
20:05:30.458 [ 209909] [NSManaged…dc70] [F] LL_A task-manager//task-queue/task-completion task = <WABlockTask: 0x6000036ea6d0 [search-fts-table-cleanup]>, queue = <WATaskQueue: 0x600001254af0>, should-run-again = 1
20:05:30.459 [ 184665] [main-thread   ] [F] LL_A task-manager//task finished for task-manager = <WATaskManager: 0x600001724100> on queue=<WATaskQueue: 0x600001254af0>
20:05:30.459 [ 184665] [main-thread   ] [F] LL_A task-manager//task-manager/run-task task-manager = <WATaskManager: 0x600001724100>, quiet mode 0 _executingTask 0
20:05:30.566 [ 209909] [memory-us…ging] [F] LL_A app//memory: System [Used 5586MB, Free 98MB] Process [Footprint 173MB (0MB), Available 0MB, Peak 186MB] [cpu/s: 0.042]
20:05:31.506 [ 184665] [main-thread   ] [F] LL_A task-manager//task-manager/run-task task-manager = <WATaskManager: 0x600001724100>, quiet mode 0 _executingTask 0
20:05:31.506 [ 184665] [main-thread   ] [F] LL_A task-manager//run-task-in-group task-manager = <WATaskManager: 0x600001724100>, queue=<WATaskQueue: 0x600001254af0>
20:05:31.507 [ 184665] [main-thread   ] [F] LL_A task-manager//task-queue/find-task to be executed task = <WAMessagesByActiveSessionTask: 0x600001250b60 [orphaned-files]>  queue=<WATaskQueue: 0x600001254af0>
20:05:31.508 [ 184665] [main-thread   ] [F] LL_A task-manager//task/start [<WATaskQueue: 0x600001254af0>]
20:05:31.508 [ 211650] [utility-qos   ] [F] LL_A task-manager//task-queue/run-task on queue task = <WAMessagesByActiveSessionTask: 0x600001250b60 [orphaned-files]>, queue = <WATaskQueue: 0x600001254af0>
20:05:31.523 [ 211458] [NSManaged…fa80] [F] LL_A storage//save/success [KVStore-Tracking.sqlite in 0.00s with no changes]
20:05:31.524 [ 211458] [NSManaged…fa80] [F] LL_A storage//save/success [KVStore-Tracking.sqlite in 0.00s with changes]
20:05:31.525 [ 184665] [main-thread   ] [F] LL_A storage//save/background/done [ChatDB in 0.00s with no changes from 'NSManagedObjectContext 0x60000023dc70']
20:05:31.525 [ 184665] [main-thread   ] [F] LL_A messages-by-session//by-session [id: orphaned-files; count: 40; has-more: 1]
20:05:31.525 [ 184665] [main-thread   ] [F] LL_A task-manager//task-queue/task-completion task = <WAMessagesByActiveSessionTask: 0x600001250b60 [orphaned-files]>, queue = <WATaskQueue: 0x600001254af0>, should-run-again = 1
20:05:31.526 [ 184665] [main-thread   ] [F] LL_A task-manager//task finished for task-manager = <WATaskManager: 0x600001724100> on queue=<WATaskQueue: 0x600001254af0>
20:05:31.526 [ 184665] [main-thread   ] [F] LL_A task-manager//task-manager/run-task task-manager = <WATaskManager: 0x600001724100>, quiet mode 0 _executingTask 0
20:05:32.574 [ 184665] [main-thread   ] [F] LL_A task-manager//task-manager/run-task task-manager = <WATaskManager: 0x600001724100>, quiet mode 0 _executingTask 0
20:05:32.574 [ 184665] [main-thread   ] [F] LL_A task-manager//run-task-in-group task-manager = <WATaskManager: 0x600001724100>, queue=<WATaskQueue: 0x600001254af0>
20:05:32.574 [ 184665] [main-thread   ] [F] LL_A task-manager//task-queue/find-task to be executed task = <WAMessagesByActiveSessionTask: 0x60000124a5a0 [fix-streaming-items]>  queue=<WATaskQueue: 0x600001254af0>
20:05:32.576 [ 184665] [main-thread   ] [F] LL_A task-manager//task/start [<WATaskQueue: 0x600001254af0>]
20:05:32.577 [ 211652] [utility-qos   ] [F] LL_A task-manager//task-queue/run-task on queue task = <WAMessagesByActiveSessionTask: 0x60000124a5a0 [fix-streaming-items]>, queue = <WATaskQueue: 0x600001254af0>
20:05:32.582 [ 184665] [main-thread   ] [F] LL_A storage//save/background/done [ChatDB in 0.00s with no changes from 'NSManagedObjectContext 0x60000023dc70']
20:05:32.582 [ 184665] [main-thread   ] [F] LL_A messages-by-session//by-session [id: fix-streaming-items; count: 0; has-more: 0]
20:05:32.582 [ 184665] [main-thread   ] [F] LL_A task-manager//task-queue/task-completion task = <WAMessagesByActiveSessionTask: 0x60000124a5a0 [fix-streaming-items]>, queue = <WATaskQueue: 0x600001254af0>, should-run-again = 1
20:05:32.584 [ 184665] [main-thread   ] [F] LL_A task-manager//task finished for task-manager = <WATaskManager: 0x600001724100> on queue=<WATaskQueue: 0x600001254af0>
20:05:32.584 [ 184665] [main-thread   ] [F] LL_A task-manager//task-manager/run-task task-manager = <WATaskManager: 0x600001724100>, quiet mode 0 _executingTask 0
20:05:33.565 [ 211652] [memory-us…ging] [F] LL_A app//memory: System [Used 5594MB, Free 93MB] Process [Footprint 173MB (0MB), Available 0MB, Peak 186MB] [cpu/s: 0.026]
20:05:33.632 [ 184665] [main-thread   ] [F] LL_A task-manager//task-manager/run-task task-manager = <WATaskManager: 0x600001724100>, quiet mode 0 _executingTask 0
20:05:33.632 [ 184665] [main-thread   ] [F] LL_A task-manager//run-task-in-group task-manager = <WATaskManager: 0x600001724100>, queue=<WATaskQueue: 0x600001254af0>
20:05:33.632 [ 184665] [main-thread   ] [F] LL_A task-manager//task-queue/find-task to be executed task = <WABlockTask: 0x6000036ea6d0 [search-fts-table-cleanup]>  queue=<WATaskQueue: 0x600001254af0>
20:05:33.633 [ 184665] [main-thread   ] [F] LL_A task-manager//task/start [<WATaskQueue: 0x600001254af0>]
20:05:33.633 [ 211650] [utility-qos   ] [F] LL_A task-manager//task-queue/run-task on queue task = <WABlockTask: 0x6000036ea6d0 [search-fts-table-cleanup]>, queue = <WATaskQueue: 0x600001254af0>
20:05:33.637 [ 211650] [utility-qos   ] [F] LL_A searchengine//load/base [available: 1]
20:05:33.655 [ 211650] [NSManaged…dc70] [F] LL_A task-manager//task-queue/task-completion task = <WABlockTask: 0x6000036ea6d0 [search-fts-table-cleanup]>, queue = <WATaskQueue: 0x600001254af0>, should-run-again = 0
20:05:33.656 [ 184665] [main-thread   ] [F] LL_A task-manager//task finished for task-manager = <WATaskManager: 0x600001724100> on queue=<WATaskQueue: 0x600001254af0>
20:05:33.656 [ 184665] [main-thread   ] [F] LL_A task-manager//task-manager/run-task task-manager = <WATaskManager: 0x600001724100>, quiet mode 0 _executingTask 0
20:05:34.698 [ 184665] [main-thread   ] [F] LL_A task-manager//task-manager/run-task task-manager = <WATaskManager: 0x600001724100>, quiet mode 0 _executingTask 0
20:05:34.698 [ 184665] [main-thread   ] [F] LL_A task-manager//run-task-in-group task-manager = <WATaskManager: 0x600001724100>, queue=<WATaskQueue: 0x600001254af0>
20:05:34.699 [ 184665] [main-thread   ] [F] LL_A task-manager//task-queue/find-task to be executed task = <WAMessagesByActiveSessionTask: 0x600001250b60 [orphaned-files]>  queue=<WATaskQueue: 0x600001254af0>
20:05:34.700 [ 184665] [main-thread   ] [F] LL_A task-manager//task/start [<WATaskQueue: 0x600001254af0>]
20:05:34.701 [ 211652] [utility-qos   ] [F] LL_A task-manager//task-queue/run-task on queue task = <WAMessagesByActiveSessionTask: 0x600001250b60 [orphaned-files]>, queue = <WATaskQueue: 0x600001254af0>
20:05:34.710 [ 211652] [NSManaged…fa80] [F] LL_A storage//save/success [KVStore-Tracking.sqlite in 0.00s with no changes]
20:05:34.711 [ 211652] [NSManaged…fa80] [F] LL_A storage//save/success [KVStore-Tracking.sqlite in 0.00s with changes]
20:05:34.712 [ 184665] [main-thread   ] [F] LL_A storage//save/background/done [ChatDB in 0.00s with no changes from 'NSManagedObjectContext 0x60000023dc70']
20:05:34.712 [ 184665] [main-thread   ] [F] LL_A messages-by-session//by-session [id: orphaned-files; count: 40; has-more: 1]
20:05:34.712 [ 184665] [main-thread   ] [F] LL_A task-manager//task-queue/task-completion task = <WAMessagesByActiveSessionTask: 0x600001250b60 [orphaned-files]>, queue = <WATaskQueue: 0x600001254af0>, should-run-again = 1
20:05:34.713 [ 184665] [main-thread   ] [F] LL_A task-manager//task finished for task-manager = <WATaskManager: 0x600001724100> on queue=<WATaskQueue: 0x600001254af0>
20:05:34.713 [ 184665] [main-thread   ] [F] LL_A task-manager//task-manager/run-task task-manager = <WATaskManager: 0x600001724100>, quiet mode 0 _executingTask 0
20:05:35.754 [ 184665] [main-thread   ] [F] LL_A task-manager//task-manager/run-task task-manager = <WATaskManager: 0x600001724100>, quiet mode 0 _executingTask 0
20:05:35.754 [ 184665] [main-thread   ] [F] LL_A task-manager//run-task-in-group task-manager = <WATaskManager: 0x600001724100>, queue=<WATaskQueue: 0x600001254af0>
20:05:35.754 [ 184665] [main-thread   ] [F] LL_A task-manager//task-queue/find-task to be executed task = <WAMessagesByActiveSessionTask: 0x60000124a5a0 [fix-streaming-items]>  queue=<WATaskQueue: 0x600001254af0>
20:05:35.755 [ 184665] [main-thread   ] [F] LL_A task-manager//task/start [<WATaskQueue: 0x600001254af0>]
20:05:35.756 [ 209909] [utility-qos   ] [F] LL_A task-manager//task-queue/run-task on queue task = <WAMessagesByActiveSessionTask: 0x60000124a5a0 [fix-streaming-items]>, queue = <WATaskQueue: 0x600001254af0>
20:05:35.759 [ 184665] [main-thread   ] [F] LL_A storage//save/background/done [ChatDB in 0.00s with no changes from 'NSManagedObjectContext 0x60000023dc70']
20:05:35.760 [ 184665] [main-thread   ] [F] LL_A messages-by-session//by-session [id: fix-streaming-items; count: 0; has-more: 0]
20:05:35.760 [ 184665] [main-thread   ] [F] LL_A task-manager//task-queue/task-completion task = <WAMessagesByActiveSessionTask: 0x60000124a5a0 [fix-streaming-items]>, queue = <WATaskQueue: 0x600001254af0>, should-run-again = 1
20:05:35.761 [ 184665] [main-thread   ] [F] LL_A task-manager//task finished for task-manager = <WATaskManager: 0x600001724100> on queue=<WATaskQueue: 0x600001254af0>
20:05:35.761 [ 184665] [main-thread   ] [F] LL_A task-manager//task-manager/run-task task-manager = <WATaskManager: 0x600001724100>, quiet mode 0 _executingTask 0
20:05:36.565 [ 211458] [memory-us…ging] [F] LL_A app//memory: System [Used 5603MB, Free 86MB] Process [Footprint 172MB (-0MB), Available 0MB, Peak 186MB] [cpu/s: 0.032]
20:05:36.798 [ 184665] [main-thread   ] [F] LL_A task-manager//task-manager/run-task task-manager = <WATaskManager: 0x600001724100>, quiet mode 0 _executingTask 0
20:05:36.798 [ 184665] [main-thread   ] [F] LL_A task-manager//run-task-in-group task-manager = <WATaskManager: 0x600001724100>, queue=<WATaskQueue: 0x600001254af0>
20:05:36.798 [ 184665] [main-thread   ] [F] LL_A task-manager//task-queue/find-task to be executed task = <WAMessagesByActiveSessionTask: 0x600001250b60 [orphaned-files]>  queue=<WATaskQueue: 0x600001254af0>
20:05:36.801 [ 184665] [main-thread   ] [F] LL_A task-manager//task/start [<WATaskQueue: 0x600001254af0>]
20:05:36.801 [ 209909] [utility-qos   ] [F] LL_A task-manager//task-queue/run-task on queue task = <WAMessagesByActiveSessionTask: 0x600001250b60 [orphaned-files]>, queue = <WATaskQueue: 0x600001254af0>
20:05:36.811 [ 209909] [NSManaged…fa80] [F] LL_A storage//save/success [KVStore-Tracking.sqlite in 0.00s with no changes]
20:05:36.813 [ 209909] [NSManaged…fa80] [F] LL_A storage//save/success [KVStore-Tracking.sqlite in 0.00s with changes]
20:05:36.813 [ 184665] [main-thread   ] [F] LL_A storage//save/background/done [ChatDB in 0.00s with no changes from 'NSManagedObjectContext 0x60000023dc70']
20:05:36.813 [ 184665] [main-thread   ] [F] LL_A messages-by-session//by-session [id: orphaned-files; count: 40; has-more: 1]
20:05:36.813 [ 184665] [main-thread   ] [F] LL_A task-manager//task-queue/task-completion task = <WAMessagesByActiveSessionTask: 0x600001250b60 [orphaned-files]>, queue = <WATaskQueue: 0x600001254af0>, should-run-again = 1
20:05:36.814 [ 184665] [main-thread   ] [F] LL_A task-manager//task finished for task-manager = <WATaskManager: 0x600001724100> on queue=<WATaskQueue: 0x600001254af0>
20:05:36.814 [ 184665] [main-thread   ] [F] LL_A task-manager//task-manager/run-task task-manager = <WATaskManager: 0x600001724100>, quiet mode 0 _executingTask 0
20:05:37.815 [ 184665] [main-thread   ] [F] LL_A task-manager//task-manager/run-task task-manager = <WATaskManager: 0x600001724100>, quiet mode 0 _executingTask 0
20:05:37.815 [ 184665] [main-thread   ] [F] LL_A task-manager//run-task-in-group task-manager = <WATaskManager: 0x600001724100>, queue=<WATaskQueue: 0x600001254af0>
20:05:37.815 [ 184665] [main-thread   ] [F] LL_A task-manager//task-queue/find-task to be executed task = <WAMessagesByActiveSessionTask: 0x60000124a5a0 [fix-streaming-items]>  queue=<WATaskQueue: 0x600001254af0>
20:05:37.817 [ 184665] [main-thread   ] [F] LL_A task-manager//task/start [<WATaskQueue: 0x600001254af0>]
20:05:37.817 [ 209909] [utility-qos   ] [F] LL_A task-manager//task-queue/run-task on queue task = <WAMessagesByActiveSessionTask: 0x60000124a5a0 [fix-streaming-items]>, queue = <WATaskQueue: 0x600001254af0>
20:05:37.832 [ 184665] [main-thread   ] [F] LL_A storage//save/background/done [ChatDB in 0.00s with no changes from 'NSManagedObjectContext 0x60000023dc70']
20:05:37.832 [ 184665] [main-thread   ] [F] LL_A messages-by-session//by-session [id: fix-streaming-items; count: 0; has-more: 0]
20:05:37.832 [ 184665] [main-thread   ] [F] LL_A task-manager//task-queue/task-completion task = <WAMessagesByActiveSessionTask: 0x60000124a5a0 [fix-streaming-items]>, queue = <WATaskQueue: 0x600001254af0>, should-run-again = 1
20:05:37.833 [ 184665] [main-thread   ] [F] LL_A task-manager//task finished for task-manager = <WATaskManager: 0x600001724100> on queue=<WATaskQueue: 0x600001254af0>
20:05:37.833 [ 184665] [main-thread   ] [F] LL_A task-manager//task-manager/run-task task-manager = <WATaskManager: 0x600001724100>, quiet mode 0 _executingTask 0
20:05:38.881 [ 184665] [main-thread   ] [F] LL_A task-manager//task-manager/run-task task-manager = <WATaskManager: 0x600001724100>, quiet mode 0 _executingTask 0
20:05:38.882 [ 184665] [main-thread   ] [F] LL_A task-manager//run-task-in-group task-manager = <WATaskManager: 0x600001724100>, queue=<WATaskQueue: 0x600001254af0>
20:05:38.882 [ 184665] [main-thread   ] [F] LL_A task-manager//task-queue/find-task to be executed task = <WAMessagesByActiveSessionTask: 0x600001250b60 [orphaned-files]>  queue=<WATaskQueue: 0x600001254af0>
20:05:38.884 [ 184665] [main-thread   ] [F] LL_A task-manager//task/start [<WATaskQueue: 0x600001254af0>]
20:05:38.884 [ 211650] [utility-qos   ] [F] LL_A task-manager//task-queue/run-task on queue task = <WAMessagesByActiveSessionTask: 0x600001250b60 [orphaned-files]>, queue = <WATaskQueue: 0x600001254af0>
20:05:38.894 [ 211650] [NSManaged…fa80] [F] LL_A storage//save/success [KVStore-Tracking.sqlite in 0.00s with no changes]
20:05:38.895 [ 211650] [NSManaged…fa80] [F] LL_A storage//save/success [KVStore-Tracking.sqlite in 0.00s with changes]
20:05:38.895 [ 184665] [main-thread   ] [F] LL_A storage//save/background/done [ChatDB in 0.00s with no changes from 'NSManagedObjectContext 0x60000023dc70']
20:05:38.896 [ 184665] [main-thread   ] [F] LL_A messages-by-session//by-session [id: orphaned-files; count: 40; has-more: 1]
20:05:38.896 [ 184665] [main-thread   ] [F] LL_A task-manager//task-queue/task-completion task = <WAMessagesByActiveSessionTask: 0x600001250b60 [orphaned-files]>, queue = <WATaskQueue: 0x600001254af0>, should-run-again = 1
20:05:38.897 [ 184665] [main-thread   ] [F] LL_A task-manager//task finished for task-manager = <WATaskManager: 0x600001724100> on queue=<WATaskQueue: 0x600001254af0>
20:05:38.897 [ 184665] [main-thread   ] [F] LL_A task-manager//task-manager/run-task task-manager = <WATaskManager: 0x600001724100>, quiet mode 0 _executingTask 0
20:05:39.566 [ 211650] [memory-us…ging] [F] LL_A app//memory: System [Used 5602MB, Free 88MB] Process [Footprint 172MB (0MB), Available 0MB, Peak 186MB] [cpu/s: 0.027]
20:05:39.935 [ 184665] [main-thread   ] [F] LL_A task-manager//task-manager/run-task task-manager = <WATaskManager: 0x600001724100>, quiet mode 0 _executingTask 0
20:05:39.935 [ 184665] [main-thread   ] [F] LL_A task-manager//run-task-in-group task-manager = <WATaskManager: 0x600001724100>, queue=<WATaskQueue: 0x600001254af0>
20:05:39.935 [ 184665] [main-thread   ] [F] LL_A task-manager//task-queue/find-task to be executed task = <WAMessagesByActiveSessionTask: 0x60000124a5a0 [fix-streaming-items]>  queue=<WATaskQueue: 0x600001254af0>
20:05:39.937 [ 184665] [main-thread   ] [F] LL_A task-manager//task/start [<WATaskQueue: 0x600001254af0>]
20:05:39.937 [ 211458] [utility-qos   ] [F] LL_A task-manager//task-queue/run-task on queue task = <WAMessagesByActiveSessionTask: 0x60000124a5a0 [fix-streaming-items]>, queue = <WATaskQueue: 0x600001254af0>
20:05:39.948 [ 184665] [main-thread   ] [F] LL_A storage//save/background/done [ChatDB in 0.00s with no changes from 'NSManagedObjectContext 0x60000023dc70']
20:05:39.949 [ 184665] [main-thread   ] [F] LL_A messages-by-session//by-session [id: fix-streaming-items; count: 0; has-more: 0]
20:05:39.949 [ 184665] [main-thread   ] [F] LL_A task-manager//task-queue/task-completion task = <WAMessagesByActiveSessionTask: 0x60000124a5a0 [fix-streaming-items]>, queue = <WATaskQueue: 0x600001254af0>, should-run-again = 1
20:05:39.949 [ 184665] [main-thread   ] [F] LL_A task-manager//task finished for task-manager = <WATaskManager: 0x600001724100> on queue=<WATaskQueue: 0x600001254af0>
20:05:39.949 [ 184665] [main-thread   ] [F] LL_A task-manager//task-manager/run-task task-manager = <WATaskManager: 0x600001724100>, quiet mode 0 _executingTask 0
20:05:40.998 [ 184665] [main-thread   ] [F] LL_A task-manager//task-manager/run-task task-manager = <WATaskManager: 0x600001724100>, quiet mode 0 _executingTask 0
20:05:40.998 [ 184665] [main-thread   ] [F] LL_A task-manager//run-task-in-group task-manager = <WATaskManager: 0x600001724100>, queue=<WATaskQueue: 0x600001254af0>
20:05:40.998 [ 184665] [main-thread   ] [F] LL_A task-manager//task-queue/find-task to be executed task = <WAMessagesByActiveSessionTask: 0x600001250b60 [orphaned-files]>  queue=<WATaskQueue: 0x600001254af0>
20:05:41.001 [ 184665] [main-thread   ] [F] LL_A task-manager//task/start [<WATaskQueue: 0x600001254af0>]
20:05:41.001 [ 211650] [utility-qos   ] [F] LL_A task-manager//task-queue/run-task on queue task = <WAMessagesByActiveSessionTask: 0x600001250b60 [orphaned-files]>, queue = <WATaskQueue: 0x600001254af0>
20:05:41.010 [ 211650] [NSManaged…fa80] [F] LL_A storage//save/success [KVStore-Tracking.sqlite in 0.00s with no changes]
20:05:41.012 [ 211650] [NSManaged…fa80] [F] LL_A storage//save/success [KVStore-Tracking.sqlite in 0.00s with changes]
20:05:41.012 [ 184665] [main-thread   ] [F] LL_A storage//save/background/done [ChatDB in 0.00s with no changes from 'NSManagedObjectContext 0x60000023dc70']
20:05:41.012 [ 184665] [main-thread   ] [F] LL_A messages-by-session//by-session [id: orphaned-files; count: 40; has-more: 1]
20:05:41.012 [ 184665] [main-thread   ] [F] LL_A task-manager//task-queue/task-completion task = <WAMessagesByActiveSessionTask: 0x600001250b60 [orphaned-files]>, queue = <WATaskQueue: 0x600001254af0>, should-run-again = 1
20:05:41.013 [ 184665] [main-thread   ] [F] LL_A task-manager//task finished for task-manager = <WATaskManager: 0x600001724100> on queue=<WATaskQueue: 0x600001254af0>
20:05:41.013 [ 184665] [main-thread   ] [F] LL_A task-manager//task-manager/run-task task-manager = <WATaskManager: 0x600001724100>, quiet mode 0 _executingTask 0
20:05:42.048 [ 184665] [main-thread   ] [F] LL_A task-manager//task-manager/run-task task-manager = <WATaskManager: 0x600001724100>, quiet mode 0 _executingTask 0
20:05:42.048 [ 184665] [main-thread   ] [F] LL_A task-manager//run-task-in-group task-manager = <WATaskManager: 0x600001724100>, queue=<WATaskQueue: 0x600001254af0>
20:05:42.049 [ 184665] [main-thread   ] [F] LL_A task-manager//task-queue/find-task to be executed task = <WAMessagesByActiveSessionTask: 0x60000124a5a0 [fix-streaming-items]>  queue=<WATaskQueue: 0x600001254af0>
20:05:42.051 [ 184665] [main-thread   ] [F] LL_A task-manager//task/start [<WATaskQueue: 0x600001254af0>]
20:05:42.051 [ 211650] [utility-qos   ] [F] LL_A task-manager//task-queue/run-task on queue task = <WAMessagesByActiveSessionTask: 0x60000124a5a0 [fix-streaming-items]>, queue = <WATaskQueue: 0x600001254af0>
20:05:42.058 [ 184665] [main-thread   ] [F] LL_A storage//save/background/done [ChatDB in 0.00s with no changes from 'NSManagedObjectContext 0x60000023dc70']
20:05:42.058 [ 184665] [main-thread   ] [F] LL_A messages-by-session//by-session [id: fix-streaming-items; count: 0; has-more: 0]
20:05:42.058 [ 184665] [main-thread   ] [F] LL_A task-manager//task-queue/task-completion task = <WAMessagesByActiveSessionTask: 0x60000124a5a0 [fix-streaming-items]>, queue = <WATaskQueue: 0x600001254af0>, should-run-again = 1
20:05:42.059 [ 184665] [main-thread   ] [F] LL_A task-manager//task finished for task-manager = <WATaskManager: 0x600001724100> on queue=<WATaskQueue: 0x600001254af0>
20:05:42.059 [ 184665] [main-thread   ] [F] LL_A task-manager//task-manager/run-task task-manager = <WATaskManager: 0x600001724100>, quiet mode 0 _executingTask 0
20:05:42.566 [ 211650] [memory-us…ging] [F] LL_A app//memory: System [Used 5588MB, Free 103MB] Process [Footprint 172MB (0MB), Available 0MB, Peak 186MB] [cpu/s: 0.027]
20:05:43.098 [ 184665] [main-thread   ] [F] LL_A task-manager//task-manager/run-task task-manager = <WATaskManager: 0x600001724100>, quiet mode 0 _executingTask 0
20:05:43.098 [ 184665] [main-thread   ] [F] LL_A task-manager//run-task-in-group task-manager = <WATaskManager: 0x600001724100>, queue=<WATaskQueue: 0x600001254af0>
20:05:43.098 [ 184665] [main-thread   ] [F] LL_A task-manager//task-queue/find-task to be executed task = <WAMessagesByActiveSessionTask: 0x600001250b60 [orphaned-files]>  queue=<WATaskQueue: 0x600001254af0>
20:05:43.100 [ 184665] [main-thread   ] [F] LL_A task-manager//task/start [<WATaskQueue: 0x600001254af0>]
20:05:43.101 [ 209909] [utility-qos   ] [F] LL_A task-manager//task-queue/run-task on queue task = <WAMessagesByActiveSessionTask: 0x600001250b60 [orphaned-files]>, queue = <WATaskQueue: 0x600001254af0>
20:05:43.113 [ 209909] [NSManaged…dc70] [F] LL_W chatstorage-tasks//orphaned/warning/linking [1; Media/277696059855020@lid/e/3/e3f23a2a-c413-4890-8e00-b8057d531878.thumb -> Media/277696059855020@lid/3/3/3356c4fc-e2cb-4b4e-b8bc-84aff32937e8.thumb; 2026-06-26 03:30:01 +0000]
20:05:43.114 [ 209909] [NSManaged…fa80] [F] LL_A storage//save/success [KVStore-Tracking.sqlite in 0.00s with no changes]
20:05:43.115 [ 209909] [NSManaged…fa80] [F] LL_A storage//save/success [KVStore-Tracking.sqlite in 0.00s with changes]
20:05:43.117 [ 184665] [main-thread   ] [F] LL_A storage//save/background/done [ChatDB in 0.00s with changes from 'NSManagedObjectContext 0x60000023dc70']
20:05:43.117 [ 184665] [main-thread   ] [F] LL_A messages-by-session//by-session [id: orphaned-files; count: 40; has-more: 1]
20:05:43.117 [ 184665] [main-thread   ] [F] LL_A task-manager//task-queue/task-completion task = <WAMessagesByActiveSessionTask: 0x600001250b60 [orphaned-files]>, queue = <WATaskQueue: 0x600001254af0>, should-run-again = 1
20:05:43.118 [ 184665] [main-thread   ] [F] LL_A task-manager//task finished for task-manager = <WATaskManager: 0x600001724100> on queue=<WATaskQueue: 0x600001254af0>
20:05:43.118 [ 184665] [main-thread   ] [F] LL_A task-manager//task-manager/run-task task-manager = <WATaskManager: 0x600001724100>, quiet mode 0 _executingTask 0
20:05:44.120 [ 184665] [main-thread   ] [F] LL_A task-manager//task-manager/run-task task-manager = <WATaskManager: 0x600001724100>, quiet mode 0 _executingTask 0
20:05:44.120 [ 184665] [main-thread   ] [F] LL_A task-manager//run-task-in-group task-manager = <WATaskManager: 0x600001724100>, queue=<WATaskQueue: 0x600001254af0>
20:05:44.120 [ 184665] [main-thread   ] [F] LL_A task-manager//task-queue/find-task to be executed task = <WAMessagesByActiveSessionTask: 0x60000124a5a0 [fix-streaming-items]>  queue=<WATaskQueue: 0x600001254af0>
20:05:44.122 [ 184665] [main-thread   ] [F] LL_A task-manager//task/start [<WATaskQueue: 0x600001254af0>]
20:05:44.122 [ 211650] [utility-qos   ] [F] LL_A task-manager//task-queue/run-task on queue task = <WAMessagesByActiveSessionTask: 0x60000124a5a0 [fix-streaming-items]>, queue = <WATaskQueue: 0x600001254af0>
20:05:44.126 [ 184665] [main-thread   ] [F] LL_A storage//save/background/done [ChatDB in 0.00s with no changes from 'NSManagedObjectContext 0x60000023dc70']
20:05:44.127 [ 184665] [main-thread   ] [F] LL_A messages-by-session//by-session [id: fix-streaming-items; count: 0; has-more: 0]
20:05:44.127 [ 184665] [main-thread   ] [F] LL_A task-manager//task-queue/task-completion task = <WAMessagesByActiveSessionTask: 0x60000124a5a0 [fix-streaming-items]>, queue = <WATaskQueue: 0x600001254af0>, should-run-again = 1
20:05:44.128 [ 184665] [main-thread   ] [F] LL_A task-manager//task finished for task-manager = <WATaskManager: 0x600001724100> on queue=<WATaskQueue: 0x600001254af0>
20:05:44.128 [ 184665] [main-thread   ] [F] LL_A task-manager//task-manager/run-task task-manager = <WATaskManager: 0x600001724100>, quiet mode 0 _executingTask 0
20:05:45.129 [ 184665] [main-thread   ] [F] LL_A task-manager//task-manager/run-task task-manager = <WATaskManager: 0x600001724100>, quiet mode 0 _executingTask 0
20:05:45.129 [ 184665] [main-thread   ] [F] LL_A task-manager//run-task-in-group task-manager = <WATaskManager: 0x600001724100>, queue=<WATaskQueue: 0x600001254af0>
20:05:45.129 [ 184665] [main-thread   ] [F] LL_A task-manager//task-queue/find-task to be executed task = <WAMessagesByActiveSessionTask: 0x600001250b60 [orphaned-files]>  queue=<WATaskQueue: 0x600001254af0>
20:05:45.132 [ 184665] [main-thread   ] [F] LL_A task-manager//task/start [<WATaskQueue: 0x600001254af0>]
20:05:45.132 [ 209909] [utility-qos   ] [F] LL_A task-manager//task-queue/run-task on queue task = <WAMessagesByActiveSessionTask: 0x600001250b60 [orphaned-files]>, queue = <WATaskQueue: 0x600001254af0>
20:05:45.145 [ 209909] [NSManaged…dc70] [F] LL_W chatstorage-tasks//orphaned/warning/linking [1; Media/277696059855020@lid/7/1/7115cca1-3ac7-496b-b330-112f211cd12a.thumb -> Media/277696059855020@lid/7/6/76750921-77b8-4ba5-8a06-7a6b790b45c2.thumb; 2026-06-30 14:48:59 +0000]
20:05:45.145 [ 209909] [NSManaged…fa80] [F] LL_A storage//save/success [KVStore-Tracking.sqlite in 0.00s with no changes]
20:05:45.147 [ 209909] [NSManaged…fa80] [F] LL_A storage//save/success [KVStore-Tracking.sqlite in 0.00s with changes]
20:05:45.149 [ 184665] [main-thread   ] [F] LL_A storage//save/background/done [ChatDB in 0.00s with changes from 'NSManagedObjectContext 0x60000023dc70']
20:05:45.149 [ 184665] [main-thread   ] [F] LL_A messages-by-session//by-session [id: orphaned-files; count: 40; has-more: 1]
20:05:45.149 [ 184665] [main-thread   ] [F] LL_A task-manager//task-queue/task-completion task = <WAMessagesByActiveSessionTask: 0x600001250b60 [orphaned-files]>, queue = <WATaskQueue: 0x600001254af0>, should-run-again = 1
20:05:45.150 [ 184665] [main-thread   ] [F] LL_A task-manager//task finished for task-manager = <WATaskManager: 0x600001724100> on queue=<WATaskQueue: 0x600001254af0>
20:05:45.150 [ 184665] [main-thread   ] [F] LL_A task-manager//task-manager/run-task task-manager = <WATaskManager: 0x600001724100>, quiet mode 0 _executingTask 0
20:05:45.565 [ 211652] [memory-us…ging] [F] LL_A app//memory: System [Used 5572MB, Free 120MB] Process [Footprint 172MB (0MB), Available 0MB, Peak 186MB] [cpu/s: 0.029]
20:05:46.198 [ 184665] [main-thread   ] [F] LL_A task-manager//task-manager/run-task task-manager = <WATaskManager: 0x600001724100>, quiet mode 0 _executingTask 0
20:05:46.198 [ 184665] [main-thread   ] [F] LL_A task-manager//run-task-in-group task-manager = <WATaskManager: 0x600001724100>, queue=<WATaskQueue: 0x600001254af0>
20:05:46.199 [ 184665] [main-thread   ] [F] LL_A task-manager//task-queue/find-task to be executed task = <WAMessagesByActiveSessionTask: 0x60000124a5a0 [fix-streaming-items]>  queue=<WATaskQueue: 0x600001254af0>
20:05:46.200 [ 184665] [main-thread   ] [F] LL_A task-manager//task/start [<WATaskQueue: 0x600001254af0>]
20:05:46.201 [ 209909] [utility-qos   ] [F] LL_A task-manager//task-queue/run-task on queue task = <WAMessagesByActiveSessionTask: 0x60000124a5a0 [fix-streaming-items]>, queue = <WATaskQueue: 0x600001254af0>
20:05:46.207 [ 184665] [main-thread   ] [F] LL_A storage//save/background/done [ChatDB in 0.00s with no changes from 'NSManagedObjectContext 0x60000023dc70']
20:05:46.208 [ 184665] [main-thread   ] [F] LL_A messages-by-session//by-session [id: fix-streaming-items; count: 0; has-more: 0]
20:05:46.208 [ 184665] [main-thread   ] [F] LL_A task-manager//task-queue/task-completion task = <WAMessagesByActiveSessionTask: 0x60000124a5a0 [fix-streaming-items]>, queue = <WATaskQueue: 0x600001254af0>, should-run-again = 1
20:05:46.208 [ 184665] [main-thread   ] [F] LL_A task-manager//task finished for task-manager = <WATaskManager: 0x600001724100> on queue=<WATaskQueue: 0x600001254af0>
20:05:46.208 [ 184665] [main-thread   ] [F] LL_A task-manager//task-manager/run-task task-manager = <WATaskManager: 0x600001724100>, quiet mode 0 _executingTask 0
20:05:47.215 [ 184665] [main-thread   ] [F] LL_A task-manager//task-manager/run-task task-manager = <WATaskManager: 0x600001724100>, quiet mode 0 _executingTask 0
20:05:47.215 [ 184665] [main-thread   ] [F] LL_A task-manager//run-task-in-group task-manager = <WATaskManager: 0x600001724100>, queue=<WATaskQueue: 0x600001254af0>
20:05:47.215 [ 184665] [main-thread   ] [F] LL_A task-manager//task-queue/find-task to be executed task = <WAMessagesByActiveSessionTask: 0x600001250b60 [orphaned-files]>  queue=<WATaskQueue: 0x600001254af0>
20:05:47.217 [ 184665] [main-thread   ] [F] LL_A task-manager//task/start [<WATaskQueue: 0x600001254af0>]
20:05:47.217 [ 211652] [utility-qos   ] [F] LL_A task-manager//task-queue/run-task on queue task = <WAMessagesByActiveSessionTask: 0x600001250b60 [orphaned-files]>, queue = <WATaskQueue: 0x600001254af0>
20:05:47.226 [ 211652] [NSManaged…fa80] [F] LL_A storage//save/success [KVStore-Tracking.sqlite in 0.00s with no changes]
20:05:47.228 [ 211652] [NSManaged…fa80] [F] LL_A storage//save/success [KVStore-Tracking.sqlite in 0.00s with changes]
20:05:47.228 [ 184665] [main-thread   ] [F] LL_A storage//save/background/done [ChatDB in 0.00s with no changes from 'NSManagedObjectContext 0x60000023dc70']
20:05:47.229 [ 184665] [main-thread   ] [F] LL_A messages-by-session//by-session [id: orphaned-files; count: 40; has-more: 1]
20:05:47.229 [ 184665] [main-thread   ] [F] LL_A task-manager//task-queue/task-completion task = <WAMessagesByActiveSessionTask: 0x600001250b60 [orphaned-files]>, queue = <WATaskQueue: 0x600001254af0>, should-run-again = 1
20:05:47.230 [ 184665] [main-thread   ] [F] LL_A task-manager//task finished for task-manager = <WATaskManager: 0x600001724100> on queue=<WATaskQueue: 0x600001254af0>
20:05:47.230 [ 184665] [main-thread   ] [F] LL_A task-manager//task-manager/run-task task-manager = <WATaskManager: 0x600001724100>, quiet mode 0 _executingTask 0
20:05:48.265 [ 184665] [main-thread   ] [F] LL_A task-manager//task-manager/run-task task-manager = <WATaskManager: 0x600001724100>, quiet mode 0 _executingTask 0
20:05:48.265 [ 184665] [main-thread   ] [F] LL_A task-manager//run-task-in-group task-manager = <WATaskManager: 0x600001724100>, queue=<WATaskQueue: 0x600001254af0>
20:05:48.265 [ 184665] [main-thread   ] [F] LL_A task-manager//task-queue/find-task to be executed task = <WAMessagesByActiveSessionTask: 0x60000124a5a0 [fix-streaming-items]>  queue=<WATaskQueue: 0x600001254af0>
20:05:48.267 [ 184665] [main-thread   ] [F] LL_A task-manager//task/start [<WATaskQueue: 0x600001254af0>]
20:05:48.267 [ 209909] [utility-qos   ] [F] LL_A task-manager//task-queue/run-task on queue task = <WAMessagesByActiveSessionTask: 0x60000124a5a0 [fix-streaming-items]>, queue = <WATaskQueue: 0x600001254af0>
20:05:48.273 [ 184665] [main-thread   ] [F] LL_A storage//save/background/done [ChatDB in 0.00s with no changes from 'NSManagedObjectContext 0x60000023dc70']
20:05:48.273 [ 184665] [main-thread   ] [F] LL_A messages-by-session//by-session [id: fix-streaming-items; count: 0; has-more: 0]
20:05:48.273 [ 184665] [main-thread   ] [F] LL_A task-manager//task-queue/task-completion task = <WAMessagesByActiveSessionTask: 0x60000124a5a0 [fix-streaming-items]>, queue = <WATaskQueue: 0x600001254af0>, should-run-again = 1
20:05:48.274 [ 184665] [main-thread   ] [F] LL_A task-manager//task finished for task-manager = <WATaskManager: 0x600001724100> on queue=<WATaskQueue: 0x600001254af0>
20:05:48.274 [ 184665] [main-thread   ] [F] LL_A task-manager//task-manager/run-task task-manager = <WATaskManager: 0x600001724100>, quiet mode 0 _executingTask 0
20:05:48.565 [ 209909] [memory-us…ging] [F] LL_A app//memory: System [Used 5585MB, Free 110MB] Process [Footprint 172MB (0MB), Available 0MB, Peak 186MB] [cpu/s: 0.025]
20:05:49.322 [ 184665] [main-thread   ] [F] LL_A task-manager//task-manager/run-task task-manager = <WATaskManager: 0x600001724100>, quiet mode 0 _executingTask 0
20:05:49.322 [ 184665] [main-thread   ] [F] LL_A task-manager//run-task-in-group task-manager = <WATaskManager: 0x600001724100>, queue=<WATaskQueue: 0x600001254af0>
20:05:49.322 [ 184665] [main-thread   ] [F] LL_A task-manager//task-queue/find-task to be executed task = <WAMessagesByActiveSessionTask: 0x600001250b60 [orphaned-files]>  queue=<WATaskQueue: 0x600001254af0>
20:05:49.325 [ 184665] [main-thread   ] [F] LL_A task-manager//task/start [<WATaskQueue: 0x600001254af0>]
20:05:49.325 [ 211652] [utility-qos   ] [F] LL_A task-manager//task-queue/run-task on queue task = <WAMessagesByActiveSessionTask: 0x600001250b60 [orphaned-files]>, queue = <WATaskQueue: 0x600001254af0>
20:05:49.334 [ 211652] [NSManaged…fa80] [F] LL_A storage//save/success [KVStore-Tracking.sqlite in 0.00s with no changes]
20:05:49.336 [ 211652] [NSManaged…fa80] [F] LL_A storage//save/success [KVStore-Tracking.sqlite in 0.00s with changes]
20:05:49.336 [ 184665] [main-thread   ] [F] LL_A storage//save/background/done [ChatDB in 0.00s with no changes from 'NSManagedObjectContext 0x60000023dc70']
20:05:49.336 [ 184665] [main-thread   ] [F] LL_A messages-by-session//by-session [id: orphaned-files; count: 40; has-more: 1]
20:05:49.336 [ 184665] [main-thread   ] [F] LL_A task-manager//task-queue/task-completion task = <WAMessagesByActiveSessionTask: 0x600001250b60 [orphaned-files]>, queue = <WATaskQueue: 0x600001254af0>, should-run-again = 1
20:05:49.337 [ 184665] [main-thread   ] [F] LL_A task-manager//task finished for task-manager = <WATaskManager: 0x600001724100> on queue=<WATaskQueue: 0x600001254af0>
20:05:49.337 [ 184665] [main-thread   ] [F] LL_A task-manager//task-manager/run-task task-manager = <WATaskManager: 0x600001724100>, quiet mode 0 _executingTask 0
20:05:50.382 [ 184665] [main-thread   ] [F] LL_A task-manager//task-manager/run-task task-manager = <WATaskManager: 0x600001724100>, quiet mode 0 _executingTask 0
20:05:50.382 [ 184665] [main-thread   ] [F] LL_A task-manager//run-task-in-group task-manager = <WATaskManager: 0x600001724100>, queue=<WATaskQueue: 0x600001254af0>
20:05:50.382 [ 184665] [main-thread   ] [F] LL_A task-manager//task-queue/find-task to be executed task = <WAMessagesByActiveSessionTask: 0x60000124a5a0 [fix-streaming-items]>  queue=<WATaskQueue: 0x600001254af0>
20:05:50.384 [ 184665] [main-thread   ] [F] LL_A task-manager//task/start [<WATaskQueue: 0x600001254af0>]
20:05:50.384 [ 211650] [utility-qos   ] [F] LL_A task-manager//task-queue/run-task on queue task = <WAMessagesByActiveSessionTask: 0x60000124a5a0 [fix-streaming-items]>, queue = <WATaskQueue: 0x600001254af0>
20:05:50.395 [ 184665] [main-thread   ] [F] LL_A storage//save/background/done [ChatDB in 0.00s with no changes from 'NSManagedObjectContext 0x60000023dc70']
20:05:50.395 [ 184665] [main-thread   ] [F] LL_A messages-by-session//by-session [id: fix-streaming-items; count: 0; has-more: 0]
20:05:50.395 [ 184665] [main-thread   ] [F] LL_A task-manager//task-queue/task-completion task = <WAMessagesByActiveSessionTask: 0x60000124a5a0 [fix-streaming-items]>, queue = <WATaskQueue: 0x600001254af0>, should-run-again = 1
20:05:50.396 [ 184665] [main-thread   ] [F] LL_A task-manager//task finished for task-manager = <WATaskManager: 0x600001724100> on queue=<WATaskQueue: 0x600001254af0>
20:05:50.396 [ 184665] [main-thread   ] [F] LL_A task-manager//task-manager/run-task task-manager = <WATaskManager: 0x600001724100>, quiet mode 0 _executingTask 0
20:05:51.440 [ 184665] [main-thread   ] [F] LL_A task-manager//task-manager/run-task task-manager = <WATaskManager: 0x600001724100>, quiet mode 0 _executingTask 0
20:05:51.440 [ 184665] [main-thread   ] [F] LL_A task-manager//run-task-in-group task-manager = <WATaskManager: 0x600001724100>, queue=<WATaskQueue: 0x600001254af0>
20:05:51.440 [ 184665] [main-thread   ] [F] LL_A task-manager//task-queue/find-task to be executed task = <WAMessagesByActiveSessionTask: 0x600001250b60 [orphaned-files]>  queue=<WATaskQueue: 0x600001254af0>
20:05:51.442 [ 184665] [main-thread   ] [F] LL_A task-manager//task/start [<WATaskQueue: 0x600001254af0>]
20:05:51.442 [ 211458] [utility-qos   ] [F] LL_A task-manager//task-queue/run-task on queue task = <WAMessagesByActiveSessionTask: 0x600001250b60 [orphaned-files]>, queue = <WATaskQueue: 0x600001254af0>
20:05:51.451 [ 211458] [NSManaged…fa80] [F] LL_A storage//save/success [KVStore-Tracking.sqlite in 0.00s with no changes]
20:05:51.453 [ 211458] [NSManaged…fa80] [F] LL_A storage//save/success [KVStore-Tracking.sqlite in 0.00s with changes]
20:05:51.453 [ 184665] [main-thread   ] [F] LL_A storage//save/background/done [ChatDB in 0.00s with no changes from 'NSManagedObjectContext 0x60000023dc70']
20:05:51.453 [ 184665] [main-thread   ] [F] LL_A messages-by-session//by-session [id: orphaned-files; count: 40; has-more: 1]
20:05:51.453 [ 184665] [main-thread   ] [F] LL_A task-manager//task-queue/task-completion task = <WAMessagesByActiveSessionTask: 0x600001250b60 [orphaned-files]>, queue = <WATaskQueue: 0x600001254af0>, should-run-again = 1
20:05:51.454 [ 184665] [main-thread   ] [F] LL_A task-manager//task finished for task-manager = <WATaskManager: 0x600001724100> on queue=<WATaskQueue: 0x600001254af0>
20:05:51.454 [ 184665] [main-thread   ] [F] LL_A task-manager//task-manager/run-task task-manager = <WATaskManager: 0x600001724100>, quiet mode 0 _executingTask 0
20:05:51.565 [ 211458] [memory-us…ging] [F] LL_A app//memory: System [Used 5580MB, Free 116MB] Process [Footprint 172MB (0MB), Available 0MB, Peak 186MB] [cpu/s: 0.029]
20:05:52.482 [ 184665] [main-thread   ] [F] LL_A task-manager//task-manager/run-task task-manager = <WATaskManager: 0x600001724100>, quiet mode 0 _executingTask 0
20:05:52.482 [ 184665] [main-thread   ] [F] LL_A task-manager//run-task-in-group task-manager = <WATaskManager: 0x600001724100>, queue=<WATaskQueue: 0x600001254af0>
20:05:52.482 [ 184665] [main-thread   ] [F] LL_A task-manager//task-queue/find-task to be executed task = <WAMessagesByActiveSessionTask: 0x60000124a5a0 [fix-streaming-items]>  queue=<WATaskQueue: 0x600001254af0>
20:05:52.484 [ 184665] [main-thread   ] [F] LL_A task-manager//task/start [<WATaskQueue: 0x600001254af0>]
20:05:52.484 [ 209909] [utility-qos   ] [F] LL_A task-manager//task-queue/run-task on queue task = <WAMessagesByActiveSessionTask: 0x60000124a5a0 [fix-streaming-items]>, queue = <WATaskQueue: 0x600001254af0>
20:05:52.489 [ 184665] [main-thread   ] [F] LL_A storage//save/background/done [ChatDB in 0.00s with no changes from 'NSManagedObjectContext 0x60000023dc70']
20:05:52.489 [ 184665] [main-thread   ] [F] LL_A messages-by-session//by-session [id: fix-streaming-items; count: 0; has-more: 0]
20:05:52.489 [ 184665] [main-thread   ] [F] LL_A task-manager//task-queue/task-completion task = <WAMessagesByActiveSessionTask: 0x60000124a5a0 [fix-streaming-items]>, queue = <WATaskQueue: 0x600001254af0>, should-run-again = 1
20:05:52.490 [ 184665] [main-thread   ] [F] LL_A task-manager//task finished for task-manager = <WATaskManager: 0x600001724100> on queue=<WATaskQueue: 0x600001254af0>
20:05:52.490 [ 184665] [main-thread   ] [F] LL_A task-manager//task-manager/run-task task-manager = <WATaskManager: 0x600001724100>, quiet mode 0 _executingTask 0
20:05:53.535 [ 184665] [main-thread   ] [F] LL_A task-manager//task-manager/run-task task-manager = <WATaskManager: 0x600001724100>, quiet mode 0 _executingTask 0
20:05:53.535 [ 184665] [main-thread   ] [F] LL_A task-manager//run-task-in-group task-manager = <WATaskManager: 0x600001724100>, queue=<WATaskQueue: 0x600001254af0>
20:05:53.535 [ 184665] [main-thread   ] [F] LL_A task-manager//task-queue/find-task to be executed task = <WAMessagesByActiveSessionTask: 0x600001250b60 [orphaned-files]>  queue=<WATaskQueue: 0x600001254af0>
20:05:53.537 [ 184665] [main-thread   ] [F] LL_A task-manager//task/start [<WATaskQueue: 0x600001254af0>]
20:05:53.537 [ 209909] [utility-qos   ] [F] LL_A task-manager//task-queue/run-task on queue task = <WAMessagesByActiveSessionTask: 0x600001250b60 [orphaned-files]>, queue = <WATaskQueue: 0x600001254af0>
20:05:53.546 [ 209909] [NSManaged…fa80] [F] LL_A storage//save/success [KVStore-Tracking.sqlite in 0.00s with no changes]
20:05:53.548 [ 209909] [NSManaged…fa80] [F] LL_A storage//save/success [KVStore-Tracking.sqlite in 0.00s with changes]
20:05:53.548 [ 184665] [main-thread   ] [F] LL_A storage//save/background/done [ChatDB in 0.00s with no changes from 'NSManagedObjectContext 0x60000023dc70']
20:05:53.549 [ 184665] [main-thread   ] [F] LL_A messages-by-session//by-session [id: orphaned-files; count: 40; has-more: 1]
20:05:53.549 [ 184665] [main-thread   ] [F] LL_A task-manager//task-queue/task-completion task = <WAMessagesByActiveSessionTask: 0x600001250b60 [orphaned-files]>, queue = <WATaskQueue: 0x600001254af0>, should-run-again = 1
20:05:53.550 [ 184665] [main-thread   ] [F] LL_A task-manager//task finished for task-manager = <WATaskManager: 0x600001724100> on queue=<WATaskQueue: 0x600001254af0>
20:05:53.550 [ 184665] [main-thread   ] [F] LL_A task-manager//task-manager/run-task task-manager = <WATaskManager: 0x600001724100>, quiet mode 0 _executingTask 0
20:05:54.561 [ 184665] [main-thread   ] [F] LL_A task-manager//task-manager/run-task task-manager = <WATaskManager: 0x600001724100>, quiet mode 0 _executingTask 0
20:05:54.561 [ 184665] [main-thread   ] [F] LL_A task-manager//run-task-in-group task-manager = <WATaskManager: 0x600001724100>, queue=<WATaskQueue: 0x600001254af0>
20:05:54.561 [ 184665] [main-thread   ] [F] LL_A task-manager//task-queue/find-task to be executed task = <WAMessagesByActiveSessionTask: 0x60000124a5a0 [fix-streaming-items]>  queue=<WATaskQueue: 0x600001254af0>
20:05:54.563 [ 184665] [main-thread   ] [F] LL_A task-manager//task/start [<WATaskQueue: 0x600001254af0>]
20:05:54.564 [ 211652] [utility-qos   ] [F] LL_A task-manager//task-queue/run-task on queue task = <WAMessagesByActiveSessionTask: 0x60000124a5a0 [fix-streaming-items]>, queue = <WATaskQueue: 0x600001254af0>
20:05:54.565 [ 211650] [memory-us…ging] [F] LL_A app//memory: System [Used 5608MB, Free 87MB] Process [Footprint 172MB (0MB), Available 0MB, Peak 186MB] [cpu/s: 0.024]
20:05:54.567 [ 184665] [main-thread   ] [F] LL_A storage//save/background/done [ChatDB in 0.00s with no changes from 'NSManagedObjectContext 0x60000023dc70']
20:05:54.568 [ 184665] [main-thread   ] [F] LL_A messages-by-session//by-session [id: fix-streaming-items; count: 0; has-more: 0]
20:05:54.568 [ 184665] [main-thread   ] [F] LL_A task-manager//task-queue/task-completion task = <WAMessagesByActiveSessionTask: 0x60000124a5a0 [fix-streaming-items]>, queue = <WATaskQueue: 0x600001254af0>, should-run-again = 1
20:05:54.569 [ 184665] [main-thread   ] [F] LL_A task-manager//task finished for task-manager = <WATaskManager: 0x600001724100> on queue=<WATaskQueue: 0x600001254af0>
20:05:54.569 [ 184665] [main-thread   ] [F] LL_A task-manager//task-manager/run-task task-manager = <WATaskManager: 0x600001724100>, quiet mode 0 _executingTask 0
20:05:55.615 [ 184665] [main-thread   ] [F] LL_A task-manager//task-manager/run-task task-manager = <WATaskManager: 0x600001724100>, quiet mode 0 _executingTask 0
20:05:55.615 [ 184665] [main-thread   ] [F] LL_A task-manager//run-task-in-group task-manager = <WATaskManager: 0x600001724100>, queue=<WATaskQueue: 0x600001254af0>
20:05:55.615 [ 184665] [main-thread   ] [F] LL_A task-manager//task-queue/find-task to be executed task = <WAMessagesByActiveSessionTask: 0x600001250b60 [orphaned-files]>  queue=<WATaskQueue: 0x600001254af0>
20:05:55.618 [ 184665] [main-thread   ] [F] LL_A task-manager//task/start [<WATaskQueue: 0x600001254af0>]
20:05:55.618 [ 211650] [utility-qos   ] [F] LL_A task-manager//task-queue/run-task on queue task = <WAMessagesByActiveSessionTask: 0x600001250b60 [orphaned-files]>, queue = <WATaskQueue: 0x600001254af0>
20:05:55.626 [ 211650] [NSManaged…fa80] [F] LL_A storage//save/success [KVStore-Tracking.sqlite in 0.00s with no changes]
20:05:55.628 [ 211650] [NSManaged…fa80] [F] LL_A storage//save/success [KVStore-Tracking.sqlite in 0.00s with changes]
20:05:55.628 [ 184665] [main-thread   ] [F] LL_A storage//save/background/done [ChatDB in 0.00s with no changes from 'NSManagedObjectContext 0x60000023dc70']
20:05:55.628 [ 184665] [main-thread   ] [F] LL_A messages-by-session//by-session [id: orphaned-files; count: 40; has-more: 1]
20:05:55.628 [ 184665] [main-thread   ] [F] LL_A task-manager//task-queue/task-completion task = <WAMessagesByActiveSessionTask: 0x600001250b60 [orphaned-files]>, queue = <WATaskQueue: 0x600001254af0>, should-run-again = 1
20:05:55.629 [ 184665] [main-thread   ] [F] LL_A task-manager//task finished for task-manager = <WATaskManager: 0x600001724100> on queue=<WATaskQueue: 0x600001254af0>
20:05:55.630 [ 184665] [main-thread   ] [F] LL_A task-manager//task-manager/run-task task-manager = <WATaskManager: 0x600001724100>, quiet mode 0 _executingTask 0
20:05:56.673 [ 184665] [main-thread   ] [F] LL_A task-manager//task-manager/run-task task-manager = <WATaskManager: 0x600001724100>, quiet mode 0 _executingTask 0
20:05:56.673 [ 184665] [main-thread   ] [F] LL_A task-manager//run-task-in-group task-manager = <WATaskManager: 0x600001724100>, queue=<WATaskQueue: 0x600001254af0>
20:05:56.673 [ 184665] [main-thread   ] [F] LL_A task-manager//task-queue/find-task to be executed task = <WAMessagesByActiveSessionTask: 0x60000124a5a0 [fix-streaming-items]>  queue=<WATaskQueue: 0x600001254af0>
20:05:56.676 [ 184665] [main-thread   ] [F] LL_A task-manager//task/start [<WATaskQueue: 0x600001254af0>]
20:05:56.676 [ 211652] [utility-qos   ] [F] LL_A task-manager//task-queue/run-task on queue task = <WAMessagesByActiveSessionTask: 0x60000124a5a0 [fix-streaming-items]>, queue = <WATaskQueue: 0x600001254af0>
20:05:56.693 [ 184665] [main-thread   ] [F] LL_A storage//save/background/done [ChatDB in 0.00s with no changes from 'NSManagedObjectContext 0x60000023dc70']
20:05:56.694 [ 184665] [main-thread   ] [F] LL_A messages-by-session//by-session [id: fix-streaming-items; count: 0; has-more: 0]
20:05:56.694 [ 184665] [main-thread   ] [F] LL_A task-manager//task-queue/task-completion task = <WAMessagesByActiveSessionTask: 0x60000124a5a0 [fix-streaming-items]>, queue = <WATaskQueue: 0x600001254af0>, should-run-again = 1
20:05:56.695 [ 184665] [main-thread   ] [F] LL_A task-manager//task finished for task-manager = <WATaskManager: 0x600001724100> on queue=<WATaskQueue: 0x600001254af0>
20:05:56.695 [ 184665] [main-thread   ] [F] LL_A task-manager//task-manager/run-task task-manager = <WATaskManager: 0x600001724100>, quiet mode 0 _executingTask 0
20:05:57.565 [ 211650] [memory-us…ging] [F] LL_A app//memory: System [Used 5603MB, Free 88MB] Process [Footprint 172MB (0MB), Available 0MB, Peak 186MB] [cpu/s: 0.026]
20:05:57.741 [ 184665] [main-thread   ] [F] LL_A task-manager//task-manager/run-task task-manager = <WATaskManager: 0x600001724100>, quiet mode 0 _executingTask 0
20:05:57.741 [ 184665] [main-thread   ] [F] LL_A task-manager//run-task-in-group task-manager = <WATaskManager: 0x600001724100>, queue=<WATaskQueue: 0x600001254af0>
20:05:57.741 [ 184665] [main-thread   ] [F] LL_A task-manager//task-queue/find-task to be executed task = <WAMessagesByActiveSessionTask: 0x600001250b60 [orphaned-files]>  queue=<WATaskQueue: 0x600001254af0>
20:05:57.743 [ 184665] [main-thread   ] [F] LL_A task-manager//task/start [<WATaskQueue: 0x600001254af0>]
20:05:57.743 [ 211652] [utility-qos   ] [F] LL_A task-manager//task-queue/run-task on queue task = <WAMessagesByActiveSessionTask: 0x600001250b60 [orphaned-files]>, queue = <WATaskQueue: 0x600001254af0>
20:05:57.753 [ 209909] [NSManaged…fa80] [F] LL_A storage//save/success [KVStore-Tracking.sqlite in 0.00s with no changes]
20:05:57.754 [ 209909] [NSManaged…fa80] [F] LL_A storage//save/success [KVStore-Tracking.sqlite in 0.00s with changes]
20:05:57.755 [ 184665] [main-thread   ] [F] LL_A storage//save/background/done [ChatDB in 0.00s with no changes from 'NSManagedObjectContext 0x60000023dc70']
20:05:57.755 [ 184665] [main-thread   ] [F] LL_A messages-by-session//by-session [id: orphaned-files; count: 40; has-more: 1]
20:05:57.755 [ 184665] [main-thread   ] [F] LL_A task-manager//task-queue/task-completion task = <WAMessagesByActiveSessionTask: 0x600001250b60 [orphaned-files]>, queue = <WATaskQueue: 0x600001254af0>, should-run-again = 1
20:05:57.756 [ 184665] [main-thread   ] [F] LL_A task-manager//task finished for task-manager = <WATaskManager: 0x600001724100> on queue=<WATaskQueue: 0x600001254af0>
20:05:57.756 [ 184665] [main-thread   ] [F] LL_A task-manager//task-manager/run-task task-manager = <WATaskManager: 0x600001724100>, quiet mode 0 _executingTask 0
20:05:58.798 [ 184665] [main-thread   ] [F] LL_A task-manager//task-manager/run-task task-manager = <WATaskManager: 0x600001724100>, quiet mode 0 _executingTask 0
20:05:58.798 [ 184665] [main-thread   ] [F] LL_A task-manager//run-task-in-group task-manager = <WATaskManager: 0x600001724100>, queue=<WATaskQueue: 0x600001254af0>
20:05:58.798 [ 184665] [main-thread   ] [F] LL_A task-manager//task-queue/find-task to be executed task = <WAMessagesByActiveSessionTask: 0x60000124a5a0 [fix-streaming-items]>  queue=<WATaskQueue: 0x600001254af0>
20:05:58.800 [ 184665] [main-thread   ] [F] LL_A task-manager//task/start [<WATaskQueue: 0x600001254af0>]
20:05:58.800 [ 211458] [utility-qos   ] [F] LL_A task-manager//task-queue/run-task on queue task = <WAMessagesByActiveSessionTask: 0x60000124a5a0 [fix-streaming-items]>, queue = <WATaskQueue: 0x600001254af0>
20:05:58.805 [ 184665] [main-thread   ] [F] LL_A storage//save/background/done [ChatDB in 0.00s with no changes from 'NSManagedObjectContext 0x60000023dc70']
20:05:58.805 [ 184665] [main-thread   ] [F] LL_A messages-by-session//by-session [id: fix-streaming-items; count: 0; has-more: 0]
20:05:58.805 [ 184665] [main-thread   ] [F] LL_A task-manager//task-queue/task-completion task = <WAMessagesByActiveSessionTask: 0x60000124a5a0 [fix-streaming-items]>, queue = <WATaskQueue: 0x600001254af0>, should-run-again = 1
20:05:58.806 [ 184665] [main-thread   ] [F] LL_A task-manager//task finished for task-manager = <WATaskManager: 0x600001724100> on queue=<WATaskQueue: 0x600001254af0>
20:05:58.806 [ 184665] [main-thread   ] [F] LL_A task-manager//task-manager/run-task task-manager = <WATaskManager: 0x600001724100>, quiet mode 0 _executingTask 0
20:05:59.849 [ 184665] [main-thread   ] [F] LL_A task-manager//task-manager/run-task task-manager = <WATaskManager: 0x600001724100>, quiet mode 0 _executingTask 0
20:05:59.849 [ 184665] [main-thread   ] [F] LL_A task-manager//run-task-in-group task-manager = <WATaskManager: 0x600001724100>, queue=<WATaskQueue: 0x600001254af0>
20:05:59.849 [ 184665] [main-thread   ] [F] LL_A task-manager//task-queue/find-task to be executed task = <WAMessagesByActiveSessionTask: 0x600001250b60 [orphaned-files]>  queue=<WATaskQueue: 0x600001254af0>
20:05:59.851 [ 184665] [main-thread   ] [F] LL_A task-manager//task/start [<WATaskQueue: 0x600001254af0>]
20:05:59.851 [ 209909] [utility-qos   ] [F] LL_A task-manager//task-queue/run-task on queue task = <WAMessagesByActiveSessionTask: 0x600001250b60 [orphaned-files]>, queue = <WATaskQueue: 0x600001254af0>
20:05:59.860 [ 209909] [NSManaged…fa80] [F] LL_A storage//save/success [KVStore-Tracking.sqlite in 0.00s with no changes]
20:05:59.861 [ 209909] [NSManaged…fa80] [F] LL_A storage//save/success [KVStore-Tracking.sqlite in 0.00s with changes]
20:05:59.861 [ 184665] [main-thread   ] [F] LL_A storage//save/background/done [ChatDB in 0.00s with no changes from 'NSManagedObjectContext 0x60000023dc70']
20:05:59.862 [ 184665] [main-thread   ] [F] LL_A messages-by-session//by-session [id: orphaned-files; count: 40; has-more: 1]
20:05:59.862 [ 184665] [main-thread   ] [F] LL_A task-manager//task-queue/task-completion task = <WAMessagesByActiveSessionTask: 0x600001250b60 [orphaned-files]>, queue = <WATaskQueue: 0x600001254af0>, should-run-again = 1
20:05:59.863 [ 184665] [main-thread   ] [F] LL_A task-manager//task finished for task-manager = <WATaskManager: 0x600001724100> on queue=<WATaskQueue: 0x600001254af0>
20:05:59.863 [ 184665] [main-thread   ] [F] LL_A task-manager//task-manager/run-task task-manager = <WATaskManager: 0x600001724100>, quiet mode 0 _executingTask 0
20:06:00.565 [ 211650] [memory-us…ging] [F] LL_A app//memory: System [Used 5610MB, Free 82MB] Process [Footprint 172MB (0MB), Available 0MB, Peak 186MB] [cpu/s: 0.034]
20:06:00.903 [ 184665] [main-thread   ] [F] LL_A task-manager//task-manager/run-task task-manager = <WATaskManager: 0x600001724100>, quiet mode 0 _executingTask 0
20:06:00.903 [ 184665] [main-thread   ] [F] LL_A task-manager//run-task-in-group task-manager = <WATaskManager: 0x600001724100>, queue=<WATaskQueue: 0x600001254af0>
20:06:00.903 [ 184665] [main-thread   ] [F] LL_A task-manager//task-queue/find-task to be executed task = <WAMessagesByActiveSessionTask: 0x60000124a5a0 [fix-streaming-items]>  queue=<WATaskQueue: 0x600001254af0>
20:06:00.905 [ 184665] [main-thread   ] [F] LL_A task-manager//task/start [<WATaskQueue: 0x600001254af0>]
20:06:00.905 [ 209909] [utility-qos   ] [F] LL_A task-manager//task-queue/run-task on queue task = <WAMessagesByActiveSessionTask: 0x60000124a5a0 [fix-streaming-items]>, queue = <WATaskQueue: 0x600001254af0>
20:06:00.909 [ 184665] [main-thread   ] [F] LL_A storage//save/background/done [ChatDB in 0.00s with no changes from 'NSManagedObjectContext 0x60000023dc70']
20:06:00.910 [ 184665] [main-thread   ] [F] LL_A messages-by-session//by-session [id: fix-streaming-items; count: 0; has-more: 0]
20:06:00.910 [ 184665] [main-thread   ] [F] LL_A task-manager//task-queue/task-completion task = <WAMessagesByActiveSessionTask: 0x60000124a5a0 [fix-streaming-items]>, queue = <WATaskQueue: 0x600001254af0>, should-run-again = 1
20:06:00.911 [ 184665] [main-thread   ] [F] LL_A task-manager//task finished for task-manager = <WATaskManager: 0x600001724100> on queue=<WATaskQueue: 0x600001254af0>
20:06:00.911 [ 184665] [main-thread   ] [F] LL_A task-manager//task-manager/run-task task-manager = <WATaskManager: 0x600001724100>, quiet mode 0 _executingTask 0
20:06:01.957 [ 184665] [main-thread   ] [F] LL_A task-manager//task-manager/run-task task-manager = <WATaskManager: 0x600001724100>, quiet mode 0 _executingTask 0
20:06:01.957 [ 184665] [main-thread   ] [F] LL_A task-manager//run-task-in-group task-manager = <WATaskManager: 0x600001724100>, queue=<WATaskQueue: 0x600001254af0>
20:06:01.957 [ 184665] [main-thread   ] [F] LL_A task-manager//task-queue/find-task to be executed task = <WAMessagesByActiveSessionTask: 0x600001250b60 [orphaned-files]>  queue=<WATaskQueue: 0x600001254af0>
20:06:01.958 [ 184665] [main-thread   ] [F] LL_A task-manager//task/start [<WATaskQueue: 0x600001254af0>]
20:06:01.959 [ 211458] [utility-qos   ] [F] LL_A task-manager//task-queue/run-task on queue task = <WAMessagesByActiveSessionTask: 0x600001250b60 [orphaned-files]>, queue = <WATaskQueue: 0x600001254af0>
20:06:01.966 [ 211458] [NSManaged…fa80] [F] LL_A storage//save/success [KVStore-Tracking.sqlite in 0.00s with no changes]
20:06:01.969 [ 211458] [NSManaged…fa80] [F] LL_A storage//save/success [KVStore-Tracking.sqlite in 0.00s with changes]
20:06:01.969 [ 184665] [main-thread   ] [F] LL_A storage//save/background/done [ChatDB in 0.00s with no changes from 'NSManagedObjectContext 0x60000023dc70']
20:06:01.969 [ 184665] [main-thread   ] [F] LL_A messages-by-session//by-session [id: orphaned-files; count: 40; has-more: 1]
20:06:01.969 [ 184665] [main-thread   ] [F] LL_A task-manager//task-queue/task-completion task = <WAMessagesByActiveSessionTask: 0x600001250b60 [orphaned-files]>, queue = <WATaskQueue: 0x600001254af0>, should-run-again = 1
20:06:01.970 [ 184665] [main-thread   ] [F] LL_A task-manager//task finished for task-manager = <WATaskManager: 0x600001724100> on queue=<WATaskQueue: 0x600001254af0>
20:06:01.970 [ 184665] [main-thread   ] [F] LL_A task-manager//task-manager/run-task task-manager = <WATaskManager: 0x600001724100>, quiet mode 0 _executingTask 0
20:06:03.016 [ 184665] [main-thread   ] [F] LL_A task-manager//task-manager/run-task task-manager = <WATaskManager: 0x600001724100>, quiet mode 0 _executingTask 0
20:06:03.016 [ 184665] [main-thread   ] [F] LL_A task-manager//run-task-in-group task-manager = <WATaskManager: 0x600001724100>, queue=<WATaskQueue: 0x600001254af0>
20:06:03.016 [ 184665] [main-thread   ] [F] LL_A task-manager//task-queue/find-task to be executed task = <WAMessagesByActiveSessionTask: 0x60000124a5a0 [fix-streaming-items]>  queue=<WATaskQueue: 0x600001254af0>
20:06:03.017 [ 184665] [main-thread   ] [F] LL_A task-manager//task/start [<WATaskQueue: 0x600001254af0>]
20:06:03.018 [ 211652] [utility-qos   ] [F] LL_A task-manager//task-queue/run-task on queue task = <WAMessagesByActiveSessionTask: 0x60000124a5a0 [fix-streaming-items]>, queue = <WATaskQueue: 0x600001254af0>
20:06:03.021 [ 184665] [main-thread   ] [F] LL_A storage//save/background/done [ChatDB in 0.00s with no changes from 'NSManagedObjectContext 0x60000023dc70']
20:06:03.021 [ 184665] [main-thread   ] [F] LL_A messages-by-session//by-session [id: fix-streaming-items; count: 0; has-more: 0]
20:06:03.021 [ 184665] [main-thread   ] [F] LL_A task-manager//task-queue/task-completion task = <WAMessagesByActiveSessionTask: 0x60000124a5a0 [fix-streaming-items]>, queue = <WATaskQueue: 0x600001254af0>, should-run-again = 1
20:06:03.022 [ 184665] [main-thread   ] [F] LL_A task-manager//task finished for task-manager = <WATaskManager: 0x600001724100> on queue=<WATaskQueue: 0x600001254af0>
20:06:03.022 [ 184665] [main-thread   ] [F] LL_A task-manager//task-manager/run-task task-manager = <WATaskManager: 0x600001724100>, quiet mode 0 _executingTask 0
20:06:03.565 [ 211652] [memory-us…ging] [F] LL_A app//memory: System [Used 5609MB, Free 83MB] Process [Footprint 172MB (0MB), Available 0MB, Peak 186MB] [cpu/s: 0.026]
20:06:04.070 [ 184665] [main-thread   ] [F] LL_A task-manager//task-manager/run-task task-manager = <WATaskManager: 0x600001724100>, quiet mode 0 _executingTask 0
20:06:04.070 [ 184665] [main-thread   ] [F] LL_A task-manager//run-task-in-group task-manager = <WATaskManager: 0x600001724100>, queue=<WATaskQueue: 0x600001254af0>
20:06:04.070 [ 184665] [main-thread   ] [F] LL_A task-manager//task-queue/find-task to be executed task = <WAMessagesByActiveSessionTask: 0x600001250b60 [orphaned-files]>  queue=<WATaskQueue: 0x600001254af0>
20:06:04.072 [ 184665] [main-thread   ] [F] LL_A task-manager//task/start [<WATaskQueue: 0x600001254af0>]
20:06:04.072 [ 209909] [utility-qos   ] [F] LL_A task-manager//task-queue/run-task on queue task = <WAMessagesByActiveSessionTask: 0x600001250b60 [orphaned-files]>, queue = <WATaskQueue: 0x600001254af0>
20:06:04.085 [ 209909] [NSManaged…dc70] [F] LL_W chatstorage-tasks//orphaned/warning/linking [1; Media/277696059855020@lid/1/8/18c8f089-a915-448d-9217-29ce57df3b1c.thumb -> Media/277696059855020@lid/4/5/45c7ba4c-93d3-42a6-a185-fb26880ca815.thumb; 2026-07-14 14:16:25 +0000]
20:06:04.086 [ 209909] [NSManaged…dc70] [F] LL_W chatstorage-tasks//orphaned/warning/linking [1; Media/277696059855020@lid/4/0/405acb34-498d-4f82-b492-bfd8c379600e.thumb -> Media/277696059855020@lid/d/a/dac5435f-4064-4153-9ae6-31e195fd7989.thumb; 2026-07-14 14:16:25 +0000]
20:06:04.089 [ 209909] [NSManaged…dc70] [F] LL_W chatstorage-tasks//orphaned/warning/linking [1; Media/277696059855020@lid/c/1/c18231f5-5055-4a2c-9f09-e5dbf3544b36.thumb -> Media/277696059855020@lid/f/6/f632669c-7d6a-4ec4-baed-2707d7080254.thumb; 2026-07-14 14:16:25 +0000]
20:06:04.089 [ 209909] [NSManaged…fa80] [F] LL_A storage//save/success [KVStore-Tracking.sqlite in 0.00s with no changes]
20:06:04.091 [ 209909] [NSManaged…fa80] [F] LL_A storage//save/success [KVStore-Tracking.sqlite in 0.00s with changes]
20:06:04.093 [ 184665] [main-thread   ] [F] LL_A storage//save/background/done [ChatDB in 0.00s with changes from 'NSManagedObjectContext 0x60000023dc70']
20:06:04.093 [ 184665] [main-thread   ] [F] LL_A messages-by-session//by-session [id: orphaned-files; count: 40; has-more: 1]
20:06:04.093 [ 184665] [main-thread   ] [F] LL_A task-manager//task-queue/task-completion task = <WAMessagesByActiveSessionTask: 0x600001250b60 [orphaned-files]>, queue = <WATaskQueue: 0x600001254af0>, should-run-again = 1
20:06:04.094 [ 184665] [main-thread   ] [F] LL_A task-manager//task finished for task-manager = <WATaskManager: 0x600001724100> on queue=<WATaskQueue: 0x600001254af0>
20:06:04.094 [ 184665] [main-thread   ] [F] LL_A task-manager//task-manager/run-task task-manager = <WATaskManager: 0x600001724100>, quiet mode 0 _executingTask 0
20:06:05.115 [ 184665] [main-thread   ] [F] LL_A task-manager//task-manager/run-task task-manager = <WATaskManager: 0x600001724100>, quiet mode 0 _executingTask 0
20:06:05.115 [ 184665] [main-thread   ] [F] LL_A task-manager//run-task-in-group task-manager = <WATaskManager: 0x600001724100>, queue=<WATaskQueue: 0x600001254af0>
20:06:05.116 [ 184665] [main-thread   ] [F] LL_A task-manager//task-queue/find-task to be executed task = <WAMessagesByActiveSessionTask: 0x60000124a5a0 [fix-streaming-items]>  queue=<WATaskQueue: 0x600001254af0>
20:06:05.118 [ 184665] [main-thread   ] [F] LL_A task-manager//task/start [<WATaskQueue: 0x600001254af0>]
20:06:05.118 [ 211652] [utility-qos   ] [F] LL_A task-manager//task-queue/run-task on queue task = <WAMessagesByActiveSessionTask: 0x60000124a5a0 [fix-streaming-items]>, queue = <WATaskQueue: 0x600001254af0>
20:06:05.126 [ 184665] [main-thread   ] [F] LL_A storage//save/background/done [ChatDB in 0.00s with no changes from 'NSManagedObjectContext 0x60000023dc70']
20:06:05.126 [ 184665] [main-thread   ] [F] LL_A messages-by-session//by-session [id: fix-streaming-items; count: 0; has-more: 0]
20:06:05.126 [ 184665] [main-thread   ] [F] LL_A task-manager//task-queue/task-completion task = <WAMessagesByActiveSessionTask: 0x60000124a5a0 [fix-streaming-items]>, queue = <WATaskQueue: 0x600001254af0>, should-run-again = 1
20:06:05.127 [ 184665] [main-thread   ] [F] LL_A task-manager//task finished for task-manager = <WATaskManager: 0x600001724100> on queue=<WATaskQueue: 0x600001254af0>
20:06:05.127 [ 184665] [main-thread   ] [F] LL_A task-manager//task-manager/run-task task-manager = <WATaskManager: 0x600001724100>, quiet mode 0 _executingTask 0
20:06:06.128 [ 184665] [main-thread   ] [F] LL_A task-manager//task-manager/run-task task-manager = <WATaskManager: 0x600001724100>, quiet mode 0 _executingTask 0
20:06:06.128 [ 184665] [main-thread   ] [F] LL_A task-manager//run-task-in-group task-manager = <WATaskManager: 0x600001724100>, queue=<WATaskQueue: 0x600001254af0>
20:06:06.128 [ 184665] [main-thread   ] [F] LL_A task-manager//task-queue/find-task to be executed task = <WAMessagesByActiveSessionTask: 0x600001250b60 [orphaned-files]>  queue=<WATaskQueue: 0x600001254af0>
20:06:06.131 [ 184665] [main-thread   ] [F] LL_A task-manager//task/start [<WATaskQueue: 0x600001254af0>]
20:06:06.131 [ 209909] [utility-qos   ] [F] LL_A task-manager//task-queue/run-task on queue task = <WAMessagesByActiveSessionTask: 0x600001250b60 [orphaned-files]>, queue = <WATaskQueue: 0x600001254af0>
20:06:06.141 [ 209909] [NSManaged…dc70] [F] LL_W chatstorage-tasks//orphaned/warning/linking [1; Media/277696059855020@lid/e/c/ec2be8bf-a22b-49fd-b88a-cffb56b9cc7c.thumb -> Media/277696059855020@lid/f/f/ffda79a6-ca87-4e33-a70a-d119ef246061.thumb; 2026-07-14 14:26:45 +0000]
20:06:06.142 [ 209909] [NSManaged…fa80] [F] LL_A storage//save/success [KVStore-Tracking.sqlite in 0.00s with no changes]
20:06:06.144 [ 209909] [NSManaged…fa80] [F] LL_A storage//save/success [KVStore-Tracking.sqlite in 0.00s with changes]
20:06:06.145 [ 184665] [main-thread   ] [F] LL_A storage//save/background/done [ChatDB in 0.00s with changes from 'NSManagedObjectContext 0x60000023dc70']
20:06:06.145 [ 184665] [main-thread   ] [F] LL_A messages-by-session//by-session [id: orphaned-files; count: 40; has-more: 1]
20:06:06.146 [ 184665] [main-thread   ] [F] LL_A task-manager//task-queue/task-completion task = <WAMessagesByActiveSessionTask: 0x600001250b60 [orphaned-files]>, queue = <WATaskQueue: 0x600001254af0>, should-run-again = 1
20:06:06.147 [ 184665] [main-thread   ] [F] LL_A task-manager//task finished for task-manager = <WATaskManager: 0x600001724100> on queue=<WATaskQueue: 0x600001254af0>
20:06:06.147 [ 184665] [main-thread   ] [F] LL_A task-manager//task-manager/run-task task-manager = <WATaskManager: 0x600001724100>, quiet mode 0 _executingTask 0
20:06:06.565 [ 209909] [memory-us…ging] [F] LL_A app//memory: System [Used 5611MB, Free 81MB] Process [Footprint 172MB (0MB), Available 0MB, Peak 186MB] [cpu/s: 0.031]
20:06:07.183 [ 184665] [main-thread   ] [F] LL_A task-manager//task-manager/run-task task-manager = <WATaskManager: 0x600001724100>, quiet mode 0 _executingTask 0
20:06:07.183 [ 184665] [main-thread   ] [F] LL_A task-manager//run-task-in-group task-manager = <WATaskManager: 0x600001724100>, queue=<WATaskQueue: 0x600001254af0>
20:06:07.183 [ 184665] [main-thread   ] [F] LL_A task-manager//task-queue/find-task to be executed task = <WAMessagesByActiveSessionTask: 0x60000124a5a0 [fix-streaming-items]>  queue=<WATaskQueue: 0x600001254af0>
20:06:07.185 [ 184665] [main-thread   ] [F] LL_A task-manager//task/start [<WATaskQueue: 0x600001254af0>]
20:06:07.185 [ 209909] [utility-qos   ] [F] LL_A task-manager//task-queue/run-task on queue task = <WAMessagesByActiveSessionTask: 0x60000124a5a0 [fix-streaming-items]>, queue = <WATaskQueue: 0x600001254af0>
20:06:07.225 [ 184665] [main-thread   ] [F] LL_A storage//save/background/done [ChatDB in 0.00s with no changes from 'NSManagedObjectContext 0x60000023dc70']
20:06:07.226 [ 184665] [main-thread   ] [F] LL_A messages-by-session//by-session [id: fix-streaming-items; count: 0; has-more: 0]
20:06:07.226 [ 184665] [main-thread   ] [F] LL_A task-manager//task-queue/task-completion task = <WAMessagesByActiveSessionTask: 0x60000124a5a0 [fix-streaming-items]>, queue = <WATaskQueue: 0x600001254af0>, should-run-again = 1
20:06:07.226 [ 184665] [main-thread   ] [F] LL_A task-manager//task finished for task-manager = <WATaskManager: 0x600001724100> on queue=<WATaskQueue: 0x600001254af0>
20:06:07.226 [ 184665] [main-thread   ] [F] LL_A task-manager//task-manager/run-task task-manager = <WATaskManager: 0x600001724100>, quiet mode 0 _executingTask 0
20:06:08.232 [ 184665] [main-thread   ] [F] LL_A task-manager//task-manager/run-task task-manager = <WATaskManager: 0x600001724100>, quiet mode 0 _executingTask 0
20:06:08.232 [ 184665] [main-thread   ] [F] LL_A task-manager//run-task-in-group task-manager = <WATaskManager: 0x600001724100>, queue=<WATaskQueue: 0x600001254af0>
20:06:08.232 [ 184665] [main-thread   ] [F] LL_A task-manager//task-queue/find-task to be executed task = <WAMessagesByActiveSessionTask: 0x600001250b60 [orphaned-files]>  queue=<WATaskQueue: 0x600001254af0>
20:06:08.234 [ 184665] [main-thread   ] [F] LL_A task-manager//task/start [<WATaskQueue: 0x600001254af0>]
20:06:08.234 [ 211458] [utility-qos   ] [F] LL_A task-manager//task-queue/run-task on queue task = <WAMessagesByActiveSessionTask: 0x600001250b60 [orphaned-files]>, queue = <WATaskQueue: 0x600001254af0>
20:06:08.243 [ 211458] [NSManaged…fa80] [F] LL_A storage//save/success [KVStore-Tracking.sqlite in 0.00s with no changes]
20:06:08.244 [ 211458] [NSManaged…fa80] [F] LL_A storage//save/success [KVStore-Tracking.sqlite in 0.00s with changes]
20:06:08.245 [ 184665] [main-thread   ] [F] LL_A storage//save/background/done [ChatDB in 0.00s with no changes from 'NSManagedObjectContext 0x60000023dc70']
20:06:08.245 [ 184665] [main-thread   ] [F] LL_A messages-by-session//by-session [id: orphaned-files; count: 40; has-more: 1]
20:06:08.245 [ 184665] [main-thread   ] [F] LL_A task-manager//task-queue/task-completion task = <WAMessagesByActiveSessionTask: 0x600001250b60 [orphaned-files]>, queue = <WATaskQueue: 0x600001254af0>, should-run-again = 1
20:06:08.246 [ 184665] [main-thread   ] [F] LL_A task-manager//task finished for task-manager = <WATaskManager: 0x600001724100> on queue=<WATaskQueue: 0x600001254af0>
20:06:08.246 [ 184665] [main-thread   ] [F] LL_A task-manager//task-manager/run-task task-manager = <WATaskManager: 0x600001724100>, quiet mode 0 _executingTask 0
20:06:09.129 [ 209909] [normal        ] [F] LL_E [WAMSYS] WCCConnectionLifecycleTokenCreate [Line 293] [LogLevel:I] connection/lifecycle_manager/token/acquire [id = 4, requestor = 2, reason = 1, acquire time = 811775169, wcc_source = 2, wcc_reason = 10, token_count = 2]
20:06:09.285 [ 184665] [main-thread   ] [F] LL_A task-manager//task-manager/run-task task-manager = <WATaskManager: 0x600001724100>, quiet mode 0 _executingTask 0
20:06:09.285 [ 184665] [main-thread   ] [F] LL_A task-manager//run-task-in-group task-manager = <WATaskManager: 0x600001724100>, queue=<WATaskQueue: 0x600001254af0>
20:06:09.285 [ 184665] [main-thread   ] [F] LL_A task-manager//task-queue/find-task to be executed task = <WAMessagesByActiveSessionTask: 0x60000124a5a0 [fix-streaming-items]>  queue=<WATaskQueue: 0x600001254af0>
20:06:09.287 [ 184665] [main-thread   ] [F] LL_A task-manager//task/start [<WATaskQueue: 0x600001254af0>]
20:06:09.287 [ 211458] [utility-qos   ] [F] LL_A task-manager//task-queue/run-task on queue task = <WAMessagesByActiveSessionTask: 0x60000124a5a0 [fix-streaming-items]>, queue = <WATaskQueue: 0x600001254af0>
20:06:09.291 [ 184665] [main-thread   ] [F] LL_A storage//save/background/done [ChatDB in 0.00s with no changes from 'NSManagedObjectContext 0x60000023dc70']
20:06:09.292 [ 184665] [main-thread   ] [F] LL_A messages-by-session//by-session [id: fix-streaming-items; count: 0; has-more: 0]
20:06:09.292 [ 184665] [main-thread   ] [F] LL_A task-manager//task-queue/task-completion task = <WAMessagesByActiveSessionTask: 0x60000124a5a0 [fix-streaming-items]>, queue = <WATaskQueue: 0x600001254af0>, should-run-again = 1
20:06:09.293 [ 184665] [main-thread   ] [F] LL_A task-manager//task finished for task-manager = <WATaskManager: 0x600001724100> on queue=<WATaskQueue: 0x600001254af0>
20:06:09.293 [ 184665] [main-thread   ] [F] LL_A task-manager//task-manager/run-task task-manager = <WATaskManager: 0x600001724100>, quiet mode 0 _executingTask 0
20:06:09.565 [ 211650] [memory-us…ging] [F] LL_A app//memory: System [Used 5612MB, Free 81MB] Process [Footprint 172MB (0MB), Available 0MB, Peak 186MB] [cpu/s: 0.029]
20:06:10.337 [ 184665] [main-thread   ] [F] LL_A task-manager//task-manager/run-task task-manager = <WATaskManager: 0x600001724100>, quiet mode 0 _executingTask 0
20:06:10.337 [ 184665] [main-thread   ] [F] LL_A task-manager//run-task-in-group task-manager = <WATaskManager: 0x600001724100>, queue=<WATaskQueue: 0x600001254af0>
20:06:10.337 [ 184665] [main-thread   ] [F] LL_A task-manager//task-queue/find-task to be executed task = <WAMessagesByActiveSessionTask: 0x600001250b60 [orphaned-files]>  queue=<WATaskQueue: 0x600001254af0>
20:06:10.339 [ 184665] [main-thread   ] [F] LL_A task-manager//task/start [<WATaskQueue: 0x600001254af0>]
20:06:10.339 [ 209909] [utility-qos   ] [F] LL_A task-manager//task-queue/run-task on queue task = <WAMessagesByActiveSessionTask: 0x600001250b60 [orphaned-files]>, queue = <WATaskQueue: 0x600001254af0>
20:06:10.348 [ 209909] [NSManaged…fa80] [F] LL_A storage//save/success [KVStore-Tracking.sqlite in 0.00s with no changes]
20:06:10.350 [ 209909] [NSManaged…fa80] [F] LL_A storage//save/success [KVStore-Tracking.sqlite in 0.00s with changes]
20:06:10.350 [ 184665] [main-thread   ] [F] LL_A storage//save/background/done [ChatDB in 0.00s with no changes from 'NSManagedObjectContext 0x60000023dc70']
20:06:10.350 [ 184665] [main-thread   ] [F] LL_A messages-by-session//by-session [id: orphaned-files; count: 40; has-more: 1]
20:06:10.350 [ 184665] [main-thread   ] [F] LL_A task-manager//task-queue/task-completion task = <WAMessagesByActiveSessionTask: 0x600001250b60 [orphaned-files]>, queue = <WATaskQueue: 0x600001254af0>, should-run-again = 1
20:06:10.351 [ 184665] [main-thread   ] [F] LL_A task-manager//task finished for task-manager = <WATaskManager: 0x600001724100> on queue=<WATaskQueue: 0x600001254af0>
20:06:10.351 [ 184665] [main-thread   ] [F] LL_A task-manager//task-manager/run-task task-manager = <WATaskManager: 0x600001724100>, quiet mode 0 _executingTask 0
20:06:10.556 [ 211458] [normal        ] [F] LL_A xmpp//client-to-server-ping/server-time-shift: 0.843 sec
20:06:11.399 [ 184665] [main-thread   ] [F] LL_A task-manager//task-manager/run-task task-manager = <WATaskManager: 0x600001724100>, quiet mode 0 _executingTask 0
20:06:11.399 [ 184665] [main-thread   ] [F] LL_A task-manager//run-task-in-group task-manager = <WATaskManager: 0x600001724100>, queue=<WATaskQueue: 0x600001254af0>
20:06:11.399 [ 184665] [main-thread   ] [F] LL_A task-manager//task-queue/find-task to be executed task = <WAMessagesByActiveSessionTask: 0x60000124a5a0 [fix-streaming-items]>  queue=<WATaskQueue: 0x600001254af0>
20:06:11.401 [ 184665] [main-thread   ] [F] LL_A task-manager//task/start [<WATaskQueue: 0x600001254af0>]
20:06:11.401 [ 209909] [utility-qos   ] [F] LL_A task-manager//task-queue/run-task on queue task = <WAMessagesByActiveSessionTask: 0x60000124a5a0 [fix-streaming-items]>, queue = <WATaskQueue: 0x600001254af0>
20:06:11.415 [ 184665] [main-thread   ] [F] LL_A storage//save/background/done [ChatDB in 0.00s with no changes from 'NSManagedObjectContext 0x60000023dc70']
20:06:11.415 [ 184665] [main-thread   ] [F] LL_A messages-by-session//by-session [id: fix-streaming-items; count: 0; has-more: 0]
20:06:11.415 [ 184665] [main-thread   ] [F] LL_A task-manager//task-queue/task-completion task = <WAMessagesByActiveSessionTask: 0x60000124a5a0 [fix-streaming-items]>, queue = <WATaskQueue: 0x600001254af0>, should-run-again = 1
20:06:11.416 [ 184665] [main-thread   ] [F] LL_A task-manager//task finished for task-manager = <WATaskManager: 0x600001724100> on queue=<WATaskQueue: 0x600001254af0>
20:06:11.416 [ 184665] [main-thread   ] [F] LL_A task-manager//task-manager/run-task task-manager = <WATaskManager: 0x600001724100>, quiet mode 0 _executingTask 0
20:06:12.142 [ 209909] [addressbook   ] [F] LL_A syncmanager//usync/scheduled-full/check c:[(null)] d:[2026-09-22 15:14:14 +0000] dm:[2026-09-22 15:14:14 +0000] sl:[(null)] b:[2026-09-22 15:14:14 +0000] s:[2026-09-22 15:14:14 +0000]
20:06:12.142 [ 209909] [addressbook   ] [F] LL_A syncmanager//usync/scheduled-full/run/background
20:06:12.144 [ 209909] [addressbook   ] [F] LL_A syncmanager//usync/unisync/begin
20:06:12.144 [ 209909] [addressbook   ] [F] LL_A syncmanager//usync/prepare-list/Full items=[0] deleted=[0]
20:06:12.156 [ 209909] [addressbook   ] [F] LL_A syncmanager//usync/prepare-sidelist/Full items=[62]
20:06:12.158 [ 209909] [addressbook   ] [F] LL_A syncmanager//usync/contacts/backoff is nil or before now:[nil]
20:06:12.158 [ 209909] [addressbook   ] [F] LL_A syncmanager//usync/contacts/nextScheduledFullSyncDate is:[(null)]
20:06:12.158 [ 209909] [addressbook   ] [F] LL_A syncmanager//usync/contacts/isCompanionDevice
20:06:12.158 [ 209909] [addressbook   ] [F] LL_A syncmanager//usync/contacts/isContactSyncEnabled:[NO]
20:06:12.158 [ 209909] [addressbook   ] [F] LL_A syncmanager//usync/unisync/nc/allowMutation: 1, mode: 3, orion_usync_allow_mutation_attribute:1 
20:06:12.171 [ 209909] [addressbook   ] [F] LL_A syncmanager//usync/unisync/start/Background/Full list=[0] sidelist=[62]
20:06:12.172 [ 209909] [addressbook   ] [F] LL_A sync-session//usync/request/start/ cl:n dl:n dm:n pl:n sl:n st:n bz:n lid:n un=[n] ts:n cl=[0] sl=[0]
20:06:12.172 [ 211458] [normal        ] [F] LL_E sync-session//usync/request/all protocols off
20:06:12.172 [ 184665] [main-thread   ] [F] LL_A syncmanager//usync/unisync/finished time=[0.000]
20:06:12.172 [ 209909] [addressbook   ] [F] LL_A syncmanager//usync/usync/skipped/already in progress
20:06:12.174 [ 184665] [main-thread   ] [F] LL_A chat-mgr//syncmanager/usync/delegate/sync-finished result=[Success] reason=[None] deleletedContacts=[0]
20:06:12.174 [ 209909] [addressbook   ] [F] LL_A chat-mgr//refresh-chats/started
20:06:12.174 [ 209909] [addressbook   ] [F] LL_A chat-mgr//refresh-chats/finished time=[0.000]
20:06:12.181 [ 209909] [NSManaged…dc70] [F] LL_W chatsession/missing-contact-identifier
20:06:12.206 [ 184665] [main-thread   ] [F] LL_A storage//save/background/done [ChatDB in 0.00s with no changes from 'NSManagedObjectContext 0x60000023dc70']
20:06:12.206 [ 184665] [main-thread   ] [F] LL_A chat-mgr//refresh-chats/merged-changes
20:06:12.463 [ 184665] [main-thread   ] [F] LL_A task-manager//task-manager/run-task task-manager = <WATaskManager: 0x600001724100>, quiet mode 0 _executingTask 0
20:06:12.464 [ 184665] [main-thread   ] [F] LL_A task-manager//run-task-in-group task-manager = <WATaskManager: 0x600001724100>, queue=<WATaskQueue: 0x600001254af0>
20:06:12.464 [ 184665] [main-thread   ] [F] LL_A task-manager//task-queue/find-task to be executed task = <WAMessagesByActiveSessionTask: 0x600001250b60 [orphaned-files]>  queue=<WATaskQueue: 0x600001254af0>
20:06:12.466 [ 184665] [main-thread   ] [F] LL_A task-manager//task/start [<WATaskQueue: 0x600001254af0>]
20:06:12.466 [ 209909] [utility-qos   ] [F] LL_A task-manager//task-queue/run-task on queue task = <WAMessagesByActiveSessionTask: 0x600001250b60 [orphaned-files]>, queue = <WATaskQueue: 0x600001254af0>
20:06:12.473 [ 211458] [NSManaged…fa80] [F] LL_A storage//save/success [KVStore-Tracking.sqlite in 0.00s with no changes]
20:06:12.475 [ 211458] [NSManaged…fa80] [F] LL_A storage//save/success [KVStore-Tracking.sqlite in 0.00s with changes]
20:06:12.475 [ 184665] [main-thread   ] [F] LL_A storage//save/background/done [ChatDB in 0.00s with no changes from 'NSManagedObjectContext 0x60000023dc70']
20:06:12.475 [ 184665] [main-thread   ] [F] LL_A messages-by-session//by-session [id: orphaned-files; count: 40; has-more: 1]
20:06:12.475 [ 184665] [main-thread   ] [F] LL_A task-manager//task-queue/task-completion task = <WAMessagesByActiveSessionTask: 0x600001250b60 [orphaned-files]>, queue = <WATaskQueue: 0x600001254af0>, should-run-again = 1
20:06:12.477 [ 184665] [main-thread   ] [F] LL_A task-manager//task finished for task-manager = <WATaskManager: 0x600001724100> on queue=<WATaskQueue: 0x600001254af0>
20:06:12.477 [ 184665] [main-thread   ] [F] LL_A task-manager//task-manager/run-task task-manager = <WATaskManager: 0x600001724100>, quiet mode 0 _executingTask 0
20:06:12.565 [ 211458] [memory-us…ging] [F] LL_A app//memory: System [Used 5598MB, Free 92MB] Process [Footprint 173MB (+0MB), Available 0MB, Peak 186MB] [cpu/s: 0.057]
20:06:13.516 [ 184665] [main-thread   ] [F] LL_A task-manager//task-manager/run-task task-manager = <WATaskManager: 0x600001724100>, quiet mode 0 _executingTask 0
20:06:13.516 [ 184665] [main-thread   ] [F] LL_A task-manager//run-task-in-group task-manager = <WATaskManager: 0x600001724100>, queue=<WATaskQueue: 0x600001254af0>
20:06:13.516 [ 184665] [main-thread   ] [F] LL_A task-manager//task-queue/find-task to be executed task = <WAMessagesByActiveSessionTask: 0x60000124a5a0 [fix-streaming-items]>  queue=<WATaskQueue: 0x600001254af0>
20:06:13.518 [ 184665] [main-thread   ] [F] LL_A task-manager//task/start [<WATaskQueue: 0x600001254af0>]
20:06:13.518 [ 211652] [utility-qos   ] [F] LL_A task-manager//task-queue/run-task on queue task = <WAMessagesByActiveSessionTask: 0x60000124a5a0 [fix-streaming-items]>, queue = <WATaskQueue: 0x600001254af0>
20:06:13.523 [ 184665] [main-thread   ] [F] LL_A storage//save/background/done [ChatDB in 0.00s with no changes from 'NSManagedObjectContext 0x60000023dc70']
20:06:13.523 [ 184665] [main-thread   ] [F] LL_A messages-by-session//by-session [id: fix-streaming-items; count: 0; has-more: 0]
20:06:13.523 [ 184665] [main-thread   ] [F] LL_A task-manager//task-queue/task-completion task = <WAMessagesByActiveSessionTask: 0x60000124a5a0 [fix-streaming-items]>, queue = <WATaskQueue: 0x600001254af0>, should-run-again = 1
20:06:13.525 [ 184665] [main-thread   ] [F] LL_A task-manager//task finished for task-manager = <WATaskManager: 0x600001724100> on queue=<WATaskQueue: 0x600001254af0>
20:06:13.525 [ 184665] [main-thread   ] [F] LL_A task-manager//task-manager/run-task task-manager = <WATaskManager: 0x600001724100>, quiet mode 0 _executingTask 0
20:06:14.565 [ 184665] [main-thread   ] [F] LL_A task-manager//task-manager/run-task task-manager = <WATaskManager: 0x600001724100>, quiet mode 0 _executingTask 0
20:06:14.565 [ 184665] [main-thread   ] [F] LL_A task-manager//run-task-in-group task-manager = <WATaskManager: 0x600001724100>, queue=<WATaskQueue: 0x600001254af0>
20:06:14.565 [ 184665] [main-thread   ] [F] LL_A task-manager//task-queue/find-task to be executed task = <WAMessagesByActiveSessionTask: 0x600001250b60 [orphaned-files]>  queue=<WATaskQueue: 0x600001254af0>
20:06:14.567 [ 184665] [main-thread   ] [F] LL_A task-manager//task/start [<WATaskQueue: 0x600001254af0>]
20:06:14.567 [ 211652] [utility-qos   ] [F] LL_A task-manager//task-queue/run-task on queue task = <WAMessagesByActiveSessionTask: 0x600001250b60 [orphaned-files]>, queue = <WATaskQueue: 0x600001254af0>
20:06:14.576 [ 211652] [NSManaged…fa80] [F] LL_A storage//save/success [KVStore-Tracking.sqlite in 0.00s with no changes]
20:06:14.577 [ 211652] [NSManaged…fa80] [F] LL_A storage//save/success [KVStore-Tracking.sqlite in 0.00s with changes]
20:06:14.578 [ 184665] [main-thread   ] [F] LL_A storage//save/background/done [ChatDB in 0.00s with no changes from 'NSManagedObjectContext 0x60000023dc70']
20:06:14.578 [ 184665] [main-thread   ] [F] LL_A messages-by-session//by-session [id: orphaned-files; count: 40; has-more: 1]
20:06:14.578 [ 184665] [main-thread   ] [F] LL_A task-manager//task-queue/task-completion task = <WAMessagesByActiveSessionTask: 0x600001250b60 [orphaned-files]>, queue = <WATaskQueue: 0x600001254af0>, should-run-again = 1
20:06:14.579 [ 184665] [main-thread   ] [F] LL_A task-manager//task finished for task-manager = <WATaskManager: 0x600001724100> on queue=<WATaskQueue: 0x600001254af0>
20:06:14.579 [ 184665] [main-thread   ] [F] LL_A task-manager//task-manager/run-task task-manager = <WATaskManager: 0x600001724100>, quiet mode 0 _executingTask 0
20:06:15.564 [ 211652] [memory-us…ging] [F] LL_A app//memory: System [Used 5601MB, Free 92MB] Process [Footprint 172MB (-0MB), Available 0MB, Peak 186MB] [cpu/s: 0.025]
20:06:15.626 [ 184665] [main-thread   ] [F] LL_A task-manager//task-manager/run-task task-manager = <WATaskManager: 0x600001724100>, quiet mode 0 _executingTask 0
20:06:15.627 [ 184665] [main-thread   ] [F] LL_A task-manager//run-task-in-group task-manager = <WATaskManager: 0x600001724100>, queue=<WATaskQueue: 0x600001254af0>
20:06:15.627 [ 184665] [main-thread   ] [F] LL_A task-manager//task-queue/find-task to be executed task = <WAMessagesByActiveSessionTask: 0x60000124a5a0 [fix-streaming-items]>  queue=<WATaskQueue: 0x600001254af0>
20:06:15.629 [ 184665] [main-thread   ] [F] LL_A task-manager//task/start [<WATaskQueue: 0x600001254af0>]
20:06:15.629 [ 209909] [utility-qos   ] [F] LL_A task-manager//task-queue/run-task on queue task = <WAMessagesByActiveSessionTask: 0x60000124a5a0 [fix-streaming-items]>, queue = <WATaskQueue: 0x600001254af0>
20:06:15.643 [ 184665] [main-thread   ] [F] LL_A storage//save/background/done [ChatDB in 0.00s with no changes from 'NSManagedObjectContext 0x60000023dc70']
20:06:15.644 [ 184665] [main-thread   ] [F] LL_A messages-by-session//by-session [id: fix-streaming-items; count: 0; has-more: 0]
20:06:15.644 [ 184665] [main-thread   ] [F] LL_A task-manager//task-queue/task-completion task = <WAMessagesByActiveSessionTask: 0x60000124a5a0 [fix-streaming-items]>, queue = <WATaskQueue: 0x600001254af0>, should-run-again = 1
20:06:15.644 [ 184665] [main-thread   ] [F] LL_A task-manager//task finished for task-manager = <WATaskManager: 0x600001724100> on queue=<WATaskQueue: 0x600001254af0>
20:06:15.644 [ 184665] [main-thread   ] [F] LL_A task-manager//task-manager/run-task task-manager = <WATaskManager: 0x600001724100>, quiet mode 0 _executingTask 0
20:06:16.665 [ 184665] [main-thread   ] [F] LL_A task-manager//task-manager/run-task task-manager = <WATaskManager: 0x600001724100>, quiet mode 0 _executingTask 0
20:06:16.665 [ 184665] [main-thread   ] [F] LL_A task-manager//run-task-in-group task-manager = <WATaskManager: 0x600001724100>, queue=<WATaskQueue: 0x600001254af0>
20:06:16.665 [ 184665] [main-thread   ] [F] LL_A task-manager//task-queue/find-task to be executed task = <WAMessagesByActiveSessionTask: 0x600001250b60 [orphaned-files]>  queue=<WATaskQueue: 0x600001254af0>
20:06:16.667 [ 184665] [main-thread   ] [F] LL_A task-manager//task/start [<WATaskQueue: 0x600001254af0>]
20:06:16.667 [ 211652] [utility-qos   ] [F] LL_A task-manager//task-queue/run-task on queue task = <WAMessagesByActiveSessionTask: 0x600001250b60 [orphaned-files]>, queue = <WATaskQueue: 0x600001254af0>
20:06:16.676 [ 211652] [NSManaged…fa80] [F] LL_A storage//save/success [KVStore-Tracking.sqlite in 0.00s with no changes]
20:06:16.677 [ 211652] [NSManaged…fa80] [F] LL_A storage//save/success [KVStore-Tracking.sqlite in 0.00s with changes]
20:06:16.678 [ 184665] [main-thread   ] [F] LL_A storage//save/background/done [ChatDB in 0.00s with no changes from 'NSManagedObjectContext 0x60000023dc70']
20:06:16.678 [ 184665] [main-thread   ] [F] LL_A messages-by-session//by-session [id: orphaned-files; count: 40; has-more: 1]
20:06:16.678 [ 184665] [main-thread   ] [F] LL_A task-manager//task-queue/task-completion task = <WAMessagesByActiveSessionTask: 0x600001250b60 [orphaned-files]>, queue = <WATaskQueue: 0x600001254af0>, should-run-again = 1
20:06:16.679 [ 184665] [main-thread   ] [F] LL_A task-manager//task finished for task-manager = <WATaskManager: 0x600001724100> on queue=<WATaskQueue: 0x600001254af0>
20:06:16.679 [ 184665] [main-thread   ] [F] LL_A task-manager//task-manager/run-task task-manager = <WATaskManager: 0x600001724100>, quiet mode 0 _executingTask 0
20:06:17.682 [ 184665] [main-thread   ] [F] LL_A task-manager//task-manager/run-task task-manager = <WATaskManager: 0x600001724100>, quiet mode 0 _executingTask 0
20:06:17.682 [ 184665] [main-thread   ] [F] LL_A task-manager//run-task-in-group task-manager = <WATaskManager: 0x600001724100>, queue=<WATaskQueue: 0x600001254af0>
20:06:17.682 [ 184665] [main-thread   ] [F] LL_A task-manager//task-queue/find-task to be executed task = <WAMessagesByActiveSessionTask: 0x60000124a5a0 [fix-streaming-items]>  queue=<WATaskQueue: 0x600001254af0>
20:06:17.684 [ 184665] [main-thread   ] [F] LL_A task-manager//task/start [<WATaskQueue: 0x600001254af0>]
20:06:17.684 [ 209909] [utility-qos   ] [F] LL_A task-manager//task-queue/run-task on queue task = <WAMessagesByActiveSessionTask: 0x60000124a5a0 [fix-streaming-items]>, queue = <WATaskQueue: 0x600001254af0>
20:06:17.688 [ 184665] [main-thread   ] [F] LL_A storage//save/background/done [ChatDB in 0.00s with no changes from 'NSManagedObjectContext 0x60000023dc70']
20:06:17.688 [ 184665] [main-thread   ] [F] LL_A messages-by-session//by-session [id: fix-streaming-items; count: 0; has-more: 0]
20:06:17.688 [ 184665] [main-thread   ] [F] LL_A task-manager//task-queue/task-completion task = <WAMessagesByActiveSessionTask: 0x60000124a5a0 [fix-streaming-items]>, queue = <WATaskQueue: 0x600001254af0>, should-run-again = 1
20:06:17.689 [ 184665] [main-thread   ] [F] LL_A task-manager//task finished for task-manager = <WATaskManager: 0x600001724100> on queue=<WATaskQueue: 0x600001254af0>
20:06:17.689 [ 184665] [main-thread   ] [F] LL_A task-manager//task-manager/run-task task-manager = <WATaskManager: 0x600001724100>, quiet mode 0 _executingTask 0
20:06:18.564 [ 209909] [memory-us…ging] [F] LL_A app//memory: System [Used 5556MB, Free 138MB] Process [Footprint 172MB (0MB), Available 0MB, Peak 186MB] [cpu/s: 0.025]
20:06:18.734 [ 184665] [main-thread   ] [F] LL_A task-manager//task-manager/run-task task-manager = <WATaskManager: 0x600001724100>, quiet mode 0 _executingTask 0
20:06:18.734 [ 184665] [main-thread   ] [F] LL_A task-manager//run-task-in-group task-manager = <WATaskManager: 0x600001724100>, queue=<WATaskQueue: 0x600001254af0>
20:06:18.734 [ 184665] [main-thread   ] [F] LL_A task-manager//task-queue/find-task to be executed task = <WAMessagesByActiveSessionTask: 0x600001250b60 [orphaned-files]>  queue=<WATaskQueue: 0x600001254af0>
20:06:18.737 [ 184665] [main-thread   ] [F] LL_A task-manager//task/start [<WATaskQueue: 0x600001254af0>]
20:06:18.737 [ 211652] [utility-qos   ] [F] LL_A task-manager//task-queue/run-task on queue task = <WAMessagesByActiveSessionTask: 0x600001250b60 [orphaned-files]>, queue = <WATaskQueue: 0x600001254af0>
20:06:18.748 [ 211652] [NSManaged…dc70] [F] LL_W chatstorage-tasks//orphaned/warning/linking [1; Media/277696059855020@lid/2/7/273417c8-8a49-475e-8ae3-bdcebaac58a1.thumb -> Media/277696059855020@lid/e/1/e1669458-676d-4ed5-8462-ee1229899e6a.thumb; 2026-07-15 09:57:24 +0000]
20:06:18.748 [ 211652] [NSManaged…fa80] [F] LL_A storage//save/success [KVStore-Tracking.sqlite in 0.00s with no changes]
20:06:18.750 [ 211652] [NSManaged…fa80] [F] LL_A storage//save/success [KVStore-Tracking.sqlite in 0.00s with changes]
20:06:18.751 [ 184665] [main-thread   ] [F] LL_A storage//save/background/done [ChatDB in 0.00s with changes from 'NSManagedObjectContext 0x60000023dc70']
20:06:18.752 [ 184665] [main-thread   ] [F] LL_A messages-by-session//by-session [id: orphaned-files; count: 40; has-more: 1]
20:06:18.752 [ 184665] [main-thread   ] [F] LL_A task-manager//task-queue/task-completion task = <WAMessagesByActiveSessionTask: 0x600001250b60 [orphaned-files]>, queue = <WATaskQueue: 0x600001254af0>, should-run-again = 1
20:06:18.753 [ 184665] [main-thread   ] [F] LL_A task-manager//task finished for task-manager = <WATaskManager: 0x600001724100> on queue=<WATaskQueue: 0x600001254af0>
20:06:18.753 [ 184665] [main-thread   ] [F] LL_A task-manager//task-manager/run-task task-manager = <WATaskManager: 0x600001724100>, quiet mode 0 _executingTask 0
20:06:19.799 [ 184665] [main-thread   ] [F] LL_A task-manager//task-manager/run-task task-manager = <WATaskManager: 0x600001724100>, quiet mode 0 _executingTask 0
20:06:19.799 [ 184665] [main-thread   ] [F] LL_A task-manager//run-task-in-group task-manager = <WATaskManager: 0x600001724100>, queue=<WATaskQueue: 0x600001254af0>
20:06:19.799 [ 184665] [main-thread   ] [F] LL_A task-manager//task-queue/find-task to be executed task = <WAMessagesByActiveSessionTask: 0x60000124a5a0 [fix-streaming-items]>  queue=<WATaskQueue: 0x600001254af0>
20:06:19.801 [ 184665] [main-thread   ] [F] LL_A task-manager//task/start [<WATaskQueue: 0x600001254af0>]
20:06:19.801 [ 211458] [utility-qos   ] [F] LL_A task-manager//task-queue/run-task on queue task = <WAMessagesByActiveSessionTask: 0x60000124a5a0 [fix-streaming-items]>, queue = <WATaskQueue: 0x600001254af0>
20:06:19.811 [ 184665] [main-thread   ] [F] LL_A storage//save/background/done [ChatDB in 0.00s with no changes from 'NSManagedObjectContext 0x60000023dc70']
20:06:19.811 [ 184665] [main-thread   ] [F] LL_A messages-by-session//by-session [id: fix-streaming-items; count: 0; has-more: 0]
20:06:19.811 [ 184665] [main-thread   ] [F] LL_A task-manager//task-queue/task-completion task = <WAMessagesByActiveSessionTask: 0x60000124a5a0 [fix-streaming-items]>, queue = <WATaskQueue: 0x600001254af0>, should-run-again = 1
20:06:19.812 [ 184665] [main-thread   ] [F] LL_A task-manager//task finished for task-manager = <WATaskManager: 0x600001724100> on queue=<WATaskQueue: 0x600001254af0>
20:06:19.812 [ 184665] [main-thread   ] [F] LL_A task-manager//task-manager/run-task task-manager = <WATaskManager: 0x600001724100>, quiet mode 0 _executingTask 0
20:06:20.858 [ 184665] [main-thread   ] [F] LL_A task-manager//task-manager/run-task task-manager = <WATaskManager: 0x600001724100>, quiet mode 0 _executingTask 0
20:06:20.858 [ 184665] [main-thread   ] [F] LL_A task-manager//run-task-in-group task-manager = <WATaskManager: 0x600001724100>, queue=<WATaskQueue: 0x600001254af0>
20:06:20.858 [ 184665] [main-thread   ] [F] LL_A task-manager//task-queue/find-task to be executed task = <WAMessagesByActiveSessionTask: 0x600001250b60 [orphaned-files]>  queue=<WATaskQueue: 0x600001254af0>
20:06:20.860 [ 184665] [main-thread   ] [F] LL_A task-manager//task/start [<WATaskQueue: 0x600001254af0>]
20:06:20.860 [ 211458] [utility-qos   ] [F] LL_A task-manager//task-queue/run-task on queue task = <WAMessagesByActiveSessionTask: 0x600001250b60 [orphaned-files]>, queue = <WATaskQueue: 0x600001254af0>
20:06:20.868 [ 211650] [NSManaged…fa80] [F] LL_A storage//save/success [KVStore-Tracking.sqlite in 0.00s with no changes]
20:06:20.870 [ 211650] [NSManaged…fa80] [F] LL_A storage//save/success [KVStore-Tracking.sqlite in 0.00s with changes]
20:06:20.870 [ 184665] [main-thread   ] [F] LL_A storage//save/background/done [ChatDB in 0.00s with no changes from 'NSManagedObjectContext 0x60000023dc70']
20:06:20.870 [ 184665] [main-thread   ] [F] LL_A messages-by-session//by-session [id: orphaned-files; count: 40; has-more: 1]
20:06:20.870 [ 184665] [main-thread   ] [F] LL_A task-manager//task-queue/task-completion task = <WAMessagesByActiveSessionTask: 0x600001250b60 [orphaned-files]>, queue = <WATaskQueue: 0x600001254af0>, should-run-again = 1
20:06:20.871 [ 184665] [main-thread   ] [F] LL_A task-manager//task finished for task-manager = <WATaskManager: 0x600001724100> on queue=<WATaskQueue: 0x600001254af0>
20:06:20.871 [ 184665] [main-thread   ] [F] LL_A task-manager//task-manager/run-task task-manager = <WATaskManager: 0x600001724100>, quiet mode 0 _executingTask 0
20:06:21.564 [ 211650] [memory-us…ging] [F] LL_A app//memory: System [Used 5553MB, Free 141MB] Process [Footprint 172MB (-0MB), Available 0MB, Peak 186MB] [cpu/s: 0.029]
20:06:21.919 [ 184665] [main-thread   ] [F] LL_A task-manager//task-manager/run-task task-manager = <WATaskManager: 0x600001724100>, quiet mode 0 _executingTask 0
20:06:21.919 [ 184665] [main-thread   ] [F] LL_A task-manager//run-task-in-group task-manager = <WATaskManager: 0x600001724100>, queue=<WATaskQueue: 0x600001254af0>
20:06:21.919 [ 184665] [main-thread   ] [F] LL_A task-manager//task-queue/find-task to be executed task = <WAMessagesByActiveSessionTask: 0x60000124a5a0 [fix-streaming-items]>  queue=<WATaskQueue: 0x600001254af0>
20:06:21.921 [ 184665] [main-thread   ] [F] LL_A task-manager//task/start [<WATaskQueue: 0x600001254af0>]
20:06:21.921 [ 211652] [utility-qos   ] [F] LL_A task-manager//task-queue/run-task on queue task = <WAMessagesByActiveSessionTask: 0x60000124a5a0 [fix-streaming-items]>, queue = <WATaskQueue: 0x600001254af0>
20:06:21.926 [ 184665] [main-thread   ] [F] LL_A storage//save/background/done [ChatDB in 0.00s with no changes from 'NSManagedObjectContext 0x60000023dc70']
20:06:21.926 [ 184665] [main-thread   ] [F] LL_A messages-by-session//by-session [id: fix-streaming-items; count: 0; has-more: 0]
20:06:21.926 [ 184665] [main-thread   ] [F] LL_A task-manager//task-queue/task-completion task = <WAMessagesByActiveSessionTask: 0x60000124a5a0 [fix-streaming-items]>, queue = <WATaskQueue: 0x600001254af0>, should-run-again = 1
20:06:21.927 [ 184665] [main-thread   ] [F] LL_A task-manager//task finished for task-manager = <WATaskManager: 0x600001724100> on queue=<WATaskQueue: 0x600001254af0>
20:06:21.927 [ 184665] [main-thread   ] [F] LL_A task-manager//task-manager/run-task task-manager = <WATaskManager: 0x600001724100>, quiet mode 0 _executingTask 0
20:06:22.965 [ 184665] [main-thread   ] [F] LL_A task-manager//task-manager/run-task task-manager = <WATaskManager: 0x600001724100>, quiet mode 0 _executingTask 0
20:06:22.965 [ 184665] [main-thread   ] [F] LL_A task-manager//run-task-in-group task-manager = <WATaskManager: 0x600001724100>, queue=<WATaskQueue: 0x600001254af0>
20:06:22.965 [ 184665] [main-thread   ] [F] LL_A task-manager//task-queue/find-task to be executed task = <WAMessagesByActiveSessionTask: 0x600001250b60 [orphaned-files]>  queue=<WATaskQueue: 0x600001254af0>
20:06:22.968 [ 184665] [main-thread   ] [F] LL_A task-manager//task/start [<WATaskQueue: 0x600001254af0>]
20:06:22.968 [ 211650] [utility-qos   ] [F] LL_A task-manager//task-queue/run-task on queue task = <WAMessagesByActiveSessionTask: 0x600001250b60 [orphaned-files]>, queue = <WATaskQueue: 0x600001254af0>
20:06:22.976 [ 211650] [NSManaged…fa80] [F] LL_A storage//save/success [KVStore-Tracking.sqlite in 0.00s with no changes]
20:06:22.978 [ 211650] [NSManaged…fa80] [F] LL_A storage//save/success [KVStore-Tracking.sqlite in 0.00s with changes]
20:06:22.978 [ 184665] [main-thread   ] [F] LL_A storage//save/background/done [ChatDB in 0.00s with no changes from 'NSManagedObjectContext 0x60000023dc70']
20:06:22.978 [ 184665] [main-thread   ] [F] LL_A messages-by-session//by-session [id: orphaned-files; count: 40; has-more: 1]
20:06:22.978 [ 184665] [main-thread   ] [F] LL_A task-manager//task-queue/task-completion task = <WAMessagesByActiveSessionTask: 0x600001250b60 [orphaned-files]>, queue = <WATaskQueue: 0x600001254af0>, should-run-again = 1
20:06:22.979 [ 184665] [main-thread   ] [F] LL_A task-manager//task finished for task-manager = <WATaskManager: 0x600001724100> on queue=<WATaskQueue: 0x600001254af0>
20:06:22.979 [ 184665] [main-thread   ] [F] LL_A task-manager//task-manager/run-task task-manager = <WATaskManager: 0x600001724100>, quiet mode 0 _executingTask 0
20:06:24.018 [ 184665] [main-thread   ] [F] LL_A task-manager//task-manager/run-task task-manager = <WATaskManager: 0x600001724100>, quiet mode 0 _executingTask 0
20:06:24.018 [ 184665] [main-thread   ] [F] LL_A task-manager//run-task-in-group task-manager = <WATaskManager: 0x600001724100>, queue=<WATaskQueue: 0x600001254af0>
20:06:24.018 [ 184665] [main-thread   ] [F] LL_A task-manager//task-queue/find-task to be executed task = <WAMessagesByActiveSessionTask: 0x60000124a5a0 [fix-streaming-items]>  queue=<WATaskQueue: 0x600001254af0>
20:06:24.020 [ 184665] [main-thread   ] [F] LL_A task-manager//task/start [<WATaskQueue: 0x600001254af0>]
20:06:24.021 [ 211652] [utility-qos   ] [F] LL_A task-manager//task-queue/run-task on queue task = <WAMessagesByActiveSessionTask: 0x60000124a5a0 [fix-streaming-items]>, queue = <WATaskQueue: 0x600001254af0>
20:06:24.039 [ 184665] [main-thread   ] [F] LL_A storage//save/background/done [ChatDB in 0.00s with no changes from 'NSManagedObjectContext 0x60000023dc70']
20:06:24.039 [ 184665] [main-thread   ] [F] LL_A messages-by-session//by-session [id: fix-streaming-items; count: 0; has-more: 0]
20:06:24.039 [ 184665] [main-thread   ] [F] LL_A task-manager//task-queue/task-completion task = <WAMessagesByActiveSessionTask: 0x60000124a5a0 [fix-streaming-items]>, queue = <WATaskQueue: 0x600001254af0>, should-run-again = 1
20:06:24.040 [ 184665] [main-thread   ] [F] LL_A task-manager//task finished for task-manager = <WATaskManager: 0x600001724100> on queue=<WATaskQueue: 0x600001254af0>
20:06:24.040 [ 184665] [main-thread   ] [F] LL_A task-manager//task-manager/run-task task-manager = <WATaskManager: 0x600001724100>, quiet mode 0 _executingTask 0
20:06:24.564 [ 211650] [memory-us…ging] [F] LL_A app//memory: System [Used 5557MB, Free 136MB] Process [Footprint 172MB (-0MB), Available 0MB, Peak 186MB] [cpu/s: 0.027]
20:06:25.065 [ 184665] [main-thread   ] [F] LL_A task-manager//task-manager/run-task task-manager = <WATaskManager: 0x600001724100>, quiet mode 0 _executingTask 0
20:06:25.065 [ 184665] [main-thread   ] [F] LL_A task-manager//run-task-in-group task-manager = <WATaskManager: 0x600001724100>, queue=<WATaskQueue: 0x600001254af0>
20:06:25.065 [ 184665] [main-thread   ] [F] LL_A task-manager//task-queue/find-task to be executed task = <WAMessagesByActiveSessionTask: 0x600001250b60 [orphaned-files]>  queue=<WATaskQueue: 0x600001254af0>
20:06:25.067 [ 184665] [main-thread   ] [F] LL_A task-manager//task/start [<WATaskQueue: 0x600001254af0>]
20:06:25.067 [ 211458] [utility-qos   ] [F] LL_A task-manager//task-queue/run-task on queue task = <WAMessagesByActiveSessionTask: 0x600001250b60 [orphaned-files]>, queue = <WATaskQueue: 0x600001254af0>
20:06:25.077 [ 211458] [NSManaged…fa80] [F] LL_A storage//save/success [KVStore-Tracking.sqlite in 0.00s with no changes]
20:06:25.078 [ 211458] [NSManaged…fa80] [F] LL_A storage//save/success [KVStore-Tracking.sqlite in 0.00s with changes]
20:06:25.078 [ 184665] [main-thread   ] [F] LL_A storage//save/background/done [ChatDB in 0.00s with no changes from 'NSManagedObjectContext 0x60000023dc70']
20:06:25.079 [ 184665] [main-thread   ] [F] LL_A messages-by-session//by-session [id: orphaned-files; count: 40; has-more: 1]
20:06:25.079 [ 184665] [main-thread   ] [F] LL_A task-manager//task-queue/task-completion task = <WAMessagesByActiveSessionTask: 0x600001250b60 [orphaned-files]>, queue = <WATaskQueue: 0x600001254af0>, should-run-again = 1
20:06:25.080 [ 184665] [main-thread   ] [F] LL_A task-manager//task finished for task-manager = <WATaskManager: 0x600001724100> on queue=<WATaskQueue: 0x600001254af0>
20:06:25.080 [ 184665] [main-thread   ] [F] LL_A task-manager//task-manager/run-task task-manager = <WATaskManager: 0x600001724100>, quiet mode 0 _executingTask 0
20:06:26.123 [ 184665] [main-thread   ] [F] LL_A task-manager//task-manager/run-task task-manager = <WATaskManager: 0x600001724100>, quiet mode 0 _executingTask 0
20:06:26.123 [ 184665] [main-thread   ] [F] LL_A task-manager//run-task-in-group task-manager = <WATaskManager: 0x600001724100>, queue=<WATaskQueue: 0x600001254af0>
20:06:26.123 [ 184665] [main-thread   ] [F] LL_A task-manager//task-queue/find-task to be executed task = <WAMessagesByActiveSessionTask: 0x60000124a5a0 [fix-streaming-items]>  queue=<WATaskQueue: 0x600001254af0>
20:06:26.125 [ 184665] [main-thread   ] [F] LL_A task-manager//task/start [<WATaskQueue: 0x600001254af0>]
20:06:26.125 [ 209909] [utility-qos   ] [F] LL_A task-manager//task-queue/run-task on queue task = <WAMessagesByActiveSessionTask: 0x60000124a5a0 [fix-streaming-items]>, queue = <WATaskQueue: 0x600001254af0>
20:06:26.128 [ 184665] [main-thread   ] [F] LL_A storage//save/background/done [ChatDB in 0.00s with no changes from 'NSManagedObjectContext 0x60000023dc70']
20:06:26.129 [ 184665] [main-thread   ] [F] LL_A messages-by-session//by-session [id: fix-streaming-items; count: 0; has-more: 0]
20:06:26.129 [ 184665] [main-thread   ] [F] LL_A task-manager//task-queue/task-completion task = <WAMessagesByActiveSessionTask: 0x60000124a5a0 [fix-streaming-items]>, queue = <WATaskQueue: 0x600001254af0>, should-run-again = 1
20:06:26.130 [ 184665] [main-thread   ] [F] LL_A task-manager//task finished for task-manager = <WATaskManager: 0x600001724100> on queue=<WATaskQueue: 0x600001254af0>
20:06:26.130 [ 184665] [main-thread   ] [F] LL_A task-manager//task-manager/run-task task-manager = <WATaskManager: 0x600001724100>, quiet mode 0 _executingTask 0
20:06:27.132 [ 184665] [main-thread   ] [F] LL_A task-manager//task-manager/run-task task-manager = <WATaskManager: 0x600001724100>, quiet mode 0 _executingTask 0
20:06:27.132 [ 184665] [main-thread   ] [F] LL_A task-manager//run-task-in-group task-manager = <WATaskManager: 0x600001724100>, queue=<WATaskQueue: 0x600001254af0>
20:06:27.132 [ 184665] [main-thread   ] [F] LL_A task-manager//task-queue/find-task to be executed task = <WAMessagesByActiveSessionTask: 0x600001250b60 [orphaned-files]>  queue=<WATaskQueue: 0x600001254af0>
20:06:27.134 [ 184665] [main-thread   ] [F] LL_A task-manager//task/start [<WATaskQueue: 0x600001254af0>]
20:06:27.134 [ 209909] [utility-qos   ] [F] LL_A task-manager//task-queue/run-task on queue task = <WAMessagesByActiveSessionTask: 0x600001250b60 [orphaned-files]>, queue = <WATaskQueue: 0x600001254af0>
20:06:27.145 [ 209909] [NSManaged…dc70] [F] LL_W chatstorage-tasks//orphaned/warning/linking [1; Media/277696059855020@lid/2/4/2479779e-8a1e-46c4-a308-40511bb08eb0.thumb -> Media/277696059855020@lid/8/1/81693d63-d16d-4dbb-9559-1468a4e55f37.thumb; 2026-07-19 07:01:08 +0000]
20:06:27.146 [ 209909] [NSManaged…fa80] [F] LL_A storage//save/success [KVStore-Tracking.sqlite in 0.00s with no changes]
20:06:27.148 [ 209909] [NSManaged…fa80] [F] LL_A storage//save/success [KVStore-Tracking.sqlite in 0.00s with changes]
20:06:27.149 [ 184665] [main-thread   ] [F] LL_A storage//save/background/done [ChatDB in 0.00s with changes from 'NSManagedObjectContext 0x60000023dc70']
20:06:27.149 [ 184665] [main-thread   ] [F] LL_A messages-by-session//by-session [id: orphaned-files; count: 40; has-more: 1]
20:06:27.149 [ 184665] [main-thread   ] [F] LL_A task-manager//task-queue/task-completion task = <WAMessagesByActiveSessionTask: 0x600001250b60 [orphaned-files]>, queue = <WATaskQueue: 0x600001254af0>, should-run-again = 1
20:06:27.150 [ 184665] [main-thread   ] [F] LL_A task-manager//task finished for task-manager = <WATaskManager: 0x600001724100> on queue=<WATaskQueue: 0x600001254af0>
20:06:27.150 [ 184665] [main-thread   ] [F] LL_A task-manager//task-manager/run-task task-manager = <WATaskManager: 0x600001724100>, quiet mode 0 _executingTask 0
20:06:27.564 [ 209909] [memory-us…ging] [F] LL_A app//memory: System [Used 5540MB, Free 153MB] Process [Footprint 172MB (-0MB), Available 0MB, Peak 186MB] [cpu/s: 0.030]
20:06:28.198 [ 184665] [main-thread   ] [F] LL_A task-manager//task-manager/run-task task-manager = <WATaskManager: 0x600001724100>, quiet mode 0 _executingTask 0
20:06:28.199 [ 184665] [main-thread   ] [F] LL_A task-manager//run-task-in-group task-manager = <WATaskManager: 0x600001724100>, queue=<WATaskQueue: 0x600001254af0>
20:06:28.199 [ 184665] [main-thread   ] [F] LL_A task-manager//task-queue/find-task to be executed task = <WAMessagesByActiveSessionTask: 0x60000124a5a0 [fix-streaming-items]>  queue=<WATaskQueue: 0x600001254af0>
20:06:28.201 [ 184665] [main-thread   ] [F] LL_A task-manager//task/start [<WATaskQueue: 0x600001254af0>]
20:06:28.201 [ 211458] [utility-qos   ] [F] LL_A task-manager//task-queue/run-task on queue task = <WAMessagesByActiveSessionTask: 0x60000124a5a0 [fix-streaming-items]>, queue = <WATaskQueue: 0x600001254af0>
20:06:28.206 [ 184665] [main-thread   ] [F] LL_A storage//save/background/done [ChatDB in 0.00s with no changes from 'NSManagedObjectContext 0x60000023dc70']
20:06:28.206 [ 184665] [main-thread   ] [F] LL_A messages-by-session//by-session [id: fix-streaming-items; count: 0; has-more: 0]
20:06:28.207 [ 184665] [main-thread   ] [F] LL_A task-manager//task-queue/task-completion task = <WAMessagesByActiveSessionTask: 0x60000124a5a0 [fix-streaming-items]>, queue = <WATaskQueue: 0x600001254af0>, should-run-again = 1
20:06:28.208 [ 184665] [main-thread   ] [F] LL_A task-manager//task finished for task-manager = <WATaskManager: 0x600001724100> on queue=<WATaskQueue: 0x600001254af0>
20:06:28.208 [ 184665] [main-thread   ] [F] LL_A task-manager//task-manager/run-task task-manager = <WATaskManager: 0x600001724100>, quiet mode 0 _executingTask 0
20:06:29.257 [ 184665] [main-thread   ] [F] LL_A task-manager//task-manager/run-task task-manager = <WATaskManager: 0x600001724100>, quiet mode 0 _executingTask 0
20:06:29.257 [ 184665] [main-thread   ] [F] LL_A task-manager//run-task-in-group task-manager = <WATaskManager: 0x600001724100>, queue=<WATaskQueue: 0x600001254af0>
20:06:29.257 [ 184665] [main-thread   ] [F] LL_A task-manager//task-queue/find-task to be executed task = <WAMessagesByActiveSessionTask: 0x600001250b60 [orphaned-files]>  queue=<WATaskQueue: 0x600001254af0>
20:06:29.260 [ 184665] [main-thread   ] [F] LL_A task-manager//task/start [<WATaskQueue: 0x600001254af0>]
20:06:29.260 [ 209909] [utility-qos   ] [F] LL_A task-manager//task-queue/run-task on queue task = <WAMessagesByActiveSessionTask: 0x600001250b60 [orphaned-files]>, queue = <WATaskQueue: 0x600001254af0>
20:06:29.270 [ 209909] [NSManaged…fa80] [F] LL_A storage//save/success [KVStore-Tracking.sqlite in 0.00s with no changes]
20:06:29.272 [ 209909] [NSManaged…fa80] [F] LL_A storage//save/success [KVStore-Tracking.sqlite in 0.00s with changes]
20:06:29.272 [ 184665] [main-thread   ] [F] LL_A storage//save/background/done [ChatDB in 0.00s with no changes from 'NSManagedObjectContext 0x60000023dc70']
20:06:29.272 [ 184665] [main-thread   ] [F] LL_A messages-by-session//by-session [id: orphaned-files; count: 40; has-more: 1]
20:06:29.272 [ 184665] [main-thread   ] [F] LL_A task-manager//task-queue/task-completion task = <WAMessagesByActiveSessionTask: 0x600001250b60 [orphaned-files]>, queue = <WATaskQueue: 0x600001254af0>, should-run-again = 1
20:06:29.273 [ 184665] [main-thread   ] [F] LL_A task-manager//task finished for task-manager = <WATaskManager: 0x600001724100> on queue=<WATaskQueue: 0x600001254af0>
20:06:29.273 [ 184665] [main-thread   ] [F] LL_A task-manager//task-manager/run-task task-manager = <WATaskManager: 0x600001724100>, quiet mode 0 _executingTask 0
20:06:30.298 [ 184665] [main-thread   ] [F] LL_A task-manager//task-manager/run-task task-manager = <WATaskManager: 0x600001724100>, quiet mode 0 _executingTask 0
20:06:30.299 [ 184665] [main-thread   ] [F] LL_A task-manager//run-task-in-group task-manager = <WATaskManager: 0x600001724100>, queue=<WATaskQueue: 0x600001254af0>
20:06:30.299 [ 184665] [main-thread   ] [F] LL_A task-manager//task-queue/find-task to be executed task = <WAMessagesByActiveSessionTask: 0x60000124a5a0 [fix-streaming-items]>  queue=<WATaskQueue: 0x600001254af0>
20:06:30.301 [ 184665] [main-thread   ] [F] LL_A task-manager//task/start [<WATaskQueue: 0x600001254af0>]
20:06:30.301 [ 211650] [utility-qos   ] [F] LL_A task-manager//task-queue/run-task on queue task = <WAMessagesByActiveSessionTask: 0x60000124a5a0 [fix-streaming-items]>, queue = <WATaskQueue: 0x600001254af0>
20:06:30.306 [ 184665] [main-thread   ] [F] LL_A storage//save/background/done [ChatDB in 0.00s with no changes from 'NSManagedObjectContext 0x60000023dc70']
20:06:30.307 [ 184665] [main-thread   ] [F] LL_A messages-by-session//by-session [id: fix-streaming-items; count: 0; has-more: 0]
20:06:30.307 [ 184665] [main-thread   ] [F] LL_A task-manager//task-queue/task-completion task = <WAMessagesByActiveSessionTask: 0x60000124a5a0 [fix-streaming-items]>, queue = <WATaskQueue: 0x600001254af0>, should-run-again = 1
20:06:30.308 [ 184665] [main-thread   ] [F] LL_A task-manager//task finished for task-manager = <WATaskManager: 0x600001724100> on queue=<WATaskQueue: 0x600001254af0>
20:06:30.308 [ 184665] [main-thread   ] [F] LL_A task-manager//task-manager/run-task task-manager = <WATaskManager: 0x600001724100>, quiet mode 0 _executingTask 0
20:06:30.556 [ 211652] [normal        ] [F] LL_N stream//idle
20:06:30.556 [ 211652] [normal        ] [F] LL_A ccq/connection/cancel-stanza-processing/skip-resources-released
20:06:30.563 [ 209909] [memory-us…ging] [F] LL_A app//memory: System [Used 5538MB, Free 156MB] Process [Footprint 172MB (-0MB), Available 0MB, Peak 186MB] [cpu/s: 0.029]
20:06:31.315 [ 184665] [main-thread   ] [F] LL_A task-manager//task-manager/run-task task-manager = <WATaskManager: 0x600001724100>, quiet mode 0 _executingTask 0
20:06:31.315 [ 184665] [main-thread   ] [F] LL_A task-manager//run-task-in-group task-manager = <WATaskManager: 0x600001724100>, queue=<WATaskQueue: 0x600001254af0>
20:06:31.315 [ 184665] [main-thread   ] [F] LL_A task-manager//task-queue/find-task to be executed task = <WAMessagesByActiveSessionTask: 0x600001250b60 [orphaned-files]>  queue=<WATaskQueue: 0x600001254af0>
20:06:31.318 [ 184665] [main-thread   ] [F] LL_A task-manager//task/start [<WATaskQueue: 0x600001254af0>]
20:06:31.318 [ 209909] [utility-qos   ] [F] LL_A task-manager//task-queue/run-task on queue task = <WAMessagesByActiveSessionTask: 0x600001250b60 [orphaned-files]>, queue = <WATaskQueue: 0x600001254af0>
20:06:31.329 [ 209909] [NSManaged…dc70] [F] LL_W chatstorage-tasks//orphaned/warning/linking [1; Media/277696059855020@lid/2/2/22192ec8-9926-4343-b1e7-b3b9dea64f9a.thumb -> Media/277696059855020@lid/b/d/bdf41a2a-6410-4672-b791-a8d99c9b8104.thumb; 2026-07-25 12:49:19 +0000]
20:06:31.330 [ 209909] [NSManaged…fa80] [F] LL_A storage//save/success [KVStore-Tracking.sqlite in 0.00s with no changes]
20:06:31.331 [ 209909] [NSManaged…fa80] [F] LL_A storage//save/success [KVStore-Tracking.sqlite in 0.00s with changes]
20:06:31.333 [ 184665] [main-thread   ] [F] LL_A storage//save/background/done [ChatDB in 0.00s with changes from 'NSManagedObjectContext 0x60000023dc70']
20:06:31.333 [ 184665] [main-thread   ] [F] LL_A messages-by-session//by-session [id: orphaned-files; count: 40; has-more: 1]
20:06:31.333 [ 184665] [main-thread   ] [F] LL_A task-manager//task-queue/task-completion task = <WAMessagesByActiveSessionTask: 0x600001250b60 [orphaned-files]>, queue = <WATaskQueue: 0x600001254af0>, should-run-again = 1
20:06:31.334 [ 184665] [main-thread   ] [F] LL_A task-manager//task finished for task-manager = <WATaskManager: 0x600001724100> on queue=<WATaskQueue: 0x600001254af0>
20:06:31.334 [ 184665] [main-thread   ] [F] LL_A task-manager//task-manager/run-task task-manager = <WATaskManager: 0x600001724100>, quiet mode 0 _executingTask 0
20:06:32.382 [ 184665] [main-thread   ] [F] LL_A task-manager//task-manager/run-task task-manager = <WATaskManager: 0x600001724100>, quiet mode 0 _executingTask 0
20:06:32.383 [ 184665] [main-thread   ] [F] LL_A task-manager//run-task-in-group task-manager = <WATaskManager: 0x600001724100>, queue=<WATaskQueue: 0x600001254af0>
20:06:32.383 [ 184665] [main-thread   ] [F] LL_A task-manager//task-queue/find-task to be executed task = <WAMessagesByActiveSessionTask: 0x60000124a5a0 [fix-streaming-items]>  queue=<WATaskQueue: 0x600001254af0>
20:06:32.385 [ 184665] [main-thread   ] [F] LL_A task-manager//task/start [<WATaskQueue: 0x600001254af0>]
20:06:32.385 [ 209909] [utility-qos   ] [F] LL_A task-manager//task-queue/run-task on queue task = <WAMessagesByActiveSessionTask: 0x60000124a5a0 [fix-streaming-items]>, queue = <WATaskQueue: 0x600001254af0>
20:06:32.390 [ 184665] [main-thread   ] [F] LL_A storage//save/background/done [ChatDB in 0.00s with no changes from 'NSManagedObjectContext 0x60000023dc70']
20:06:32.390 [ 184665] [main-thread   ] [F] LL_A messages-by-session//by-session [id: fix-streaming-items; count: 0; has-more: 0]
20:06:32.391 [ 184665] [main-thread   ] [F] LL_A task-manager//task-queue/task-completion task = <WAMessagesByActiveSessionTask: 0x60000124a5a0 [fix-streaming-items]>, queue = <WATaskQueue: 0x600001254af0>, should-run-again = 1
20:06:32.391 [ 184665] [main-thread   ] [F] LL_A task-manager//task finished for task-manager = <WATaskManager: 0x600001724100> on queue=<WATaskQueue: 0x600001254af0>
20:06:32.392 [ 184665] [main-thread   ] [F] LL_A task-manager//task-manager/run-task task-manager = <WATaskManager: 0x600001724100>, quiet mode 0 _executingTask 0
20:06:33.440 [ 184665] [main-thread   ] [F] LL_A task-manager//task-manager/run-task task-manager = <WATaskManager: 0x600001724100>, quiet mode 0 _executingTask 0
20:06:33.440 [ 184665] [main-thread   ] [F] LL_A task-manager//run-task-in-group task-manager = <WATaskManager: 0x600001724100>, queue=<WATaskQueue: 0x600001254af0>
20:06:33.440 [ 184665] [main-thread   ] [F] LL_A task-manager//task-queue/find-task to be executed task = <WAMessagesByActiveSessionTask: 0x600001250b60 [orphaned-files]>  queue=<WATaskQueue: 0x600001254af0>
20:06:33.442 [ 184665] [main-thread   ] [F] LL_A task-manager//task/start [<WATaskQueue: 0x600001254af0>]
20:06:33.443 [ 211652] [utility-qos   ] [F] LL_A task-manager//task-queue/run-task on queue task = <WAMessagesByActiveSessionTask: 0x600001250b60 [orphaned-files]>, queue = <WATaskQueue: 0x600001254af0>
20:06:33.451 [ 211652] [NSManaged…fa80] [F] LL_A storage//save/success [KVStore-Tracking.sqlite in 0.00s with no changes]
20:06:33.453 [ 211652] [NSManaged…fa80] [F] LL_A storage//save/success [KVStore-Tracking.sqlite in 0.00s with changes]
20:06:33.453 [ 184665] [main-thread   ] [F] LL_A storage//save/background/done [ChatDB in 0.00s with no changes from 'NSManagedObjectContext 0x60000023dc70']
20:06:33.453 [ 184665] [main-thread   ] [F] LL_A messages-by-session//by-session [id: orphaned-files; count: 40; has-more: 1]
20:06:33.453 [ 184665] [main-thread   ] [F] LL_A task-manager//task-queue/task-completion task = <WAMessagesByActiveSessionTask: 0x600001250b60 [orphaned-files]>, queue = <WATaskQueue: 0x600001254af0>, should-run-again = 1
20:06:33.454 [ 184665] [main-thread   ] [F] LL_A task-manager//task finished for task-manager = <WATaskManager: 0x600001724100> on queue=<WATaskQueue: 0x600001254af0>
20:06:33.454 [ 184665] [main-thread   ] [F] LL_A task-manager//task-manager/run-task task-manager = <WATaskManager: 0x600001724100>, quiet mode 0 _executingTask 0
20:06:33.564 [ 211652] [memory-us…ging] [F] LL_A app//memory: System [Used 5538MB, Free 158MB] Process [Footprint 172MB (0MB), Available 0MB, Peak 186MB] [cpu/s: 0.028]
20:06:34.499 [ 184665] [main-thread   ] [F] LL_A task-manager//task-manager/run-task task-manager = <WATaskManager: 0x600001724100>, quiet mode 0 _executingTask 0
20:06:34.499 [ 184665] [main-thread   ] [F] LL_A task-manager//run-task-in-group task-manager = <WATaskManager: 0x600001724100>, queue=<WATaskQueue: 0x600001254af0>
20:06:34.499 [ 184665] [main-thread   ] [F] LL_A task-manager//task-queue/find-task to be executed task = <WAMessagesByActiveSessionTask: 0x60000124a5a0 [fix-streaming-items]>  queue=<WATaskQueue: 0x600001254af0>
20:06:34.501 [ 184665] [main-thread   ] [F] LL_A task-manager//task/start [<WATaskQueue: 0x600001254af0>]
20:06:34.501 [ 211652] [utility-qos   ] [F] LL_A task-manager//task-queue/run-task on queue task = <WAMessagesByActiveSessionTask: 0x60000124a5a0 [fix-streaming-items]>, queue = <WATaskQueue: 0x600001254af0>
20:06:34.505 [ 184665] [main-thread   ] [F] LL_A storage//save/background/done [ChatDB in 0.00s with no changes from 'NSManagedObjectContext 0x60000023dc70']
20:06:34.505 [ 184665] [main-thread   ] [F] LL_A messages-by-session//by-session [id: fix-streaming-items; count: 0; has-more: 0]
20:06:34.505 [ 184665] [main-thread   ] [F] LL_A task-manager//task-queue/task-completion task = <WAMessagesByActiveSessionTask: 0x60000124a5a0 [fix-streaming-items]>, queue = <WATaskQueue: 0x600001254af0>, should-run-again = 1
20:06:34.507 [ 184665] [main-thread   ] [F] LL_A task-manager//task finished for task-manager = <WATaskManager: 0x600001724100> on queue=<WATaskQueue: 0x600001254af0>
20:06:34.507 [ 184665] [main-thread   ] [F] LL_A task-manager//task-manager/run-task task-manager = <WATaskManager: 0x600001724100>, quiet mode 0 _executingTask 0
20:06:35.549 [ 184665] [main-thread   ] [F] LL_A task-manager//task-manager/run-task task-manager = <WATaskManager: 0x600001724100>, quiet mode 0 _executingTask 0
20:06:35.549 [ 184665] [main-thread   ] [F] LL_A task-manager//run-task-in-group task-manager = <WATaskManager: 0x600001724100>, queue=<WATaskQueue: 0x600001254af0>
20:06:35.549 [ 184665] [main-thread   ] [F] LL_A task-manager//task-queue/find-task to be executed task = <WAMessagesByActiveSessionTask: 0x600001250b60 [orphaned-files]>  queue=<WATaskQueue: 0x600001254af0>
20:06:35.551 [ 184665] [main-thread   ] [F] LL_A task-manager//task/start [<WATaskQueue: 0x600001254af0>]
20:06:35.552 [ 211650] [utility-qos   ] [F] LL_A task-manager//task-queue/run-task on queue task = <WAMessagesByActiveSessionTask: 0x600001250b60 [orphaned-files]>, queue = <WATaskQueue: 0x600001254af0>
20:06:35.561 [ 211650] [NSManaged…fa80] [F] LL_A storage//save/success [KVStore-Tracking.sqlite in 0.00s with no changes]
20:06:35.563 [ 211650] [NSManaged…fa80] [F] LL_A storage//save/success [KVStore-Tracking.sqlite in 0.00s with changes]
20:06:35.563 [ 184665] [main-thread   ] [F] LL_A storage//save/background/done [ChatDB in 0.00s with no changes from 'NSManagedObjectContext 0x60000023dc70']
20:06:35.563 [ 184665] [main-thread   ] [F] LL_A messages-by-session//by-session [id: orphaned-files; count: 40; has-more: 1]
20:06:35.563 [ 184665] [main-thread   ] [F] LL_A task-manager//task-queue/task-completion task = <WAMessagesByActiveSessionTask: 0x600001250b60 [orphaned-files]>, queue = <WATaskQueue: 0x600001254af0>, should-run-again = 1
20:06:35.564 [ 184665] [main-thread   ] [F] LL_A task-manager//task finished for task-manager = <WATaskManager: 0x600001724100> on queue=<WATaskQueue: 0x600001254af0>
20:06:35.564 [ 184665] [main-thread   ] [F] LL_A task-manager//task-manager/run-task task-manager = <WATaskManager: 0x600001724100>, quiet mode 0 _executingTask 0
20:06:36.563 [ 211650] [memory-us…ging] [F] LL_A app//memory: System [Used 5533MB, Free 163MB] Process [Footprint 172MB (0MB), Available 0MB, Peak 186MB] [cpu/s: 0.022]
20:06:36.612 [ 184665] [main-thread   ] [F] LL_A task-manager//task-manager/run-task task-manager = <WATaskManager: 0x600001724100>, quiet mode 0 _executingTask 0
20:06:36.613 [ 184665] [main-thread   ] [F] LL_A task-manager//run-task-in-group task-manager = <WATaskManager: 0x600001724100>, queue=<WATaskQueue: 0x600001254af0>
20:06:36.613 [ 184665] [main-thread   ] [F] LL_A task-manager//task-queue/find-task to be executed task = <WAMessagesByActiveSessionTask: 0x60000124a5a0 [fix-streaming-items]>  queue=<WATaskQueue: 0x600001254af0>
20:06:36.615 [ 184665] [main-thread   ] [F] LL_A task-manager//task/start [<WATaskQueue: 0x600001254af0>]
20:06:36.615 [ 211652] [utility-qos   ] [F] LL_A task-manager//task-queue/run-task on queue task = <WAMessagesByActiveSessionTask: 0x60000124a5a0 [fix-streaming-items]>, queue = <WATaskQueue: 0x600001254af0>
20:06:36.627 [ 184665] [main-thread   ] [F] LL_A storage//save/background/done [ChatDB in 0.00s with no changes from 'NSManagedObjectContext 0x60000023dc70']
20:06:36.627 [ 184665] [main-thread   ] [F] LL_A messages-by-session//by-session [id: fix-streaming-items; count: 0; has-more: 0]
20:06:36.627 [ 184665] [main-thread   ] [F] LL_A task-manager//task-queue/task-completion task = <WAMessagesByActiveSessionTask: 0x60000124a5a0 [fix-streaming-items]>, queue = <WATaskQueue: 0x600001254af0>, should-run-again = 1
20:06:36.628 [ 184665] [main-thread   ] [F] LL_A task-manager//task finished for task-manager = <WATaskManager: 0x600001724100> on queue=<WATaskQueue: 0x600001254af0>
20:06:36.628 [ 184665] [main-thread   ] [F] LL_A task-manager//task-manager/run-task task-manager = <WATaskManager: 0x600001724100>, quiet mode 0 _executingTask 0
20:06:37.665 [ 184665] [main-thread   ] [F] LL_A task-manager//task-manager/run-task task-manager = <WATaskManager: 0x600001724100>, quiet mode 0 _executingTask 0
20:06:37.665 [ 184665] [main-thread   ] [F] LL_A task-manager//run-task-in-group task-manager = <WATaskManager: 0x600001724100>, queue=<WATaskQueue: 0x600001254af0>
20:06:37.665 [ 184665] [main-thread   ] [F] LL_A task-manager//task-queue/find-task to be executed task = <WAMessagesByActiveSessionTask: 0x600001250b60 [orphaned-files]>  queue=<WATaskQueue: 0x600001254af0>
20:06:37.668 [ 184665] [main-thread   ] [F] LL_A task-manager//task/start [<WATaskQueue: 0x600001254af0>]
20:06:37.668 [ 211458] [utility-qos   ] [F] LL_A task-manager//task-queue/run-task on queue task = <WAMessagesByActiveSessionTask: 0x600001250b60 [orphaned-files]>, queue = <WATaskQueue: 0x600001254af0>
20:06:37.677 [ 211458] [NSManaged…fa80] [F] LL_A storage//save/success [KVStore-Tracking.sqlite in 0.00s with no changes]
20:06:37.678 [ 211458] [NSManaged…fa80] [F] LL_A storage//save/success [KVStore-Tracking.sqlite in 0.00s with changes]
20:06:37.679 [ 184665] [main-thread   ] [F] LL_A storage//save/background/done [ChatDB in 0.00s with no changes from 'NSManagedObjectContext 0x60000023dc70']
20:06:37.679 [ 184665] [main-thread   ] [F] LL_A messages-by-session//by-session [id: orphaned-files; count: 40; has-more: 1]
20:06:37.679 [ 184665] [main-thread   ] [F] LL_A task-manager//task-queue/task-completion task = <WAMessagesByActiveSessionTask: 0x600001250b60 [orphaned-files]>, queue = <WATaskQueue: 0x600001254af0>, should-run-again = 1
20:06:37.680 [ 184665] [main-thread   ] [F] LL_A task-manager//task finished for task-manager = <WATaskManager: 0x600001724100> on queue=<WATaskQueue: 0x600001254af0>
20:06:37.680 [ 184665] [main-thread   ] [F] LL_A task-manager//task-manager/run-task task-manager = <WATaskManager: 0x600001724100>, quiet mode 0 _executingTask 0
20:06:38.725 [ 184665] [main-thread   ] [F] LL_A task-manager//task-manager/run-task task-manager = <WATaskManager: 0x600001724100>, quiet mode 0 _executingTask 0
20:06:38.725 [ 184665] [main-thread   ] [F] LL_A task-manager//run-task-in-group task-manager = <WATaskManager: 0x600001724100>, queue=<WATaskQueue: 0x600001254af0>
20:06:38.725 [ 184665] [main-thread   ] [F] LL_A task-manager//task-queue/find-task to be executed task = <WAMessagesByActiveSessionTask: 0x60000124a5a0 [fix-streaming-items]>  queue=<WATaskQueue: 0x600001254af0>
20:06:38.728 [ 184665] [main-thread   ] [F] LL_A task-manager//task/start [<WATaskQueue: 0x600001254af0>]
20:06:38.728 [ 209909] [utility-qos   ] [F] LL_A task-manager//task-queue/run-task on queue task = <WAMessagesByActiveSessionTask: 0x60000124a5a0 [fix-streaming-items]>, queue = <WATaskQueue: 0x600001254af0>
20:06:38.732 [ 184665] [main-thread   ] [F] LL_A storage//save/background/done [ChatDB in 0.00s with no changes from 'NSManagedObjectContext 0x60000023dc70']
20:06:38.733 [ 184665] [main-thread   ] [F] LL_A messages-by-session//by-session [id: fix-streaming-items; count: 0; has-more: 0]
20:06:38.733 [ 184665] [main-thread   ] [F] LL_A task-manager//task-queue/task-completion task = <WAMessagesByActiveSessionTask: 0x60000124a5a0 [fix-streaming-items]>, queue = <WATaskQueue: 0x600001254af0>, should-run-again = 1
20:06:38.734 [ 184665] [main-thread   ] [F] LL_A task-manager//task finished for task-manager = <WATaskManager: 0x600001724100> on queue=<WATaskQueue: 0x600001254af0>
20:06:38.734 [ 184665] [main-thread   ] [F] LL_A task-manager//task-manager/run-task task-manager = <WATaskManager: 0x600001724100>, quiet mode 0 _executingTask 0
20:06:39.563 [ 209909] [memory-us…ging] [F] LL_A app//memory: System [Used 5541MB, Free 153MB] Process [Footprint 172MB (0MB), Available 0MB, Peak 186MB] [cpu/s: 0.026]
20:06:39.783 [ 184665] [main-thread   ] [F] LL_A task-manager//task-manager/run-task task-manager = <WATaskManager: 0x600001724100>, quiet mode 0 _executingTask 0
20:06:39.783 [ 184665] [main-thread   ] [F] LL_A task-manager//run-task-in-group task-manager = <WATaskManager: 0x600001724100>, queue=<WATaskQueue: 0x600001254af0>
20:06:39.783 [ 184665] [main-thread   ] [F] LL_A task-manager//task-queue/find-task to be executed task = <WAMessagesByActiveSessionTask: 0x600001250b60 [orphaned-files]>  queue=<WATaskQueue: 0x600001254af0>
20:06:39.785 [ 184665] [main-thread   ] [F] LL_A task-manager//task/start [<WATaskQueue: 0x600001254af0>]
20:06:39.785 [ 211652] [utility-qos   ] [F] LL_A task-manager//task-queue/run-task on queue task = <WAMessagesByActiveSessionTask: 0x600001250b60 [orphaned-files]>, queue = <WATaskQueue: 0x600001254af0>
20:06:39.796 [ 211652] [NSManaged…dc70] [F] LL_W chatstorage-tasks//orphaned/warning/linking [1; Media/277696059855020@lid/2/9/2914a5a7-e41c-46fc-abf5-6965ea1bd837.thumb -> Media/277696059855020@lid/5/8/58cc033d-a245-4b89-925a-9965dcac12b7.thumb; 2026-08-08 06:43:12 +0000]
20:06:39.798 [ 211652] [NSManaged…dc70] [F] LL_W chatstorage-tasks//orphaned/warning/linking [1; Media/277696059855020@lid/2/3/23a30c62-462d-4504-81fc-aa8da0a56102.thumb -> Media/277696059855020@lid/d/a/dac97247-8afe-4ea7-927e-48d04ec895fa.thumb; 2026-08-08 09:48:33 +0000]
20:06:39.798 [ 211652] [NSManaged…fa80] [F] LL_A storage//save/success [KVStore-Tracking.sqlite in 0.00s with no changes]
20:06:39.800 [ 211652] [NSManaged…fa80] [F] LL_A storage//save/success [KVStore-Tracking.sqlite in 0.00s with changes]
20:06:39.802 [ 184665] [main-thread   ] [F] LL_A storage//save/background/done [ChatDB in 0.00s with changes from 'NSManagedObjectContext 0x60000023dc70']
20:06:39.802 [ 184665] [main-thread   ] [F] LL_A messages-by-session//by-session [id: orphaned-files; count: 40; has-more: 1]
20:06:39.802 [ 184665] [main-thread   ] [F] LL_A task-manager//task-queue/task-completion task = <WAMessagesByActiveSessionTask: 0x600001250b60 [orphaned-files]>, queue = <WATaskQueue: 0x600001254af0>, should-run-again = 1
20:06:39.803 [ 184665] [main-thread   ] [F] LL_A task-manager//task finished for task-manager = <WATaskManager: 0x600001724100> on queue=<WATaskQueue: 0x600001254af0>
20:06:39.803 [ 184665] [main-thread   ] [F] LL_A task-manager//task-manager/run-task task-manager = <WATaskManager: 0x600001724100>, quiet mode 0 _executingTask 0
20:06:40.849 [ 184665] [main-thread   ] [F] LL_A task-manager//task-manager/run-task task-manager = <WATaskManager: 0x600001724100>, quiet mode 0 _executingTask 0
20:06:40.849 [ 184665] [main-thread   ] [F] LL_A task-manager//run-task-in-group task-manager = <WATaskManager: 0x600001724100>, queue=<WATaskQueue: 0x600001254af0>
20:06:40.849 [ 184665] [main-thread   ] [F] LL_A task-manager//task-queue/find-task to be executed task = <WAMessagesByActiveSessionTask: 0x60000124a5a0 [fix-streaming-items]>  queue=<WATaskQueue: 0x600001254af0>
20:06:40.851 [ 184665] [main-thread   ] [F] LL_A task-manager//task/start [<WATaskQueue: 0x600001254af0>]
20:06:40.851 [ 209909] [utility-qos   ] [F] LL_A task-manager//task-queue/run-task on queue task = <WAMessagesByActiveSessionTask: 0x60000124a5a0 [fix-streaming-items]>, queue = <WATaskQueue: 0x600001254af0>
20:06:40.855 [ 184665] [main-thread   ] [F] LL_A storage//save/background/done [ChatDB in 0.00s with no changes from 'NSManagedObjectContext 0x60000023dc70']
20:06:40.856 [ 184665] [main-thread   ] [F] LL_A messages-by-session//by-session [id: fix-streaming-items; count: 0; has-more: 0]
20:06:40.856 [ 184665] [main-thread   ] [F] LL_A task-manager//task-queue/task-completion task = <WAMessagesByActiveSessionTask: 0x60000124a5a0 [fix-streaming-items]>, queue = <WATaskQueue: 0x600001254af0>, should-run-again = 1
20:06:40.857 [ 184665] [main-thread   ] [F] LL_A task-manager//task finished for task-manager = <WATaskManager: 0x600001724100> on queue=<WATaskQueue: 0x600001254af0>
20:06:40.857 [ 184665] [main-thread   ] [F] LL_A task-manager//task-manager/run-task task-manager = <WATaskManager: 0x600001724100>, quiet mode 0 _executingTask 0
20:06:41.898 [ 184665] [main-thread   ] [F] LL_A task-manager//task-manager/run-task task-manager = <WATaskManager: 0x600001724100>, quiet mode 0 _executingTask 0
20:06:41.899 [ 184665] [main-thread   ] [F] LL_A task-manager//run-task-in-group task-manager = <WATaskManager: 0x600001724100>, queue=<WATaskQueue: 0x600001254af0>
20:06:41.899 [ 184665] [main-thread   ] [F] LL_A task-manager//task-queue/find-task to be executed task = <WAMessagesByActiveSessionTask: 0x600001250b60 [orphaned-files]>  queue=<WATaskQueue: 0x600001254af0>
20:06:41.901 [ 184665] [main-thread   ] [F] LL_A task-manager//task/start [<WATaskQueue: 0x600001254af0>]
20:06:41.901 [ 211650] [utility-qos   ] [F] LL_A task-manager//task-queue/run-task on queue task = <WAMessagesByActiveSessionTask: 0x600001250b60 [orphaned-files]>, queue = <WATaskQueue: 0x600001254af0>
20:06:41.909 [ 211650] [NSManaged…fa80] [F] LL_A storage//save/success [KVStore-Tracking.sqlite in 0.00s with no changes]
20:06:41.911 [ 211650] [NSManaged…fa80] [F] LL_A storage//save/success [KVStore-Tracking.sqlite in 0.00s with changes]
20:06:41.911 [ 184665] [main-thread   ] [F] LL_A storage//save/background/done [ChatDB in 0.00s with no changes from 'NSManagedObjectContext 0x60000023dc70']
20:06:41.911 [ 184665] [main-thread   ] [F] LL_A messages-by-session//by-session [id: orphaned-files; count: 40; has-more: 1]
20:06:41.911 [ 184665] [main-thread   ] [F] LL_A task-manager//task-queue/task-completion task = <WAMessagesByActiveSessionTask: 0x600001250b60 [orphaned-files]>, queue = <WATaskQueue: 0x600001254af0>, should-run-again = 1
20:06:41.912 [ 184665] [main-thread   ] [F] LL_A task-manager//task finished for task-manager = <WATaskManager: 0x600001724100> on queue=<WATaskQueue: 0x600001254af0>
20:06:41.912 [ 184665] [main-thread   ] [F] LL_A task-manager//task-manager/run-task task-manager = <WATaskManager: 0x600001724100>, quiet mode 0 _executingTask 0
20:06:42.563 [ 209909] [memory-us…ging] [F] LL_A app//memory: System [Used 5556MB, Free 140MB] Process [Footprint 172MB (0MB), Available 0MB, Peak 186MB] [cpu/s: 0.029]
20:06:42.958 [ 184665] [main-thread   ] [F] LL_A task-manager//task-manager/run-task task-manager = <WATaskManager: 0x600001724100>, quiet mode 0 _executingTask 0
20:06:42.958 [ 184665] [main-thread   ] [F] LL_A task-manager//run-task-in-group task-manager = <WATaskManager: 0x600001724100>, queue=<WATaskQueue: 0x600001254af0>
20:06:42.958 [ 184665] [main-thread   ] [F] LL_A task-manager//task-queue/find-task to be executed task = <WAMessagesByActiveSessionTask: 0x60000124a5a0 [fix-streaming-items]>  queue=<WATaskQueue: 0x600001254af0>
20:06:42.960 [ 184665] [main-thread   ] [F] LL_A task-manager//task/start [<WATaskQueue: 0x600001254af0>]
20:06:42.960 [ 209909] [utility-qos   ] [F] LL_A task-manager//task-queue/run-task on queue task = <WAMessagesByActiveSessionTask: 0x60000124a5a0 [fix-streaming-items]>, queue = <WATaskQueue: 0x600001254af0>
20:06:42.965 [ 184665] [main-thread   ] [F] LL_A storage//save/background/done [ChatDB in 0.00s with no changes from 'NSManagedObjectContext 0x60000023dc70']
20:06:42.965 [ 184665] [main-thread   ] [F] LL_A messages-by-session//by-session [id: fix-streaming-items; count: 0; has-more: 0]
20:06:42.965 [ 184665] [main-thread   ] [F] LL_A task-manager//task-queue/task-completion task = <WAMessagesByActiveSessionTask: 0x60000124a5a0 [fix-streaming-items]>, queue = <WATaskQueue: 0x600001254af0>, should-run-again = 1
20:06:42.967 [ 184665] [main-thread   ] [F] LL_A task-manager//task finished for task-manager = <WATaskManager: 0x600001724100> on queue=<WATaskQueue: 0x600001254af0>
20:06:42.967 [ 184665] [main-thread   ] [F] LL_A task-manager//task-manager/run-task task-manager = <WATaskManager: 0x600001724100>, quiet mode 0 _executingTask 0
20:06:44.015 [ 184665] [main-thread   ] [F] LL_A task-manager//task-manager/run-task task-manager = <WATaskManager: 0x600001724100>, quiet mode 0 _executingTask 0
20:06:44.015 [ 184665] [main-thread   ] [F] LL_A task-manager//run-task-in-group task-manager = <WATaskManager: 0x600001724100>, queue=<WATaskQueue: 0x600001254af0>
20:06:44.015 [ 184665] [main-thread   ] [F] LL_A task-manager//task-queue/find-task to be executed task = <WAMessagesByActiveSessionTask: 0x600001250b60 [orphaned-files]>  queue=<WATaskQueue: 0x600001254af0>
20:06:44.017 [ 184665] [main-thread   ] [F] LL_A task-manager//task/start [<WATaskQueue: 0x600001254af0>]
20:06:44.018 [ 211458] [utility-qos   ] [F] LL_A task-manager//task-queue/run-task on queue task = <WAMessagesByActiveSessionTask: 0x600001250b60 [orphaned-files]>, queue = <WATaskQueue: 0x600001254af0>
20:06:44.027 [ 211458] [NSManaged…fa80] [F] LL_A storage//save/success [KVStore-Tracking.sqlite in 0.00s with no changes]
20:06:44.028 [ 211458] [NSManaged…fa80] [F] LL_A storage//save/success [KVStore-Tracking.sqlite in 0.00s with changes]
20:06:44.028 [ 184665] [main-thread   ] [F] LL_A storage//save/background/done [ChatDB in 0.00s with no changes from 'NSManagedObjectContext 0x60000023dc70']
20:06:44.029 [ 184665] [main-thread   ] [F] LL_A messages-by-session//by-session [id: orphaned-files; count: 40; has-more: 1]
20:06:44.029 [ 184665] [main-thread   ] [F] LL_A task-manager//task-queue/task-completion task = <WAMessagesByActiveSessionTask: 0x600001250b60 [orphaned-files]>, queue = <WATaskQueue: 0x600001254af0>, should-run-again = 1
20:06:44.030 [ 184665] [main-thread   ] [F] LL_A task-manager//task finished for task-manager = <WATaskManager: 0x600001724100> on queue=<WATaskQueue: 0x600001254af0>
20:06:44.030 [ 184665] [main-thread   ] [F] LL_A task-manager//task-manager/run-task task-manager = <WATaskManager: 0x600001724100>, quiet mode 0 _executingTask 0
20:06:45.066 [ 184665] [main-thread   ] [F] LL_A task-manager//task-manager/run-task task-manager = <WATaskManager: 0x600001724100>, quiet mode 0 _executingTask 0
20:06:45.066 [ 184665] [main-thread   ] [F] LL_A task-manager//run-task-in-group task-manager = <WATaskManager: 0x600001724100>, queue=<WATaskQueue: 0x600001254af0>
20:06:45.066 [ 184665] [main-thread   ] [F] LL_A task-manager//task-queue/find-task to be executed task = <WAMessagesByActiveSessionTask: 0x60000124a5a0 [fix-streaming-items]>  queue=<WATaskQueue: 0x600001254af0>
20:06:45.068 [ 184665] [main-thread   ] [F] LL_A task-manager//task/start [<WATaskQueue: 0x600001254af0>]
20:06:45.068 [ 211652] [utility-qos   ] [F] LL_A task-manager//task-queue/run-task on queue task = <WAMessagesByActiveSessionTask: 0x60000124a5a0 [fix-streaming-items]>, queue = <WATaskQueue: 0x600001254af0>
20:06:45.072 [ 184665] [main-thread   ] [F] LL_A storage//save/background/done [ChatDB in 0.00s with no changes from 'NSManagedObjectContext 0x60000023dc70']
20:06:45.073 [ 184665] [main-thread   ] [F] LL_A messages-by-session//by-session [id: fix-streaming-items; count: 0; has-more: 0]
20:06:45.073 [ 184665] [main-thread   ] [F] LL_A task-manager//task-queue/task-completion task = <WAMessagesByActiveSessionTask: 0x60000124a5a0 [fix-streaming-items]>, queue = <WATaskQueue: 0x600001254af0>, should-run-again = 1
20:06:45.074 [ 184665] [main-thread   ] [F] LL_A task-manager//task finished for task-manager = <WATaskManager: 0x600001724100> on queue=<WATaskQueue: 0x600001254af0>
20:06:45.074 [ 184665] [main-thread   ] [F] LL_A task-manager//task-manager/run-task task-manager = <WATaskManager: 0x600001724100>, quiet mode 0 _executingTask 0
20:06:45.563 [ 211652] [memory-us…ging] [F] LL_A app//memory: System [Used 5575MB, Free 120MB] Process [Footprint 172MB (0MB), Available 0MB, Peak 186MB] [cpu/s: 0.026]
20:06:46.116 [ 184665] [main-thread   ] [F] LL_A task-manager//task-manager/run-task task-manager = <WATaskManager: 0x600001724100>, quiet mode 0 _executingTask 0
20:06:46.116 [ 184665] [main-thread   ] [F] LL_A task-manager//run-task-in-group task-manager = <WATaskManager: 0x600001724100>, queue=<WATaskQueue: 0x600001254af0>
20:06:46.116 [ 184665] [main-thread   ] [F] LL_A task-manager//task-queue/find-task to be executed task = <WAMessagesByActiveSessionTask: 0x600001250b60 [orphaned-files]>  queue=<WATaskQueue: 0x600001254af0>
20:06:46.119 [ 184665] [main-thread   ] [F] LL_A task-manager//task/start [<WATaskQueue: 0x600001254af0>]
20:06:46.119 [ 211458] [utility-qos   ] [F] LL_A task-manager//task-queue/run-task on queue task = <WAMessagesByActiveSessionTask: 0x600001250b60 [orphaned-files]>, queue = <WATaskQueue: 0x600001254af0>
20:06:46.132 [ 211458] [NSManaged…dc70] [F] LL_W chatstorage-tasks//orphaned/warning/linking [1; Media/277696059855020@lid/5/d/5d22602e-3eab-40f5-8d27-0583f1886fea.thumb -> Media/277696059855020@lid/8/5/85f98957-53ea-4ee4-bc83-64b5f5aaa775.thumb; 2026-08-16 02:03:28 +0000]
20:06:46.132 [ 211458] [NSManaged…fa80] [F] LL_A storage//save/success [KVStore-Tracking.sqlite in 0.00s with no changes]
20:06:46.134 [ 211458] [NSManaged…fa80] [F] LL_A storage//save/success [KVStore-Tracking.sqlite in 0.00s with changes]
20:06:46.135 [ 184665] [main-thread   ] [F] LL_A storage//save/background/done [ChatDB in 0.00s with changes from 'NSManagedObjectContext 0x60000023dc70']
20:06:46.136 [ 184665] [main-thread   ] [F] LL_A messages-by-session//by-session [id: orphaned-files; count: 40; has-more: 1]
20:06:46.136 [ 184665] [main-thread   ] [F] LL_A task-manager//task-queue/task-completion task = <WAMessagesByActiveSessionTask: 0x600001250b60 [orphaned-files]>, queue = <WATaskQueue: 0x600001254af0>, should-run-again = 1
20:06:46.137 [ 184665] [main-thread   ] [F] LL_A task-manager//task finished for task-manager = <WATaskManager: 0x600001724100> on queue=<WATaskQueue: 0x600001254af0>
20:06:46.137 [ 184665] [main-thread   ] [F] LL_A task-manager//task-manager/run-task task-manager = <WATaskManager: 0x600001724100>, quiet mode 0 _executingTask 0
20:06:47.182 [ 184665] [main-thread   ] [F] LL_A task-manager//task-manager/run-task task-manager = <WATaskManager: 0x600001724100>, quiet mode 0 _executingTask 0
20:06:47.182 [ 184665] [main-thread   ] [F] LL_A task-manager//run-task-in-group task-manager = <WATaskManager: 0x600001724100>, queue=<WATaskQueue: 0x600001254af0>
20:06:47.182 [ 184665] [main-thread   ] [F] LL_A task-manager//task-queue/find-task to be executed task = <WAMessagesByActiveSessionTask: 0x60000124a5a0 [fix-streaming-items]>  queue=<WATaskQueue: 0x600001254af0>
20:06:47.184 [ 184665] [main-thread   ] [F] LL_A task-manager//task/start [<WATaskQueue: 0x600001254af0>]
20:06:47.184 [ 211650] [utility-qos   ] [F] LL_A task-manager//task-queue/run-task on queue task = <WAMessagesByActiveSessionTask: 0x60000124a5a0 [fix-streaming-items]>, queue = <WATaskQueue: 0x600001254af0>
20:06:47.188 [ 184665] [main-thread   ] [F] LL_A storage//save/background/done [ChatDB in 0.00s with no changes from 'NSManagedObjectContext 0x60000023dc70']
20:06:47.188 [ 184665] [main-thread   ] [F] LL_A messages-by-session//by-session [id: fix-streaming-items; count: 0; has-more: 0]
20:06:47.188 [ 184665] [main-thread   ] [F] LL_A task-manager//task-queue/task-completion task = <WAMessagesByActiveSessionTask: 0x60000124a5a0 [fix-streaming-items]>, queue = <WATaskQueue: 0x600001254af0>, should-run-again = 1
20:06:47.189 [ 184665] [main-thread   ] [F] LL_A task-manager//task finished for task-manager = <WATaskManager: 0x600001724100> on queue=<WATaskQueue: 0x600001254af0>
20:06:47.189 [ 184665] [main-thread   ] [F] LL_A task-manager//task-manager/run-task task-manager = <WATaskManager: 0x600001724100>, quiet mode 0 _executingTask 0
20:06:48.232 [ 184665] [main-thread   ] [F] LL_A task-manager//task-manager/run-task task-manager = <WATaskManager: 0x600001724100>, quiet mode 0 _executingTask 0
20:06:48.232 [ 184665] [main-thread   ] [F] LL_A task-manager//run-task-in-group task-manager = <WATaskManager: 0x600001724100>, queue=<WATaskQueue: 0x600001254af0>
20:06:48.232 [ 184665] [main-thread   ] [F] LL_A task-manager//task-queue/find-task to be executed task = <WAMessagesByActiveSessionTask: 0x600001250b60 [orphaned-files]>  queue=<WATaskQueue: 0x600001254af0>
20:06:48.234 [ 184665] [main-thread   ] [F] LL_A task-manager//task/start [<WATaskQueue: 0x600001254af0>]
20:06:48.234 [ 211650] [utility-qos   ] [F] LL_A task-manager//task-queue/run-task on queue task = <WAMessagesByActiveSessionTask: 0x600001250b60 [orphaned-files]>, queue = <WATaskQueue: 0x600001254af0>
20:06:48.247 [ 211650] [NSManaged…dc70] [F] LL_W chatstorage-tasks//orphaned/warning/linking [1; Media/277696059855020@lid/6/5/65c76db3-d14e-465f-8899-57273f856470.opus -> Media/277696059855020@lid/6/0/60ec2849-07ad-4948-9f90-918bfde21d5c.opus; 2026-08-22 06:48:01 +0000]
20:06:48.248 [ 211650] [NSManaged…dc70] [F] LL_W chatstorage-tasks//orphaned/warning/linking [1; Media/277696059855020@lid/b/2/b2c787e6-8514-45e8-8649-5c53cc0d6d56.webp -> Media/277696059855020@lid/b/d/bd53b8ed-1c15-4cb7-8ce4-14f9a9c65981.webp; 2026-08-22 07:01:21 +0000]
20:06:48.250 [ 211650] [NSManaged…dc70] [F] LL_W chatstorage-tasks//orphaned/warning/linking [1; Media/277696059855020@lid/4/f/4fde9f69-5046-4d16-8ca0-abd0011d30ce.thumb -> Media/277696059855020@lid/d/d/dde41f44-2220-42d0-a7d9-c46fc3147893.thumb; 2026-08-23 10:27:02 +0000]
20:06:48.250 [ 211650] [NSManaged…fa80] [F] LL_A storage//save/success [KVStore-Tracking.sqlite in 0.00s with no changes]
20:06:48.252 [ 211650] [NSManaged…fa80] [F] LL_A storage//save/success [KVStore-Tracking.sqlite in 0.00s with changes]
20:06:48.253 [ 184665] [main-thread   ] [F] LL_A storage//save/background/done [ChatDB in 0.00s with changes from 'NSManagedObjectContext 0x60000023dc70']
20:06:48.254 [ 184665] [main-thread   ] [F] LL_A messages-by-session//by-session [id: orphaned-files; count: 40; has-more: 1]
20:06:48.254 [ 184665] [main-thread   ] [F] LL_A task-manager//task-queue/task-completion task = <WAMessagesByActiveSessionTask: 0x600001250b60 [orphaned-files]>, queue = <WATaskQueue: 0x600001254af0>, should-run-again = 1
20:06:48.255 [ 184665] [main-thread   ] [F] LL_A task-manager//task finished for task-manager = <WATaskManager: 0x600001724100> on queue=<WATaskQueue: 0x600001254af0>
20:06:48.255 [ 184665] [main-thread   ] [F] LL_A task-manager//task-manager/run-task task-manager = <WATaskManager: 0x600001724100>, quiet mode 0 _executingTask 0
20:06:48.563 [ 211458] [memory-us…ging] [F] LL_A app//memory: System [Used 5578MB, Free 119MB] Process [Footprint 172MB (0MB), Available 0MB, Peak 186MB] [cpu/s: 0.030]
20:06:49.282 [ 184665] [main-thread   ] [F] LL_A task-manager//task-manager/run-task task-manager = <WATaskManager: 0x600001724100>, quiet mode 0 _executingTask 0
20:06:49.282 [ 184665] [main-thread   ] [F] LL_A task-manager//run-task-in-group task-manager = <WATaskManager: 0x600001724100>, queue=<WATaskQueue: 0x600001254af0>
20:06:49.282 [ 184665] [main-thread   ] [F] LL_A task-manager//task-queue/find-task to be executed task = <WAMessagesByActiveSessionTask: 0x60000124a5a0 [fix-streaming-items]>  queue=<WATaskQueue: 0x600001254af0>
20:06:49.285 [ 184665] [main-thread   ] [F] LL_A task-manager//task/start [<WATaskQueue: 0x600001254af0>]
20:06:49.285 [ 211650] [utility-qos   ] [F] LL_A task-manager//task-queue/run-task on queue task = <WAMessagesByActiveSessionTask: 0x60000124a5a0 [fix-streaming-items]>, queue = <WATaskQueue: 0x600001254af0>
20:06:49.294 [ 184665] [main-thread   ] [F] LL_A storage//save/background/done [ChatDB in 0.00s with no changes from 'NSManagedObjectContext 0x60000023dc70']
20:06:49.294 [ 184665] [main-thread   ] [F] LL_A messages-by-session//by-session [id: fix-streaming-items; count: 0; has-more: 0]
20:06:49.294 [ 184665] [main-thread   ] [F] LL_A task-manager//task-queue/task-completion task = <WAMessagesByActiveSessionTask: 0x60000124a5a0 [fix-streaming-items]>, queue = <WATaskQueue: 0x600001254af0>, should-run-again = 1
20:06:49.295 [ 184665] [main-thread   ] [F] LL_A task-manager//task finished for task-manager = <WATaskManager: 0x600001724100> on queue=<WATaskQueue: 0x600001254af0>
20:06:49.295 [ 184665] [main-thread   ] [F] LL_A task-manager//task-manager/run-task task-manager = <WATaskManager: 0x600001724100>, quiet mode 0 _executingTask 0
20:06:50.336 [ 184665] [main-thread   ] [F] LL_A task-manager//task-manager/run-task task-manager = <WATaskManager: 0x600001724100>, quiet mode 0 _executingTask 0
20:06:50.336 [ 184665] [main-thread   ] [F] LL_A task-manager//run-task-in-group task-manager = <WATaskManager: 0x600001724100>, queue=<WATaskQueue: 0x600001254af0>
20:06:50.336 [ 184665] [main-thread   ] [F] LL_A task-manager//task-queue/find-task to be executed task = <WAMessagesByActiveSessionTask: 0x600001250b60 [orphaned-files]>  queue=<WATaskQueue: 0x600001254af0>
20:06:50.338 [ 184665] [main-thread   ] [F] LL_A task-manager//task/start [<WATaskQueue: 0x600001254af0>]
20:06:50.338 [ 211650] [utility-qos   ] [F] LL_A task-manager//task-queue/run-task on queue task = <WAMessagesByActiveSessionTask: 0x600001250b60 [orphaned-files]>, queue = <WATaskQueue: 0x600001254af0>
20:06:50.351 [ 211650] [NSManaged…dc70] [F] LL_W chatstorage-tasks//orphaned/warning/linking [1; Media/277696059855020@lid/b/1/b1280841-709f-4935-a455-b0f03c38daca.thumb -> Media/277696059855020@lid/d/7/d7bc5f3e-2253-46ff-9dd1-02e0edde468c.thumb; 2026-08-24 05:11:55 +0000]
20:06:50.352 [ 211650] [NSManaged…dc70] [F] LL_W chatstorage-tasks//orphaned/warning/linking [1; Media/277696059855020@lid/b/1/b1280841-709f-4935-a455-b0f03c38daca.mp4 -> Media/277696059855020@lid/d/7/d7bc5f3e-2253-46ff-9dd1-02e0edde468c.mp4; 2026-08-24 05:11:55 +0000]
20:06:50.353 [ 211650] [NSManaged…dc70] [F] LL_W chatstorage-tasks//orphaned/warning/linking [1; Media/277696059855020@lid/4/a/4a30f160-ed59-4fe8-826a-76666b159e37.thumb -> Media/277696059855020@lid/0/3/0356e251-aea0-4563-8415-c6a9caf90d47.thumb; 2026-08-28 11:54:36 +0000]
20:06:50.354 [ 211650] [NSManaged…dc70] [F] LL_W chatstorage-tasks//orphaned/warning/linking [1; Media/277696059855020@lid/4/a/4a30f160-ed59-4fe8-826a-76666b159e37.jpg -> Media/277696059855020@lid/0/3/0356e251-aea0-4563-8415-c6a9caf90d47.jpg; 2026-08-28 11:54:36 +0000]
20:06:50.354 [ 211650] [NSManaged…fa80] [F] LL_A storage//save/success [KVStore-Tracking.sqlite in 0.00s with no changes]
20:06:50.356 [ 211650] [NSManaged…fa80] [F] LL_A storage//save/success [KVStore-Tracking.sqlite in 0.00s with changes]
20:06:50.357 [ 184665] [main-thread   ] [F] LL_A storage//save/background/done [ChatDB in 0.00s with changes from 'NSManagedObjectContext 0x60000023dc70']
20:06:50.358 [ 184665] [main-thread   ] [F] LL_A messages-by-session//by-session [id: orphaned-files; count: 40; has-more: 1]
20:06:50.358 [ 184665] [main-thread   ] [F] LL_A task-manager//task-queue/task-completion task = <WAMessagesByActiveSessionTask: 0x600001250b60 [orphaned-files]>, queue = <WATaskQueue: 0x600001254af0>, should-run-again = 1
20:06:50.358 [ 184665] [main-thread   ] [F] LL_A task-manager//task finished for task-manager = <WATaskManager: 0x600001724100> on queue=<WATaskQueue: 0x600001254af0>
20:06:50.358 [ 184665] [main-thread   ] [F] LL_A task-manager//task-manager/run-task task-manager = <WATaskManager: 0x600001724100>, quiet mode 0 _executingTask 0
20:06:51.407 [ 184665] [main-thread   ] [F] LL_A task-manager//task-manager/run-task task-manager = <WATaskManager: 0x600001724100>, quiet mode 0 _executingTask 0
20:06:51.407 [ 184665] [main-thread   ] [F] LL_A task-manager//run-task-in-group task-manager = <WATaskManager: 0x600001724100>, queue=<WATaskQueue: 0x600001254af0>
20:06:51.407 [ 184665] [main-thread   ] [F] LL_A task-manager//task-queue/find-task to be executed task = <WAMessagesByActiveSessionTask: 0x60000124a5a0 [fix-streaming-items]>  queue=<WATaskQueue: 0x600001254af0>
20:06:51.409 [ 184665] [main-thread   ] [F] LL_A task-manager//task/start [<WATaskQueue: 0x600001254af0>]
20:06:51.409 [ 209909] [utility-qos   ] [F] LL_A task-manager//task-queue/run-task on queue task = <WAMessagesByActiveSessionTask: 0x60000124a5a0 [fix-streaming-items]>, queue = <WATaskQueue: 0x600001254af0>
20:06:51.426 [ 184665] [main-thread   ] [F] LL_A storage//save/background/done [ChatDB in 0.00s with no changes from 'NSManagedObjectContext 0x60000023dc70']
20:06:51.426 [ 184665] [main-thread   ] [F] LL_A messages-by-session//by-session [id: fix-streaming-items; count: 0; has-more: 0]
20:06:51.426 [ 184665] [main-thread   ] [F] LL_A task-manager//task-queue/task-completion task = <WAMessagesByActiveSessionTask: 0x60000124a5a0 [fix-streaming-items]>, queue = <WATaskQueue: 0x600001254af0>, should-run-again = 1
20:06:51.427 [ 184665] [main-thread   ] [F] LL_A task-manager//task finished for task-manager = <WATaskManager: 0x600001724100> on queue=<WATaskQueue: 0x600001254af0>
20:06:51.427 [ 184665] [main-thread   ] [F] LL_A task-manager//task-manager/run-task task-manager = <WATaskManager: 0x600001724100>, quiet mode 0 _executingTask 0
20:06:51.563 [ 209909] [memory-us…ging] [F] LL_A app//memory: System [Used 5568MB, Free 127MB] Process [Footprint 172MB (0MB), Available 0MB, Peak 186MB] [cpu/s: 0.029]
20:06:52.472 [ 184665] [main-thread   ] [F] LL_A task-manager//task-manager/run-task task-manager = <WATaskManager: 0x600001724100>, quiet mode 0 _executingTask 0
20:06:52.472 [ 184665] [main-thread   ] [F] LL_A task-manager//run-task-in-group task-manager = <WATaskManager: 0x600001724100>, queue=<WATaskQueue: 0x600001254af0>
20:06:52.473 [ 184665] [main-thread   ] [F] LL_A task-manager//task-queue/find-task to be executed task = <WAMessagesByActiveSessionTask: 0x600001250b60 [orphaned-files]>  queue=<WATaskQueue: 0x600001254af0>
20:06:52.475 [ 184665] [main-thread   ] [F] LL_A task-manager//task/start [<WATaskQueue: 0x600001254af0>]
20:06:52.475 [ 211650] [utility-qos   ] [F] LL_A task-manager//task-queue/run-task on queue task = <WAMessagesByActiveSessionTask: 0x600001250b60 [orphaned-files]>, queue = <WATaskQueue: 0x600001254af0>
20:06:52.487 [ 211650] [NSManaged…dc70] [F] LL_W chatstorage-tasks//orphaned/warning/linking [1; Media/277696059855020@lid/b/3/b326abbb-e91f-4ecf-8670-4ba8cb3cc379.thumb -> Media/277696059855020@lid/1/7/170db479-f49d-497e-9038-e195830cc5cf.thumb; 2026-08-28 12:00:42 +0000]
20:06:52.488 [ 211650] [NSManaged…dc70] [F] LL_W chatstorage-tasks//orphaned/warning/linking [1; Media/277696059855020@lid/b/3/b326abbb-e91f-4ecf-8670-4ba8cb3cc379.jpg -> Media/277696059855020@lid/1/7/170db479-f49d-497e-9038-e195830cc5cf.jpg; 2026-08-28 12:00:42 +0000]
20:06:52.490 [ 211650] [NSManaged…dc70] [F] LL_W chatstorage-tasks//orphaned/warning/linking [1; Media/277696059855020@lid/0/9/096569e4-dffe-4dd1-8051-57680a312529.thumb -> Media/277696059855020@lid/1/6/169ba7d2-94ee-4155-9613-b0e2ba99b1f3.thumb; 2026-08-28 12:01:17 +0000]
20:06:52.490 [ 211650] [NSManaged…dc70] [F] LL_W chatstorage-tasks//orphaned/warning/linking [1; Media/277696059855020@lid/0/9/096569e4-dffe-4dd1-8051-57680a312529.jpg -> Media/277696059855020@lid/1/6/169ba7d2-94ee-4155-9613-b0e2ba99b1f3.jpg; 2026-08-28 12:01:17 +0000]
20:06:52.492 [ 211650] [NSManaged…dc70] [F] LL_W chatstorage-tasks//orphaned/warning/linking [1; Media/277696059855020@lid/9/5/95ee8490-04cd-4995-a27c-2acb84f126ca.thumb -> Media/277696059855020@lid/8/7/87dc19d8-c34f-4927-a5a0-62e30c092ff3.thumb; 2026-08-28 12:09:25 +0000]
20:06:52.493 [ 211650] [NSManaged…dc70] [F] LL_W chatstorage-tasks//orphaned/warning/linking [1; Media/277696059855020@lid/9/5/95ee8490-04cd-4995-a27c-2acb84f126ca.jpg -> Media/277696059855020@lid/8/7/87dc19d8-c34f-4927-a5a0-62e30c092ff3.jpg; 2026-08-28 12:09:25 +0000]
20:06:52.494 [ 211650] [NSManaged…dc70] [F] LL_W chatstorage-tasks//orphaned/warning/linking [1; Media/277696059855020@lid/0/d/0d0a8257-664f-4705-87c0-78d4f812d6f2.thumb -> Media/277696059855020@lid/1/4/14b05fa1-0c65-4b7e-898d-42d815fcd44c.thumb; 2026-08-28 12:33:29 +0000]
20:06:52.495 [ 211650] [NSManaged…dc70] [F] LL_W chatstorage-tasks//orphaned/warning/linking [1; Media/277696059855020@lid/0/d/0d0a8257-664f-4705-87c0-78d4f812d6f2.jpg -> Media/277696059855020@lid/1/4/14b05fa1-0c65-4b7e-898d-42d815fcd44c.jpg; 2026-08-28 12:33:29 +0000]
20:06:52.496 [ 211650] [NSManaged…dc70] [F] LL_W chatstorage-tasks//orphaned/warning/linking [1; Media/277696059855020@lid/6/9/69aa7ff0-cbfa-4e2e-a036-6afe3f9434dd.thumb -> Media/277696059855020@lid/1/0/10286e00-41c0-4658-9069-a9e48e0fbab2.thumb; 2026-08-28 12:45:15 +0000]
20:06:52.497 [ 211650] [NSManaged…dc70] [F] LL_W chatstorage-tasks//orphaned/warning/linking [1; Media/277696059855020@lid/6/9/69aa7ff0-cbfa-4e2e-a036-6afe3f9434dd.jpg -> Media/277696059855020@lid/1/0/10286e00-41c0-4658-9069-a9e48e0fbab2.jpg; 2026-08-28 12:45:15 +0000]
20:06:52.497 [ 211650] [NSManaged…fa80] [F] LL_A storage//save/success [KVStore-Tracking.sqlite in 0.00s with no changes]
20:06:52.499 [ 211650] [NSManaged…fa80] [F] LL_A storage//save/success [KVStore-Tracking.sqlite in 0.00s with changes]
20:06:52.500 [ 184665] [main-thread   ] [F] LL_A storage//save/background/done [ChatDB in 0.00s with changes from 'NSManagedObjectContext 0x60000023dc70']
20:06:52.500 [ 184665] [main-thread   ] [F] LL_A messages-by-session//by-session [id: orphaned-files; count: 40; has-more: 1]
20:06:52.500 [ 184665] [main-thread   ] [F] LL_A task-manager//task-queue/task-completion task = <WAMessagesByActiveSessionTask: 0x600001250b60 [orphaned-files]>, queue = <WATaskQueue: 0x600001254af0>, should-run-again = 1
20:06:52.501 [ 184665] [main-thread   ] [F] LL_A task-manager//task finished for task-manager = <WATaskManager: 0x600001724100> on queue=<WATaskQueue: 0x600001254af0>
20:06:52.501 [ 184665] [main-thread   ] [F] LL_A task-manager//task-manager/run-task task-manager = <WATaskManager: 0x600001724100>, quiet mode 0 _executingTask 0
20:06:53.550 [ 184665] [main-thread   ] [F] LL_A task-manager//task-manager/run-task task-manager = <WATaskManager: 0x600001724100>, quiet mode 0 _executingTask 0
20:06:53.551 [ 184665] [main-thread   ] [F] LL_A task-manager//run-task-in-group task-manager = <WATaskManager: 0x600001724100>, queue=<WATaskQueue: 0x600001254af0>
20:06:53.551 [ 184665] [main-thread   ] [F] LL_A task-manager//task-queue/find-task to be executed task = <WAMessagesByActiveSessionTask: 0x60000124a5a0 [fix-streaming-items]>  queue=<WATaskQueue: 0x600001254af0>
20:06:53.552 [ 184665] [main-thread   ] [F] LL_A task-manager//task/start [<WATaskQueue: 0x600001254af0>]
20:06:53.553 [ 211458] [utility-qos   ] [F] LL_A task-manager//task-queue/run-task on queue task = <WAMessagesByActiveSessionTask: 0x60000124a5a0 [fix-streaming-items]>, queue = <WATaskQueue: 0x600001254af0>
20:06:53.556 [ 184665] [main-thread   ] [F] LL_A storage//save/background/done [ChatDB in 0.00s with no changes from 'NSManagedObjectContext 0x60000023dc70']
20:06:53.556 [ 184665] [main-thread   ] [F] LL_A messages-by-session//by-session [id: fix-streaming-items; count: 0; has-more: 0]
20:06:53.556 [ 184665] [main-thread   ] [F] LL_A task-manager//task-queue/task-completion task = <WAMessagesByActiveSessionTask: 0x60000124a5a0 [fix-streaming-items]>, queue = <WATaskQueue: 0x600001254af0>, should-run-again = 1
20:06:53.557 [ 184665] [main-thread   ] [F] LL_A task-manager//task finished for task-manager = <WATaskManager: 0x600001724100> on queue=<WATaskQueue: 0x600001254af0>
20:06:53.557 [ 184665] [main-thread   ] [F] LL_A task-manager//task-manager/run-task task-manager = <WATaskManager: 0x600001724100>, quiet mode 0 _executingTask 0
20:06:54.558 [ 184665] [main-thread   ] [F] LL_A task-manager//task-manager/run-task task-manager = <WATaskManager: 0x600001724100>, quiet mode 0 _executingTask 0
20:06:54.558 [ 184665] [main-thread   ] [F] LL_A task-manager//run-task-in-group task-manager = <WATaskManager: 0x600001724100>, queue=<WATaskQueue: 0x600001254af0>
20:06:54.558 [ 184665] [main-thread   ] [F] LL_A task-manager//task-queue/find-task to be executed task = <WAMessagesByActiveSessionTask: 0x600001250b60 [orphaned-files]>  queue=<WATaskQueue: 0x600001254af0>
20:06:54.560 [ 184665] [main-thread   ] [F] LL_A task-manager//task/start [<WATaskQueue: 0x600001254af0>]
20:06:54.561 [ 211650] [utility-qos   ] [F] LL_A task-manager//task-queue/run-task on queue task = <WAMessagesByActiveSessionTask: 0x600001250b60 [orphaned-files]>, queue = <WATaskQueue: 0x600001254af0>
20:06:54.562 [ 211458] [memory-us…ging] [F] LL_A app//memory: System [Used 5609MB, Free 90MB] Process [Footprint 172MB (0MB), Available 0MB, Peak 186MB] [cpu/s: 0.028]
20:06:54.574 [ 211650] [NSManaged…dc70] [F] LL_W chatstorage-tasks//orphaned/warning/linking [1; Media/277696059855020@lid/f/f/ff7309db-377e-45ee-abb5-dde5f4db1703.thumb -> Media/277696059855020@lid/e/7/e7063a39-66b1-45d9-bcc6-acb3da007c5d.thumb; 2026-09-03 15:04:14 +0000]
20:06:54.575 [ 211650] [NSManaged…dc70] [F] LL_W chatstorage-tasks//orphaned/warning/linking [1; Media/277696059855020@lid/f/f/ff7309db-377e-45ee-abb5-dde5f4db1703.jpg -> Media/277696059855020@lid/e/7/e7063a39-66b1-45d9-bcc6-acb3da007c5d.jpg; 2026-09-03 15:04:14 +0000]
20:06:54.576 [ 211650] [NSManaged…dc70] [F] LL_W chatstorage-tasks//orphaned/warning/linking [1; Media/277696059855020@lid/e/1/e1edafc0-3492-4dd9-a59c-8cc05df8c141.thumb -> Media/277696059855020@lid/b/8/b8f87a17-3d9f-4cae-a875-fd69865a40f2.thumb; 2026-09-03 15:04:14 +0000]
20:06:54.576 [ 211650] [NSManaged…dc70] [F] LL_W chatstorage-tasks//orphaned/warning/linking [1; Media/277696059855020@lid/e/1/e1edafc0-3492-4dd9-a59c-8cc05df8c141.jpg -> Media/277696059855020@lid/b/8/b8f87a17-3d9f-4cae-a875-fd69865a40f2.jpg; 2026-09-03 15:04:14 +0000]
20:06:54.580 [ 211650] [NSManaged…fa80] [F] LL_A storage//save/success [KVStore-Tracking.sqlite in 0.00s with changes]
20:06:54.581 [ 211650] [NSManaged…fa80] [F] LL_A storage//save/success [KVStore-Tracking.sqlite in 0.00s with changes]
20:06:54.582 [ 184665] [main-thread   ] [F] LL_A storage//save/background/done [ChatDB in 0.00s with changes from 'NSManagedObjectContext 0x60000023dc70']
20:06:54.583 [ 184665] [main-thread   ] [F] LL_A messages-by-session//by-session [id: orphaned-files; count: 40; has-more: 1]
20:06:54.583 [ 184665] [main-thread   ] [F] LL_A task-manager//task-queue/task-completion task = <WAMessagesByActiveSessionTask: 0x600001250b60 [orphaned-files]>, queue = <WATaskQueue: 0x600001254af0>, should-run-again = 1
20:06:54.583 [ 184665] [main-thread   ] [F] LL_A task-manager//task finished for task-manager = <WATaskManager: 0x600001724100> on queue=<WATaskQueue: 0x600001254af0>
20:06:54.583 [ 184665] [main-thread   ] [F] LL_A task-manager//task-manager/run-task task-manager = <WATaskManager: 0x600001724100>, quiet mode 0 _executingTask 0
20:06:55.632 [ 184665] [main-thread   ] [F] LL_A task-manager//task-manager/run-task task-manager = <WATaskManager: 0x600001724100>, quiet mode 0 _executingTask 0
20:06:55.632 [ 184665] [main-thread   ] [F] LL_A task-manager//run-task-in-group task-manager = <WATaskManager: 0x600001724100>, queue=<WATaskQueue: 0x600001254af0>
20:06:55.632 [ 184665] [main-thread   ] [F] LL_A task-manager//task-queue/find-task to be executed task = <WAMessagesByActiveSessionTask: 0x60000124a5a0 [fix-streaming-items]>  queue=<WATaskQueue: 0x600001254af0>
20:06:55.634 [ 184665] [main-thread   ] [F] LL_A task-manager//task/start [<WATaskQueue: 0x600001254af0>]
20:06:55.634 [ 211650] [utility-qos   ] [F] LL_A task-manager//task-queue/run-task on queue task = <WAMessagesByActiveSessionTask: 0x60000124a5a0 [fix-streaming-items]>, queue = <WATaskQueue: 0x600001254af0>
20:06:55.642 [ 184665] [main-thread   ] [F] LL_A storage//save/background/done [ChatDB in 0.00s with no changes from 'NSManagedObjectContext 0x60000023dc70']
20:06:55.642 [ 184665] [main-thread   ] [F] LL_A messages-by-session//by-session [id: fix-streaming-items; count: 0; has-more: 0]
20:06:55.642 [ 184665] [main-thread   ] [F] LL_A task-manager//task-queue/task-completion task = <WAMessagesByActiveSessionTask: 0x60000124a5a0 [fix-streaming-items]>, queue = <WATaskQueue: 0x600001254af0>, should-run-again = 1
20:06:55.643 [ 184665] [main-thread   ] [F] LL_A task-manager//task finished for task-manager = <WATaskManager: 0x600001724100> on queue=<WATaskQueue: 0x600001254af0>
20:06:55.643 [ 184665] [main-thread   ] [F] LL_A task-manager//task-manager/run-task task-manager = <WATaskManager: 0x600001724100>, quiet mode 0 _executingTask 0
20:06:56.691 [ 184665] [main-thread   ] [F] LL_A task-manager//task-manager/run-task task-manager = <WATaskManager: 0x600001724100>, quiet mode 0 _executingTask 0
20:06:56.691 [ 184665] [main-thread   ] [F] LL_A task-manager//run-task-in-group task-manager = <WATaskManager: 0x600001724100>, queue=<WATaskQueue: 0x600001254af0>
20:06:56.691 [ 184665] [main-thread   ] [F] LL_A task-manager//task-queue/find-task to be executed task = <WAMessagesByActiveSessionTask: 0x600001250b60 [orphaned-files]>  queue=<WATaskQueue: 0x600001254af0>
20:06:56.694 [ 184665] [main-thread   ] [F] LL_A task-manager//task/start [<WATaskQueue: 0x600001254af0>]
20:06:56.694 [ 211458] [utility-qos   ] [F] LL_A task-manager//task-queue/run-task on queue task = <WAMessagesByActiveSessionTask: 0x600001250b60 [orphaned-files]>, queue = <WATaskQueue: 0x600001254af0>
20:06:56.708 [ 211458] [NSManaged…dc70] [F] LL_W chatstorage-tasks//orphaned/warning/linking [1; Media/277696059855020@lid/f/d/fd6cd19e-b603-4072-a8b2-84baa7bf033f.jpg -> Media/277696059855020@lid/7/1/7113e0fa-bd8f-4b71-b86b-d925e400335c.jpg; 2026-09-06 11:14:04 +0000]
20:06:56.709 [ 211458] [NSManaged…fa80] [F] LL_A storage//save/success [KVStore-Tracking.sqlite in 0.00s with changes]
20:06:56.711 [ 211458] [NSManaged…fa80] [F] LL_A storage//save/success [KVStore-Tracking.sqlite in 0.00s with changes]
20:06:56.713 [ 184665] [main-thread   ] [F] LL_A storage//save/background/done [ChatDB in 0.00s with changes from 'NSManagedObjectContext 0x60000023dc70']
20:06:56.713 [ 184665] [main-thread   ] [F] LL_A messages-by-session//by-session [id: orphaned-files; count: 40; has-more: 1]
20:06:56.713 [ 184665] [main-thread   ] [F] LL_A task-manager//task-queue/task-completion task = <WAMessagesByActiveSessionTask: 0x600001250b60 [orphaned-files]>, queue = <WATaskQueue: 0x600001254af0>, should-run-again = 1
20:06:56.714 [ 184665] [main-thread   ] [F] LL_A task-manager//task finished for task-manager = <WATaskManager: 0x600001724100> on queue=<WATaskQueue: 0x600001254af0>
20:06:56.714 [ 184665] [main-thread   ] [F] LL_A task-manager//task-manager/run-task task-manager = <WATaskManager: 0x600001724100>, quiet mode 0 _executingTask 0
20:06:57.562 [ 211458] [memory-us…ging] [F] LL_A app//memory: System [Used 5614MB, Free 84MB] Process [Footprint 172MB (0MB), Available 0MB, Peak 186MB] [cpu/s: 0.031]
20:06:57.732 [ 184665] [main-thread   ] [F] LL_A task-manager//task-manager/run-task task-manager = <WATaskManager: 0x600001724100>, quiet mode 0 _executingTask 0
20:06:57.732 [ 184665] [main-thread   ] [F] LL_A task-manager//run-task-in-group task-manager = <WATaskManager: 0x600001724100>, queue=<WATaskQueue: 0x600001254af0>
20:06:57.732 [ 184665] [main-thread   ] [F] LL_A task-manager//task-queue/find-task to be executed task = <WAMessagesByActiveSessionTask: 0x60000124a5a0 [fix-streaming-items]>  queue=<WATaskQueue: 0x600001254af0>
20:06:57.735 [ 184665] [main-thread   ] [F] LL_A task-manager//task/start [<WATaskQueue: 0x600001254af0>]
20:06:57.735 [ 211650] [utility-qos   ] [F] LL_A task-manager//task-queue/run-task on queue task = <WAMessagesByActiveSessionTask: 0x60000124a5a0 [fix-streaming-items]>, queue = <WATaskQueue: 0x600001254af0>
20:06:57.762 [ 184665] [main-thread   ] [F] LL_A storage//save/background/done [ChatDB in 0.00s with no changes from 'NSManagedObjectContext 0x60000023dc70']
20:06:57.763 [ 184665] [main-thread   ] [F] LL_A messages-by-session//by-session [id: fix-streaming-items; count: 0; has-more: 0]
20:06:57.763 [ 184665] [main-thread   ] [F] LL_A task-manager//task-queue/task-completion task = <WAMessagesByActiveSessionTask: 0x60000124a5a0 [fix-streaming-items]>, queue = <WATaskQueue: 0x600001254af0>, should-run-again = 1
20:06:57.763 [ 184665] [main-thread   ] [F] LL_A task-manager//task finished for task-manager = <WATaskManager: 0x600001724100> on queue=<WATaskQueue: 0x600001254af0>
20:06:57.763 [ 184665] [main-thread   ] [F] LL_A task-manager//task-manager/run-task task-manager = <WATaskManager: 0x600001724100>, quiet mode 0 _executingTask 0
20:06:58.799 [ 184665] [main-thread   ] [F] LL_A task-manager//task-manager/run-task task-manager = <WATaskManager: 0x600001724100>, quiet mode 0 _executingTask 0
20:06:58.799 [ 184665] [main-thread   ] [F] LL_A task-manager//run-task-in-group task-manager = <WATaskManager: 0x600001724100>, queue=<WATaskQueue: 0x600001254af0>
20:06:58.799 [ 184665] [main-thread   ] [F] LL_A task-manager//task-queue/find-task to be executed task = <WAMessagesByActiveSessionTask: 0x600001250b60 [orphaned-files]>  queue=<WATaskQueue: 0x600001254af0>
20:06:58.802 [ 184665] [main-thread   ] [F] LL_A task-manager//task/start [<WATaskQueue: 0x600001254af0>]
20:06:58.802 [ 211458] [utility-qos   ] [F] LL_A task-manager//task-queue/run-task on queue task = <WAMessagesByActiveSessionTask: 0x600001250b60 [orphaned-files]>, queue = <WATaskQueue: 0x600001254af0>
20:06:58.815 [ 211458] [NSManaged…fa80] [F] LL_A storage//save/success [KVStore-Tracking.sqlite in 0.00s with changes]
20:06:58.816 [ 211458] [NSManaged…fa80] [F] LL_A storage//save/success [KVStore-Tracking.sqlite in 0.00s with changes]
20:06:58.816 [ 184665] [main-thread   ] [F] LL_A storage//save/background/done [ChatDB in 0.00s with no changes from 'NSManagedObjectContext 0x60000023dc70']
20:06:58.817 [ 184665] [main-thread   ] [F] LL_A messages-by-session//by-session [id: orphaned-files; count: 40; has-more: 1]
20:06:58.817 [ 184665] [main-thread   ] [F] LL_A task-manager//task-queue/task-completion task = <WAMessagesByActiveSessionTask: 0x600001250b60 [orphaned-files]>, queue = <WATaskQueue: 0x600001254af0>, should-run-again = 1
20:06:58.818 [ 184665] [main-thread   ] [F] LL_A task-manager//task finished for task-manager = <WATaskManager: 0x600001724100> on queue=<WATaskQueue: 0x600001254af0>
20:06:58.818 [ 184665] [main-thread   ] [F] LL_A task-manager//task-manager/run-task task-manager = <WATaskManager: 0x600001724100>, quiet mode 0 _executingTask 0
20:06:59.832 [ 184665] [main-thread   ] [F] LL_A task-manager//task-manager/run-task task-manager = <WATaskManager: 0x600001724100>, quiet mode 0 _executingTask 0
20:06:59.832 [ 184665] [main-thread   ] [F] LL_A task-manager//run-task-in-group task-manager = <WATaskManager: 0x600001724100>, queue=<WATaskQueue: 0x600001254af0>
20:06:59.832 [ 184665] [main-thread   ] [F] LL_A task-manager//task-queue/find-task to be executed task = <WAMessagesByActiveSessionTask: 0x60000124a5a0 [fix-streaming-items]>  queue=<WATaskQueue: 0x600001254af0>
20:06:59.834 [ 184665] [main-thread   ] [F] LL_A task-manager//task/start [<WATaskQueue: 0x600001254af0>]
20:06:59.835 [ 209909] [utility-qos   ] [F] LL_A task-manager//task-queue/run-task on queue task = <WAMessagesByActiveSessionTask: 0x60000124a5a0 [fix-streaming-items]>, queue = <WATaskQueue: 0x600001254af0>
20:06:59.839 [ 184665] [main-thread   ] [F] LL_A storage//save/background/done [ChatDB in 0.00s with no changes from 'NSManagedObjectContext 0x60000023dc70']
20:06:59.839 [ 184665] [main-thread   ] [F] LL_A messages-by-session//by-session [id: fix-streaming-items; count: 0; has-more: 0]
20:06:59.839 [ 184665] [main-thread   ] [F] LL_A task-manager//task-queue/task-completion task = <WAMessagesByActiveSessionTask: 0x60000124a5a0 [fix-streaming-items]>, queue = <WATaskQueue: 0x600001254af0>, should-run-again = 1
20:06:59.840 [ 184665] [main-thread   ] [F] LL_A task-manager//task finished for task-manager = <WATaskManager: 0x600001724100> on queue=<WATaskQueue: 0x600001254af0>
20:06:59.840 [ 184665] [main-thread   ] [F] LL_A task-manager//task-manager/run-task task-manager = <WATaskManager: 0x600001724100>, quiet mode 0 _executingTask 0
20:07:00.562 [ 209909] [memory-us…ging] [F] LL_A app//memory: System [Used 5617MB, Free 82MB] Process [Footprint 172MB (0MB), Available 0MB, Peak 186MB] [cpu/s: 0.031]
20:07:00.849 [ 184665] [main-thread   ] [F] LL_A task-manager//task-manager/run-task task-manager = <WATaskManager: 0x600001724100>, quiet mode 0 _executingTask 0
20:07:00.849 [ 184665] [main-thread   ] [F] LL_A task-manager//run-task-in-group task-manager = <WATaskManager: 0x600001724100>, queue=<WATaskQueue: 0x600001254af0>
20:07:00.849 [ 184665] [main-thread   ] [F] LL_A task-manager//task-queue/find-task to be executed task = <WAMessagesByActiveSessionTask: 0x600001250b60 [orphaned-files]>  queue=<WATaskQueue: 0x600001254af0>
20:07:00.851 [ 184665] [main-thread   ] [F] LL_A task-manager//task/start [<WATaskQueue: 0x600001254af0>]
20:07:00.851 [ 211650] [utility-qos   ] [F] LL_A task-manager//task-queue/run-task on queue task = <WAMessagesByActiveSessionTask: 0x600001250b60 [orphaned-files]>, queue = <WATaskQueue: 0x600001254af0>
20:07:00.862 [ 211650] [NSManaged…fa80] [F] LL_A storage//save/success [KVStore-Tracking.sqlite in 0.00s with changes]
20:07:00.863 [ 211650] [NSManaged…fa80] [F] LL_A storage//save/success [KVStore-Tracking.sqlite in 0.00s with changes]
20:07:00.863 [ 184665] [main-thread   ] [F] LL_A storage//save/background/done [ChatDB in 0.00s with no changes from 'NSManagedObjectContext 0x60000023dc70']
20:07:00.863 [ 184665] [main-thread   ] [F] LL_A messages-by-session//by-session [id: orphaned-files; count: 40; has-more: 1]
20:07:00.863 [ 184665] [main-thread   ] [F] LL_A task-manager//task-queue/task-completion task = <WAMessagesByActiveSessionTask: 0x600001250b60 [orphaned-files]>, queue = <WATaskQueue: 0x600001254af0>, should-run-again = 1
20:07:00.864 [ 184665] [main-thread   ] [F] LL_A task-manager//task finished for task-manager = <WATaskManager: 0x600001724100> on queue=<WATaskQueue: 0x600001254af0>
20:07:00.864 [ 184665] [main-thread   ] [F] LL_A task-manager//task-manager/run-task task-manager = <WATaskManager: 0x600001724100>, quiet mode 0 _executingTask 0
20:07:01.907 [ 184665] [main-thread   ] [F] LL_A task-manager//task-manager/run-task task-manager = <WATaskManager: 0x600001724100>, quiet mode 0 _executingTask 0
20:07:01.907 [ 184665] [main-thread   ] [F] LL_A task-manager//run-task-in-group task-manager = <WATaskManager: 0x600001724100>, queue=<WATaskQueue: 0x600001254af0>
20:07:01.907 [ 184665] [main-thread   ] [F] LL_A task-manager//task-queue/find-task to be executed task = <WAMessagesByActiveSessionTask: 0x60000124a5a0 [fix-streaming-items]>  queue=<WATaskQueue: 0x600001254af0>
20:07:01.909 [ 184665] [main-thread   ] [F] LL_A task-manager//task/start [<WATaskQueue: 0x600001254af0>]
20:07:01.909 [ 211650] [utility-qos   ] [F] LL_A task-manager//task-queue/run-task on queue task = <WAMessagesByActiveSessionTask: 0x60000124a5a0 [fix-streaming-items]>, queue = <WATaskQueue: 0x600001254af0>
20:07:01.913 [ 184665] [main-thread   ] [F] LL_A storage//save/background/done [ChatDB in 0.00s with no changes from 'NSManagedObjectContext 0x60000023dc70']
20:07:01.913 [ 184665] [main-thread   ] [F] LL_A messages-by-session//by-session [id: fix-streaming-items; count: 0; has-more: 0]
20:07:01.913 [ 184665] [main-thread   ] [F] LL_A task-manager//task-queue/task-completion task = <WAMessagesByActiveSessionTask: 0x60000124a5a0 [fix-streaming-items]>, queue = <WATaskQueue: 0x600001254af0>, should-run-again = 1
20:07:01.915 [ 184665] [main-thread   ] [F] LL_A task-manager//task finished for task-manager = <WATaskManager: 0x600001724100> on queue=<WATaskQueue: 0x600001254af0>
20:07:01.915 [ 184665] [main-thread   ] [F] LL_A task-manager//task-manager/run-task task-manager = <WATaskManager: 0x600001724100>, quiet mode 0 _executingTask 0
20:07:02.957 [ 184665] [main-thread   ] [F] LL_A task-manager//task-manager/run-task task-manager = <WATaskManager: 0x600001724100>, quiet mode 0 _executingTask 0
20:07:02.957 [ 184665] [main-thread   ] [F] LL_A task-manager//run-task-in-group task-manager = <WATaskManager: 0x600001724100>, queue=<WATaskQueue: 0x600001254af0>
20:07:02.958 [ 184665] [main-thread   ] [F] LL_A task-manager//task-queue/find-task to be executed task = <WAMessagesByActiveSessionTask: 0x600001250b60 [orphaned-files]>  queue=<WATaskQueue: 0x600001254af0>
20:07:02.960 [ 184665] [main-thread   ] [F] LL_A task-manager//task/start [<WATaskQueue: 0x600001254af0>]
20:07:02.960 [ 211650] [utility-qos   ] [F] LL_A task-manager//task-queue/run-task on queue task = <WAMessagesByActiveSessionTask: 0x600001250b60 [orphaned-files]>, queue = <WATaskQueue: 0x600001254af0>
20:07:02.970 [ 211650] [NSManaged…fa80] [F] LL_A storage//save/success [KVStore-Tracking.sqlite in 0.00s with no changes]
20:07:02.972 [ 211650] [NSManaged…fa80] [F] LL_A storage//save/success [KVStore-Tracking.sqlite in 0.00s with changes]
20:07:02.972 [ 184665] [main-thread   ] [F] LL_A storage//save/background/done [ChatDB in 0.00s with no changes from 'NSManagedObjectContext 0x60000023dc70']
20:07:02.972 [ 184665] [main-thread   ] [F] LL_A messages-by-session//by-session [id: orphaned-files; count: 40; has-more: 1]
20:07:02.972 [ 184665] [main-thread   ] [F] LL_A task-manager//task-queue/task-completion task = <WAMessagesByActiveSessionTask: 0x600001250b60 [orphaned-files]>, queue = <WATaskQueue: 0x600001254af0>, should-run-again = 1
20:07:02.973 [ 184665] [main-thread   ] [F] LL_A task-manager//task finished for task-manager = <WATaskManager: 0x600001724100> on queue=<WATaskQueue: 0x600001254af0>
20:07:02.973 [ 184665] [main-thread   ] [F] LL_A task-manager//task-manager/run-task task-manager = <WATaskManager: 0x600001724100>, quiet mode 0 _executingTask 0
20:07:03.562 [ 211650] [memory-us…ging] [F] LL_A app//memory: System [Used 5615MB, Free 84MB] Process [Footprint 172MB (0MB), Available 0MB, Peak 186MB] [cpu/s: 0.027]
20:07:04.016 [ 184665] [main-thread   ] [F] LL_A task-manager//task-manager/run-task task-manager = <WATaskManager: 0x600001724100>, quiet mode 0 _executingTask 0
20:07:04.016 [ 184665] [main-thread   ] [F] LL_A task-manager//run-task-in-group task-manager = <WATaskManager: 0x600001724100>, queue=<WATaskQueue: 0x600001254af0>
20:07:04.017 [ 184665] [main-thread   ] [F] LL_A task-manager//task-queue/find-task to be executed task = <WAMessagesByActiveSessionTask: 0x60000124a5a0 [fix-streaming-items]>  queue=<WATaskQueue: 0x600001254af0>
20:07:04.019 [ 184665] [main-thread   ] [F] LL_A task-manager//task/start [<WATaskQueue: 0x600001254af0>]
20:07:04.019 [ 209909] [utility-qos   ] [F] LL_A task-manager//task-queue/run-task on queue task = <WAMessagesByActiveSessionTask: 0x60000124a5a0 [fix-streaming-items]>, queue = <WATaskQueue: 0x600001254af0>
20:07:04.025 [ 184665] [main-thread   ] [F] LL_A storage//save/background/done [ChatDB in 0.00s with no changes from 'NSManagedObjectContext 0x60000023dc70']
20:07:04.026 [ 184665] [main-thread   ] [F] LL_A messages-by-session//by-session [id: fix-streaming-items; count: 0; has-more: 0]
20:07:04.026 [ 184665] [main-thread   ] [F] LL_A task-manager//task-queue/task-completion task = <WAMessagesByActiveSessionTask: 0x60000124a5a0 [fix-streaming-items]>, queue = <WATaskQueue: 0x600001254af0>, should-run-again = 1
20:07:04.027 [ 184665] [main-thread   ] [F] LL_A task-manager//task finished for task-manager = <WATaskManager: 0x600001724100> on queue=<WATaskQueue: 0x600001254af0>
20:07:04.027 [ 184665] [main-thread   ] [F] LL_A task-manager//task-manager/run-task task-manager = <WATaskManager: 0x600001724100>, quiet mode 0 _executingTask 0
20:07:05.065 [ 184665] [main-thread   ] [F] LL_A task-manager//task-manager/run-task task-manager = <WATaskManager: 0x600001724100>, quiet mode 0 _executingTask 0
20:07:05.065 [ 184665] [main-thread   ] [F] LL_A task-manager//run-task-in-group task-manager = <WATaskManager: 0x600001724100>, queue=<WATaskQueue: 0x600001254af0>
20:07:05.066 [ 184665] [main-thread   ] [F] LL_A task-manager//task-queue/find-task to be executed task = <WAMessagesByActiveSessionTask: 0x600001250b60 [orphaned-files]>  queue=<WATaskQueue: 0x600001254af0>
20:07:05.068 [ 184665] [main-thread   ] [F] LL_A task-manager//task/start [<WATaskQueue: 0x600001254af0>]
20:07:05.068 [ 211650] [utility-qos   ] [F] LL_A task-manager//task-queue/run-task on queue task = <WAMessagesByActiveSessionTask: 0x600001250b60 [orphaned-files]>, queue = <WATaskQueue: 0x600001254af0>
20:07:05.077 [ 211650] [NSManaged…fa80] [F] LL_A storage//save/success [KVStore-Tracking.sqlite in 0.00s with no changes]
20:07:05.079 [ 211650] [NSManaged…fa80] [F] LL_A storage//save/success [KVStore-Tracking.sqlite in 0.00s with changes]
20:07:05.079 [ 184665] [main-thread   ] [F] LL_A storage//save/background/done [ChatDB in 0.00s with no changes from 'NSManagedObjectContext 0x60000023dc70']
20:07:05.079 [ 184665] [main-thread   ] [F] LL_A messages-by-session//by-session [id: orphaned-files; count: 40; has-more: 1]
20:07:05.079 [ 184665] [main-thread   ] [F] LL_A task-manager//task-queue/task-completion task = <WAMessagesByActiveSessionTask: 0x600001250b60 [orphaned-files]>, queue = <WATaskQueue: 0x600001254af0>, should-run-again = 1
20:07:05.080 [ 184665] [main-thread   ] [F] LL_A task-manager//task finished for task-manager = <WATaskManager: 0x600001724100> on queue=<WATaskQueue: 0x600001254af0>
20:07:05.081 [ 184665] [main-thread   ] [F] LL_A task-manager//task-manager/run-task task-manager = <WATaskManager: 0x600001724100>, quiet mode 0 _executingTask 0
20:07:06.119 [ 184665] [main-thread   ] [F] LL_A task-manager//task-manager/run-task task-manager = <WATaskManager: 0x600001724100>, quiet mode 0 _executingTask 0
20:07:06.119 [ 184665] [main-thread   ] [F] LL_A task-manager//run-task-in-group task-manager = <WATaskManager: 0x600001724100>, queue=<WATaskQueue: 0x600001254af0>
20:07:06.119 [ 184665] [main-thread   ] [F] LL_A task-manager//task-queue/find-task to be executed task = <WAMessagesByActiveSessionTask: 0x60000124a5a0 [fix-streaming-items]>  queue=<WATaskQueue: 0x600001254af0>
20:07:06.121 [ 184665] [main-thread   ] [F] LL_A task-manager//task/start [<WATaskQueue: 0x600001254af0>]
20:07:06.121 [ 211650] [utility-qos   ] [F] LL_A task-manager//task-queue/run-task on queue task = <WAMessagesByActiveSessionTask: 0x60000124a5a0 [fix-streaming-items]>, queue = <WATaskQueue: 0x600001254af0>
20:07:06.141 [ 184665] [main-thread   ] [F] LL_A storage//save/background/done [ChatDB in 0.00s with no changes from 'NSManagedObjectContext 0x60000023dc70']
20:07:06.141 [ 184665] [main-thread   ] [F] LL_A messages-by-session//by-session [id: fix-streaming-items; count: 0; has-more: 0]
20:07:06.141 [ 184665] [main-thread   ] [F] LL_A task-manager//task-queue/task-completion task = <WAMessagesByActiveSessionTask: 0x60000124a5a0 [fix-streaming-items]>, queue = <WATaskQueue: 0x600001254af0>, should-run-again = 1
20:07:06.142 [ 184665] [main-thread   ] [F] LL_A task-manager//task finished for task-manager = <WATaskManager: 0x600001724100> on queue=<WATaskQueue: 0x600001254af0>
20:07:06.142 [ 184665] [main-thread   ] [F] LL_A task-manager//task-manager/run-task task-manager = <WATaskManager: 0x600001724100>, quiet mode 0 _executingTask 0
20:07:06.562 [ 211650] [memory-us…ging] [F] LL_A app//memory: System [Used 5632MB, Free 67MB] Process [Footprint 172MB (0MB), Available 0MB, Peak 186MB] [cpu/s: 0.026]
20:07:07.165 [ 184665] [main-thread   ] [F] LL_A task-manager//task-manager/run-task task-manager = <WATaskManager: 0x600001724100>, quiet mode 0 _executingTask 0
20:07:07.165 [ 184665] [main-thread   ] [F] LL_A task-manager//run-task-in-group task-manager = <WATaskManager: 0x600001724100>, queue=<WATaskQueue: 0x600001254af0>
20:07:07.166 [ 184665] [main-thread   ] [F] LL_A task-manager//task-queue/find-task to be executed task = <WAMessagesByActiveSessionTask: 0x600001250b60 [orphaned-files]>  queue=<WATaskQueue: 0x600001254af0>
20:07:07.168 [ 184665] [main-thread   ] [F] LL_A task-manager//task/start [<WATaskQueue: 0x600001254af0>]
20:07:07.168 [ 211458] [utility-qos   ] [F] LL_A task-manager//task-queue/run-task on queue task = <WAMessagesByActiveSessionTask: 0x600001250b60 [orphaned-files]>, queue = <WATaskQueue: 0x600001254af0>
20:07:07.180 [ 211458] [NSManaged…fa80] [F] LL_A storage//save/success [KVStore-Tracking.sqlite in 0.00s with changes]
20:07:07.181 [ 211458] [NSManaged…fa80] [F] LL_A storage//save/success [KVStore-Tracking.sqlite in 0.00s with changes]
20:07:07.182 [ 184665] [main-thread   ] [F] LL_A storage//save/background/done [ChatDB in 0.00s with no changes from 'NSManagedObjectContext 0x60000023dc70']
20:07:07.182 [ 184665] [main-thread   ] [F] LL_A messages-by-session//by-session [id: orphaned-files; count: 40; has-more: 1]
20:07:07.182 [ 184665] [main-thread   ] [F] LL_A task-manager//task-queue/task-completion task = <WAMessagesByActiveSessionTask: 0x600001250b60 [orphaned-files]>, queue = <WATaskQueue: 0x600001254af0>, should-run-again = 1
20:07:07.183 [ 184665] [main-thread   ] [F] LL_A task-manager//task finished for task-manager = <WATaskManager: 0x600001724100> on queue=<WATaskQueue: 0x600001254af0>
20:07:07.183 [ 184665] [main-thread   ] [F] LL_A task-manager//task-manager/run-task task-manager = <WATaskManager: 0x600001724100>, quiet mode 0 _executingTask 0
20:07:08.216 [ 184665] [main-thread   ] [F] LL_A task-manager//task-manager/run-task task-manager = <WATaskManager: 0x600001724100>, quiet mode 0 _executingTask 0
20:07:08.216 [ 184665] [main-thread   ] [F] LL_A task-manager//run-task-in-group task-manager = <WATaskManager: 0x600001724100>, queue=<WATaskQueue: 0x600001254af0>
20:07:08.216 [ 184665] [main-thread   ] [F] LL_A task-manager//task-queue/find-task to be executed task = <WAMessagesByActiveSessionTask: 0x60000124a5a0 [fix-streaming-items]>  queue=<WATaskQueue: 0x600001254af0>
20:07:08.218 [ 184665] [main-thread   ] [F] LL_A task-manager//task/start [<WATaskQueue: 0x600001254af0>]
20:07:08.218 [ 211650] [utility-qos   ] [F] LL_A task-manager//task-queue/run-task on queue task = <WAMessagesByActiveSessionTask: 0x60000124a5a0 [fix-streaming-items]>, queue = <WATaskQueue: 0x600001254af0>
20:07:08.224 [ 184665] [main-thread   ] [F] LL_A storage//save/background/done [ChatDB in 0.00s with no changes from 'NSManagedObjectContext 0x60000023dc70']
20:07:08.224 [ 184665] [main-thread   ] [F] LL_A messages-by-session//by-session [id: fix-streaming-items; count: 0; has-more: 0]
20:07:08.224 [ 184665] [main-thread   ] [F] LL_A task-manager//task-queue/task-completion task = <WAMessagesByActiveSessionTask: 0x60000124a5a0 [fix-streaming-items]>, queue = <WATaskQueue: 0x600001254af0>, should-run-again = 1
20:07:08.225 [ 184665] [main-thread   ] [F] LL_A task-manager//task finished for task-manager = <WATaskManager: 0x600001724100> on queue=<WATaskQueue: 0x600001254af0>
20:07:08.225 [ 184665] [main-thread   ] [F] LL_A task-manager//task-manager/run-task task-manager = <WATaskManager: 0x600001724100>, quiet mode 0 _executingTask 0
20:07:09.128 [ 209909] [normal        ] [F] LL_E [WAMSYS] WCCConnectionLifecycleTokenCreate [Line 293] [LogLevel:I] connection/lifecycle_manager/token/acquire [id = 5, requestor = 2, reason = 1, acquire time = 811775229, wcc_source = 2, wcc_reason = 10, token_count = 2]
20:07:09.271 [ 184665] [main-thread   ] [F] LL_A task-manager//task-manager/run-task task-manager = <WATaskManager: 0x600001724100>, quiet mode 0 _executingTask 0
20:07:09.272 [ 184665] [main-thread   ] [F] LL_A task-manager//run-task-in-group task-manager = <WATaskManager: 0x600001724100>, queue=<WATaskQueue: 0x600001254af0>
20:07:09.272 [ 184665] [main-thread   ] [F] LL_A task-manager//task-queue/find-task to be executed task = <WAMessagesByActiveSessionTask: 0x600001250b60 [orphaned-files]>  queue=<WATaskQueue: 0x600001254af0>
20:07:09.274 [ 184665] [main-thread   ] [F] LL_A task-manager//task/start [<WATaskQueue: 0x600001254af0>]
20:07:09.274 [ 211650] [utility-qos   ] [F] LL_A task-manager//task-queue/run-task on queue task = <WAMessagesByActiveSessionTask: 0x600001250b60 [orphaned-files]>, queue = <WATaskQueue: 0x600001254af0>
20:07:09.284 [ 211650] [NSManaged…fa80] [F] LL_A storage//save/success [KVStore-Tracking.sqlite in 0.00s with no changes]
20:07:09.286 [ 211650] [NSManaged…fa80] [F] LL_A storage//save/success [KVStore-Tracking.sqlite in 0.00s with changes]
20:07:09.286 [ 184665] [main-thread   ] [F] LL_A storage//save/background/done [ChatDB in 0.00s with no changes from 'NSManagedObjectContext 0x60000023dc70']
20:07:09.286 [ 184665] [main-thread   ] [F] LL_A messages-by-session//by-session [id: orphaned-files; count: 40; has-more: 1]
20:07:09.286 [ 184665] [main-thread   ] [F] LL_A task-manager//task-queue/task-completion task = <WAMessagesByActiveSessionTask: 0x600001250b60 [orphaned-files]>, queue = <WATaskQueue: 0x600001254af0>, should-run-again = 1
20:07:09.287 [ 184665] [main-thread   ] [F] LL_A task-manager//task finished for task-manager = <WATaskManager: 0x600001724100> on queue=<WATaskQueue: 0x600001254af0>
20:07:09.287 [ 184665] [main-thread   ] [F] LL_A task-manager//task-manager/run-task task-manager = <WATaskManager: 0x600001724100>, quiet mode 0 _executingTask 0
20:07:09.562 [ 211650] [memory-us…ging] [F] LL_A app//memory: System [Used 5631MB, Free 69MB] Process [Footprint 172MB (0MB), Available 0MB, Peak 186MB] [cpu/s: 0.029]
20:07:10.335 [ 184665] [main-thread   ] [F] LL_A task-manager//task-manager/run-task task-manager = <WATaskManager: 0x600001724100>, quiet mode 0 _executingTask 0
20:07:10.335 [ 184665] [main-thread   ] [F] LL_A task-manager//run-task-in-group task-manager = <WATaskManager: 0x600001724100>, queue=<WATaskQueue: 0x600001254af0>
20:07:10.335 [ 184665] [main-thread   ] [F] LL_A task-manager//task-queue/find-task to be executed task = <WAMessagesByActiveSessionTask: 0x60000124a5a0 [fix-streaming-items]>  queue=<WATaskQueue: 0x600001254af0>
20:07:10.337 [ 184665] [main-thread   ] [F] LL_A task-manager//task/start [<WATaskQueue: 0x600001254af0>]
20:07:10.337 [ 211652] [utility-qos   ] [F] LL_A task-manager//task-queue/run-task on queue task = <WAMessagesByActiveSessionTask: 0x60000124a5a0 [fix-streaming-items]>, queue = <WATaskQueue: 0x600001254af0>
20:07:10.342 [ 184665] [main-thread   ] [F] LL_A storage//save/background/done [ChatDB in 0.00s with no changes from 'NSManagedObjectContext 0x60000023dc70']
20:07:10.343 [ 184665] [main-thread   ] [F] LL_A messages-by-session//by-session [id: fix-streaming-items; count: 0; has-more: 0]
20:07:10.343 [ 184665] [main-thread   ] [F] LL_A task-manager//task-queue/task-completion task = <WAMessagesByActiveSessionTask: 0x60000124a5a0 [fix-streaming-items]>, queue = <WATaskQueue: 0x600001254af0>, should-run-again = 1
20:07:10.344 [ 184665] [main-thread   ] [F] LL_A task-manager//task finished for task-manager = <WATaskManager: 0x600001724100> on queue=<WATaskQueue: 0x600001254af0>
20:07:10.344 [ 184665] [main-thread   ] [F] LL_A task-manager//task-manager/run-task task-manager = <WATaskManager: 0x600001724100>, quiet mode 0 _executingTask 0
20:07:11.362 [ 184665] [main-thread   ] [F] LL_A task-manager//task-manager/run-task task-manager = <WATaskManager: 0x600001724100>, quiet mode 0 _executingTask 0
20:07:11.362 [ 184665] [main-thread   ] [F] LL_A task-manager//run-task-in-group task-manager = <WATaskManager: 0x600001724100>, queue=<WATaskQueue: 0x600001254af0>
20:07:11.362 [ 184665] [main-thread   ] [F] LL_A task-manager//task-queue/find-task to be executed task = <WAMessagesByActiveSessionTask: 0x600001250b60 [orphaned-files]>  queue=<WATaskQueue: 0x600001254af0>
20:07:11.362 [ 211650] [normal        ] [F] LL_N xmpp//< recv < [notification/devices id=1258130448 f=******7439:0@lid [remove]]
20:07:11.363 [ 211650] [normal        ] [F] LL_A ccq/connection/background-task/begin
20:07:11.363 [ 184665] [main-thread   ] [F] LL_A task-manager//task/start [<WATaskQueue: 0x600001254af0>]
20:07:11.363 [ 211652] [ccq           ] [F] LL_A ccq/connection-queue/resume-stanza-processing source=[process-stanza] deferred=[false]
20:07:11.363 [ 211652] [ccq           ] [F] LL_A ccq/connection-queue/transition from=[stopped] to=[running]
20:07:11.363 [ 209909] [utility-qos   ] [F] LL_A task-manager//task-queue/run-task on queue task = <WAMessagesByActiveSessionTask: 0x600001250b60 [orphaned-files]>, queue = <WATaskQueue: 0x600001254af0>
20:07:11.363 [ 211650] [normal        ] [F] LL_A ccq/connection-queue/add-stanza id=[1258130448] key=[7addb610] type=[notification] transient=[0] allow-ack-after-persistence=[true]
20:07:11.364 [ 211650] [normal        ] [F] LL_A xmpp//client-to-server-ping/server-time-shift: 1.247 sec
20:07:11.365 [ 211652] [ccq           ] [F] LL_A ccq/unordered/cache/preloaded count=[0] keys=[] dedup-count=[0] max-sort-id=[0]
20:07:11.365 [ 211652] [ccq           ] [F] LL_A batch//ccq.dispatcher.unordered/set-disabled/prev:disabled/new:enabled
20:07:11.365 [ 211652] [ccq           ] [F] LL_A ccq/queued-stanza-factory/seed-sort-id ordered=[0]
20:07:11.365 [ 211652] [ccq           ] [F] LL_A ccq/connection-queue/transition from=[running] to=[idle]
20:07:11.365 [ 211652] [ccq           ] [F] LL_A ccq/connection-queue/add-stanza restarting
20:07:11.365 [ 211458] [normal        ] [F] LL_A ccq/connection/idle busy-connection-active=[0]
20:07:11.366 [ 211652] [ccq           ] [F] LL_A ccq/connection-queue/transition from=[idle] to=[running]
20:07:11.366 [ 211652] [ccq           ] [F] LL_A ccq/queued-stanza-factory/seed-sort-id ordered=[0]
20:07:11.366 [ 211652] [ccq           ] [F] LL_A ccq/connection-queue/add-stanza/online-stanza-detected resuming deferred processing
20:07:11.366 [ 211652] [ccq           ] [F] LL_A ccq/unordered/cache/fetch-stanzas limit=[25] source=[any]
20:07:11.366 [ 211458] [normal        ] [F] LL_A ccq/connection/cancel-stanza-processing/skip-processing-stanzas
20:07:11.370 [ 209909] [NSManaged…fa80] [F] LL_A storage//save/success [KVStore-Tracking.sqlite in 0.00s with no changes]
20:07:11.371 [ 209909] [NSManaged…fa80] [F] LL_A storage//save/success [KVStore-Tracking.sqlite in 0.00s with changes]
20:07:11.371 [ 184665] [main-thread   ] [F] LL_A storage//save/background/done [ChatDB in 0.00s with no changes from 'NSManagedObjectContext 0x60000023dc70']
20:07:11.372 [ 184665] [main-thread   ] [F] LL_A messages-by-session//by-session [id: orphaned-files; count: 40; has-more: 1]
20:07:11.372 [ 184665] [main-thread   ] [F] LL_A task-manager//task-queue/task-completion task = <WAMessagesByActiveSessionTask: 0x600001250b60 [orphaned-files]>, queue = <WATaskQueue: 0x600001254af0>, should-run-again = 1
20:07:11.373 [ 184665] [main-thread   ] [F] LL_A task-manager//task finished for task-manager = <WATaskManager: 0x600001724100> on queue=<WATaskQueue: 0x600001254af0>
20:07:11.373 [ 184665] [main-thread   ] [F] LL_A task-manager//task-manager/run-task task-manager = <WATaskManager: 0x600001724100>, quiet mode 0 _executingTask 0
20:07:11.467 [ 212278] [ccq           ] [F] LL_A ccq/unordered/cache/add-stanzas count=[1] keys=[7addb610]
20:07:11.467 [ 212278] [ccq           ] [F] LL_A ccq/unordered/cache/add-stanzas/write-back buffered=[1]
20:07:11.468 [ 212278] [ccq           ] [F] LL_A ccq/unordered/cache/fetch-stanzas limit=[25] source=[any]
20:07:11.468 [ 212278] [ccq           ] [F] LL_A ccq/unordered/consumer/process-stanzas count=[1] keys=[7addb610]
20:07:11.468 [ 212278] [ccq           ] [F] LL_A ccq/unordered/storage/increment-process-count count=[1] keys=[7addb610]
20:07:11.471 [ 212278] [ccq           ] [F] LL_W ccq/unordered/storage/increment-process-count incomplete updated-stanza-count=[0] expected-stanza-count=[1]
20:07:11.471 [ 212278] [ccq           ] [F] LL_A ccq/unordered/processor/process-stanzas count=[1]
20:07:11.471 [ 211652] [stage-per…gger] [F] LL_E stage-performance-logger/Trying to end an invalid stage 1 for flow 1258130448-1-7-19-1790082427.0-******7439:0@lid
20:07:11.471 [ 211652] [stage-per…gger] [F] LL_E stage-performance-logger+notification-receive/stage-perf-logger/notification: Timing info doesn't exist for notification receive stage 1
20:07:11.472 [ 209909] [queue         ] [F] LL_A stanza-processing-complete stanza-id=[1258130448] stanza-type=[notification] ack-child-element=[(null)] ignore-exclusive-connection=[0]
20:07:11.472 [ 209909] [ccq           ] [F] LL_A ccq/unordered/queue/handle-processing-output count=[1]
20:07:11.472 [ 209909] [ccq           ] [F] LL_A ccq/unordered/cache/fetch-stanzas limit=[25] source=[any]
20:07:11.473 [ 211652] [normal        ] [F] LL_N stream//> send > [ack/notification/devices t=******7439:0@lid id=1258130448]
20:07:11.473 [ 209909] [stage-per…gger] [F] LL_E stage-performance-logger/Trying to end an invalid stage 0 for flow 1258130448-1-7-19-1790082427.0-******7439:0@lid
20:07:11.473 [ 211458] [ccq           ] [F] LL_A ccq/unordered/queue/handle-processing-output removed-stanza-count=[1]
20:07:11.473 [ 209909] [stage-per…gger] [F] LL_E stage-performance-logger+notification-receive/stage-perf-logger/notification: Timing info doesn't exist for notification receive stage 0
20:07:11.473 [ 211458] [ccq           ] [F] LL_A ccq/unordered/cache/remove-stanzas count=[1] keys=[7addb610]
20:07:11.473 [ 211458] [ccq           ] [F] LL_A ccq/unordered/cache/remove-stanzas/pending-persistence count=[1] keys=[7addb610]
20:07:11.473 [ 211458] [ccq           ] [F] LL_A ccq/unordered/storage/remove-stanzas count=[1] keys=[7addb610]
20:07:11.474 [ 211458] [ccq           ] [F] LL_A ccq/connection-queue/finish-processing idle
20:07:11.474 [ 211458] [ccq           ] [F] LL_A ccq/connection-queue/transition from=[running] to=[idle]
20:07:11.474 [ 211458] [normal        ] [F] LL_A ccq/connection/idle busy-connection-active=[0]
20:07:11.474 [ 211458] [normal        ] [F] LL_A ccq/connection/cancel-on-idle
20:07:11.474 [ 211458] [ccq           ] [F] LL_A ccq/connection-queue/cancel-stanza-processing reason=[WAStanzaProcessingCancellationReason(rawValue: 4)] deferred=[false]
20:07:11.474 [ 211458] [ccq           ] [F] LL_A ccq/connection-queue/transition from=[idle] to=[draining]
20:07:11.474 [ 211458] [ccq           ] [F] LL_A ccq/unordered/processor/cancel-all-processing reason=[WAStanzaProcessingCancellationReason(rawValue: 4)]
20:07:11.474 [ 211458] [ccq           ] [F] LL_A ccq/unordered/consumer/cancel-stanza-processing
20:07:11.474 [ 212278] [queue         ] [F] LL_A stanza-processing-cancellation handle-count=[0] reason=[4]
20:07:11.474 [ 211458] [ccq           ] [F] LL_A ccq/connection-queue/transition from=[draining] to=[stopped]
20:07:11.474 [ 211652] [queue         ] [F] LL_A stanza-processing-cancellation handle-count=[0] reason=[4]
20:07:11.474 [ 211458] [ccq           ] [F] LL_A ccq/unordered/cache/invalidate
20:07:11.475 [ 211458] [ccq           ] [F] LL_A batch//ccq.dispatcher.unordered/set-disabled/prev:enabled/new:disabled
20:07:11.475 [ 211458] [normal        ] [F] LL_A ccq/connection/background-task/end
20:07:11.476 [ 184665] [main-thread   ] [F] LL_A device-storage-updater/devices/<******7439@lid>/account-effect
LL_A 		->
LL_A 	AccountEffect(l: DeviceListEffect.mutate(3674778231 ts: 1790053818 i: [:] r: [<******7439:32@lid>] expectedTS: ETSEffect { .ignore } sync: false accType: WAPBADVEncryptionType(rawValue: 0) accTypeUpdated: false) k: IdentityKeyEffect { primaryIdentity: PrimaryIdentityEffect.ignore, newKeys: [] })
20:07:11.476 [ 211458] [crypto        ] [F] LL_A signal/store//session/delete/device-count=1 devices={(
LL_A     <******7439:32@lid>
LL_A )}
20:07:11.477 [ 211458] [NSManaged…4ea0] [F] LL_A storage//save/success [SignalDB in 0.00s with no changes]
20:07:11.477 [ 211458] [NSManaged…4ea0] [F] LL_A signal/store//session/delete/success count=0
20:07:11.477 [ 211458] [NSManaged…4ea0] [F] LL_A signal/store//sender-key/fetch/sent/user-count=1 users={(
LL_A     <******7439@lid>
LL_A )}
20:07:11.479 [ 184665] [main-thread   ] [F] LL_A chatstorage//save/ids/success [ChatDB in 0.00s]
20:07:11.479 [ 184665] [main-thread   ] [F] LL_A chatstorage//save/process [ChatDB in 0.00s]
20:07:11.479 [ 184665] [main-thread   ] [F] LL_A chatstorage//indexing/should index messages 0
20:07:11.481 [ 184665] [main-thread   ] [F] LL_A storage//save/success [ChatDB in 0.00s with changes]
20:07:11.481 [ 184665] [main-thread   ] [F] LL_A chatstorage//save/aggregated success [ChatDB in 0.00s]
20:07:11.482 [ 211652] [NSManaged…4ea0] [F] LL_A storage//save/success [SignalDB in 0.00s with no changes]
20:07:11.482 [ 211652] [NSManaged…4ea0] [F] LL_A signal/store//identity/delete/success count=0
20:07:12.139 [ 211650] [addressbook   ] [F] LL_A syncmanager//usync/scheduled-full/check c:[(null)] d:[2026-09-22 15:14:14 +0000] dm:[2026-09-22 15:14:14 +0000] sl:[(null)] b:[2026-09-22 15:14:14 +0000] s:[2026-09-22 15:14:14 +0000]
20:07:12.139 [ 211650] [addressbook   ] [F] LL_A syncmanager//usync/scheduled-full/run/background
20:07:12.142 [ 211650] [addressbook   ] [F] LL_A syncmanager//usync/unisync/begin
20:07:12.142 [ 211650] [addressbook   ] [F] LL_A syncmanager//usync/prepare-list/Full items=[0] deleted=[0]
20:07:12.153 [ 211650] [addressbook   ] [F] LL_A syncmanager//usync/prepare-sidelist/Full items=[62]
20:07:12.155 [ 211650] [addressbook   ] [F] LL_A syncmanager//usync/contacts/backoff is nil or before now:[nil]
20:07:12.155 [ 211650] [addressbook   ] [F] LL_A syncmanager//usync/contacts/nextScheduledFullSyncDate is:[(null)]
20:07:12.155 [ 211650] [addressbook   ] [F] LL_A syncmanager//usync/contacts/isCompanionDevice
20:07:12.155 [ 211650] [addressbook   ] [F] LL_A syncmanager//usync/contacts/isContactSyncEnabled:[NO]
20:07:12.155 [ 211650] [addressbook   ] [F] LL_A syncmanager//usync/unisync/nc/allowMutation: 1, mode: 3, orion_usync_allow_mutation_attribute:1 
20:07:12.162 [ 211650] [addressbook   ] [F] LL_A syncmanager//usync/unisync/start/Background/Full list=[0] sidelist=[62]
20:07:12.162 [ 211650] [addressbook   ] [F] LL_A sync-session//usync/request/start/ cl:n dl:n dm:n pl:n sl:n st:n bz:n lid:n un=[n] ts:n cl=[0] sl=[0]
20:07:12.162 [ 211652] [normal        ] [F] LL_E sync-session//usync/request/all protocols off
20:07:12.162 [ 184665] [main-thread   ] [F] LL_A syncmanager//usync/unisync/finished time=[0.000]
20:07:12.162 [ 211650] [addressbook   ] [F] LL_A syncmanager//usync/usync/skipped/already in progress
20:07:12.164 [ 184665] [main-thread   ] [F] LL_A chat-mgr//syncmanager/usync/delegate/sync-finished result=[Success] reason=[None] deleletedContacts=[0]
20:07:12.164 [ 211650] [addressbook   ] [F] LL_A chat-mgr//refresh-chats/started
20:07:12.165 [ 211650] [addressbook   ] [F] LL_A chat-mgr//refresh-chats/finished time=[0.000]
20:07:12.172 [ 211652] [NSManaged…dc70] [F] LL_W chatsession/missing-contact-identifier
20:07:12.201 [ 184665] [main-thread   ] [F] LL_A storage//save/background/done [ChatDB in 0.00s with no changes from 'NSManagedObjectContext 0x60000023dc70']
20:07:12.201 [ 184665] [main-thread   ] [F] LL_A chat-mgr//refresh-chats/merged-changes
20:07:12.415 [ 184665] [main-thread   ] [F] LL_A task-manager//task-manager/run-task task-manager = <WATaskManager: 0x600001724100>, quiet mode 0 _executingTask 0
20:07:12.416 [ 184665] [main-thread   ] [F] LL_A task-manager//run-task-in-group task-manager = <WATaskManager: 0x600001724100>, queue=<WATaskQueue: 0x600001254af0>
20:07:12.416 [ 184665] [main-thread   ] [F] LL_A task-manager//task-queue/find-task to be executed task = <WAMessagesByActiveSessionTask: 0x60000124a5a0 [fix-streaming-items]>  queue=<WATaskQueue: 0x600001254af0>
20:07:12.418 [ 184665] [main-thread   ] [F] LL_A task-manager//task/start [<WATaskQueue: 0x600001254af0>]
20:07:12.418 [ 211458] [utility-qos   ] [F] LL_A task-manager//task-queue/run-task on queue task = <WAMessagesByActiveSessionTask: 0x60000124a5a0 [fix-streaming-items]>, queue = <WATaskQueue: 0x600001254af0>
20:07:12.423 [ 184665] [main-thread   ] [F] LL_A storage//save/background/done [ChatDB in 0.00s with no changes from 'NSManagedObjectContext 0x60000023dc70']
20:07:12.423 [ 184665] [main-thread   ] [F] LL_A messages-by-session//by-session [id: fix-streaming-items; count: 0; has-more: 0]
20:07:12.423 [ 184665] [main-thread   ] [F] LL_A task-manager//task-queue/task-completion task = <WAMessagesByActiveSessionTask: 0x60000124a5a0 [fix-streaming-items]>, queue = <WATaskQueue: 0x600001254af0>, should-run-again = 1
20:07:12.425 [ 184665] [main-thread   ] [F] LL_A task-manager//task finished for task-manager = <WATaskManager: 0x600001724100> on queue=<WATaskQueue: 0x600001254af0>
20:07:12.425 [ 184665] [main-thread   ] [F] LL_A task-manager//task-manager/run-task task-manager = <WATaskManager: 0x600001724100>, quiet mode 0 _executingTask 0
20:07:12.562 [ 211652] [memory-us…ging] [F] LL_A app//memory: System [Used 5634MB, Free 65MB] Process [Footprint 172MB (+0MB), Available 0MB, Peak 186MB] [cpu/s: 0.058]
20:07:13.465 [ 184665] [main-thread   ] [F] LL_A task-manager//task-manager/run-task task-manager = <WATaskManager: 0x600001724100>, quiet mode 0 _executingTask 0
20:07:13.466 [ 184665] [main-thread   ] [F] LL_A task-manager//run-task-in-group task-manager = <WATaskManager: 0x600001724100>, queue=<WATaskQueue: 0x600001254af0>
20:07:13.466 [ 184665] [main-thread   ] [F] LL_A task-manager//task-queue/find-task to be executed task = <WAMessagesByActiveSessionTask: 0x600001250b60 [orphaned-files]>  queue=<WATaskQueue: 0x600001254af0>
20:07:13.468 [ 184665] [main-thread   ] [F] LL_A task-manager//task/start [<WATaskQueue: 0x600001254af0>]
20:07:13.468 [ 211652] [utility-qos   ] [F] LL_A task-manager//task-queue/run-task on queue task = <WAMessagesByActiveSessionTask: 0x600001250b60 [orphaned-files]>, queue = <WATaskQueue: 0x600001254af0>
20:07:13.477 [ 211652] [NSManaged…fa80] [F] LL_A storage//save/success [KVStore-Tracking.sqlite in 0.00s with no changes]
20:07:13.479 [ 211652] [NSManaged…fa80] [F] LL_A storage//save/success [KVStore-Tracking.sqlite in 0.00s with changes]
20:07:13.479 [ 184665] [main-thread   ] [F] LL_A storage//save/background/done [ChatDB in 0.00s with no changes from 'NSManagedObjectContext 0x60000023dc70']
20:07:13.479 [ 184665] [main-thread   ] [F] LL_A messages-by-session//by-session [id: orphaned-files; count: 40; has-more: 1]
20:07:13.479 [ 184665] [main-thread   ] [F] LL_A task-manager//task-queue/task-completion task = <WAMessagesByActiveSessionTask: 0x600001250b60 [orphaned-files]>, queue = <WATaskQueue: 0x600001254af0>, should-run-again = 1
20:07:13.480 [ 184665] [main-thread   ] [F] LL_A task-manager//task finished for task-manager = <WATaskManager: 0x600001724100> on queue=<WATaskQueue: 0x600001254af0>
20:07:13.480 [ 184665] [main-thread   ] [F] LL_A task-manager//task-manager/run-task task-manager = <WATaskManager: 0x600001724100>, quiet mode 0 _executingTask 0
20:07:14.515 [ 184665] [main-thread   ] [F] LL_A task-manager//task-manager/run-task task-manager = <WATaskManager: 0x600001724100>, quiet mode 0 _executingTask 0
20:07:14.516 [ 184665] [main-thread   ] [F] LL_A task-manager//run-task-in-group task-manager = <WATaskManager: 0x600001724100>, queue=<WATaskQueue: 0x600001254af0>
20:07:14.516 [ 184665] [main-thread   ] [F] LL_A task-manager//task-queue/find-task to be executed task = <WAMessagesByActiveSessionTask: 0x60000124a5a0 [fix-streaming-items]>  queue=<WATaskQueue: 0x600001254af0>
20:07:14.518 [ 184665] [main-thread   ] [F] LL_A task-manager//task/start [<WATaskQueue: 0x600001254af0>]
20:07:14.518 [ 211650] [utility-qos   ] [F] LL_A task-manager//task-queue/run-task on queue task = <WAMessagesByActiveSessionTask: 0x60000124a5a0 [fix-streaming-items]>, queue = <WATaskQueue: 0x600001254af0>
20:07:14.522 [ 184665] [main-thread   ] [F] LL_A storage//save/background/done [ChatDB in 0.00s with no changes from 'NSManagedObjectContext 0x60000023dc70']
20:07:14.522 [ 184665] [main-thread   ] [F] LL_A messages-by-session//by-session [id: fix-streaming-items; count: 0; has-more: 0]
20:07:14.522 [ 184665] [main-thread   ] [F] LL_A task-manager//task-queue/task-completion task = <WAMessagesByActiveSessionTask: 0x60000124a5a0 [fix-streaming-items]>, queue = <WATaskQueue: 0x600001254af0>, should-run-again = 1
20:07:14.523 [ 184665] [main-thread   ] [F] LL_A task-manager//task finished for task-manager = <WATaskManager: 0x600001724100> on queue=<WATaskQueue: 0x600001254af0>
20:07:14.524 [ 184665] [main-thread   ] [F] LL_A task-manager//task-manager/run-task task-manager = <WATaskManager: 0x600001724100>, quiet mode 0 _executingTask 0
20:07:15.559 [ 184665] [main-thread   ] [F] LL_A task-manager//task-manager/run-task task-manager = <WATaskManager: 0x600001724100>, quiet mode 0 _executingTask 0
20:07:15.559 [ 184665] [main-thread   ] [F] LL_A task-manager//run-task-in-group task-manager = <WATaskManager: 0x600001724100>, queue=<WATaskQueue: 0x600001254af0>
20:07:15.560 [ 184665] [main-thread   ] [F] LL_A task-manager//task-queue/find-task to be executed task = <WAMessagesByActiveSessionTask: 0x600001250b60 [orphaned-files]>  queue=<WATaskQueue: 0x600001254af0>
20:07:15.561 [ 211650] [memory-us…ging] [F] LL_A app//memory: System [Used 5634MB, Free 66MB] Process [Footprint 172MB (0MB), Available 0MB, Peak 186MB] [cpu/s: 0.022]
20:07:15.562 [ 184665] [main-thread   ] [F] LL_A task-manager//task/start [<WATaskQueue: 0x600001254af0>]
20:07:15.562 [ 211652] [utility-qos   ] [F] LL_A task-manager//task-queue/run-task on queue task = <WAMessagesByActiveSessionTask: 0x600001250b60 [orphaned-files]>, queue = <WATaskQueue: 0x600001254af0>
20:07:15.571 [ 211652] [NSManaged…fa80] [F] LL_A storage//save/success [KVStore-Tracking.sqlite in 0.00s with no changes]
20:07:15.573 [ 211652] [NSManaged…fa80] [F] LL_A storage//save/success [KVStore-Tracking.sqlite in 0.00s with changes]
20:07:15.573 [ 184665] [main-thread   ] [F] LL_A storage//save/background/done [ChatDB in 0.00s with no changes from 'NSManagedObjectContext 0x60000023dc70']
20:07:15.573 [ 184665] [main-thread   ] [F] LL_A messages-by-session//by-session [id: orphaned-files; count: 29; has-more: 0]
20:07:15.573 [ 184665] [main-thread   ] [F] LL_A task-manager//task-queue/task-completion task = <WAMessagesByActiveSessionTask: 0x600001250b60 [orphaned-files]>, queue = <WATaskQueue: 0x600001254af0>, should-run-again = 1
20:07:15.574 [ 184665] [main-thread   ] [F] LL_A task-manager//task finished for task-manager = <WATaskManager: 0x600001724100> on queue=<WATaskQueue: 0x600001254af0>
20:07:15.574 [ 184665] [main-thread   ] [F] LL_A task-manager//task-manager/run-task task-manager = <WATaskManager: 0x600001724100>, quiet mode 0 _executingTask 0
20:07:16.599 [ 184665] [main-thread   ] [F] LL_A task-manager//task-manager/run-task task-manager = <WATaskManager: 0x600001724100>, quiet mode 0 _executingTask 0
20:07:16.599 [ 184665] [main-thread   ] [F] LL_A task-manager//run-task-in-group task-manager = <WATaskManager: 0x600001724100>, queue=<WATaskQueue: 0x600001254af0>
20:07:16.599 [ 184665] [main-thread   ] [F] LL_A task-manager//task-queue/find-task to be executed task = <WAMessagesByActiveSessionTask: 0x60000124a5a0 [fix-streaming-items]>  queue=<WATaskQueue: 0x600001254af0>
20:07:16.601 [ 184665] [main-thread   ] [F] LL_A task-manager//task/start [<WATaskQueue: 0x600001254af0>]
20:07:16.601 [ 211458] [utility-qos   ] [F] LL_A task-manager//task-queue/run-task on queue task = <WAMessagesByActiveSessionTask: 0x60000124a5a0 [fix-streaming-items]>, queue = <WATaskQueue: 0x600001254af0>
20:07:16.606 [ 184665] [main-thread   ] [F] LL_A storage//save/background/done [ChatDB in 0.00s with no changes from 'NSManagedObjectContext 0x60000023dc70']
20:07:16.607 [ 184665] [main-thread   ] [F] LL_A messages-by-session//by-session [id: fix-streaming-items; count: 0; has-more: 0]
20:07:16.607 [ 184665] [main-thread   ] [F] LL_A task-manager//task-queue/task-completion task = <WAMessagesByActiveSessionTask: 0x60000124a5a0 [fix-streaming-items]>, queue = <WATaskQueue: 0x600001254af0>, should-run-again = 1
20:07:16.608 [ 184665] [main-thread   ] [F] LL_A task-manager//task finished for task-manager = <WATaskManager: 0x600001724100> on queue=<WATaskQueue: 0x600001254af0>
20:07:16.608 [ 184665] [main-thread   ] [F] LL_A task-manager//task-manager/run-task task-manager = <WATaskManager: 0x600001724100>, quiet mode 0 _executingTask 0
20:07:17.632 [ 184665] [main-thread   ] [F] LL_A task-manager//task-manager/run-task task-manager = <WATaskManager: 0x600001724100>, quiet mode 0 _executingTask 0
20:07:17.633 [ 184665] [main-thread   ] [F] LL_A task-manager//run-task-in-group task-manager = <WATaskManager: 0x600001724100>, queue=<WATaskQueue: 0x600001254af0>
20:07:17.633 [ 184665] [main-thread   ] [F] LL_A task-manager//task-queue/find-task to be executed task = <WAMessagesByActiveSessionTask: 0x600001250b60 [orphaned-files]>  queue=<WATaskQueue: 0x600001254af0>
20:07:17.635 [ 184665] [main-thread   ] [F] LL_A task-manager//task/start [<WATaskQueue: 0x600001254af0>]
20:07:17.635 [ 211652] [utility-qos   ] [F] LL_A task-manager//task-queue/run-task on queue task = <WAMessagesByActiveSessionTask: 0x600001250b60 [orphaned-files]>, queue = <WATaskQueue: 0x600001254af0>
20:07:17.641 [ 211652] [NSManaged…fa80] [F] LL_A storage//save/success [KVStore-Tracking.sqlite in 0.00s with no changes]
20:07:17.643 [ 211652] [NSManaged…fa80] [F] LL_A storage//save/success [KVStore-Tracking.sqlite in 0.00s with changes]
20:07:17.643 [ 184665] [main-thread   ] [F] LL_A storage//save/background/done [ChatDB in 0.00s with no changes from 'NSManagedObjectContext 0x60000023dc70']
20:07:17.643 [ 184665] [main-thread   ] [F] LL_A messages-by-session//by-session [id: orphaned-files; count: 0; has-more: 0]
20:07:17.643 [ 184665] [main-thread   ] [F] LL_A task-manager//task-queue/task-completion task = <WAMessagesByActiveSessionTask: 0x600001250b60 [orphaned-files]>, queue = <WATaskQueue: 0x600001254af0>, should-run-again = 1
20:07:17.644 [ 184665] [main-thread   ] [F] LL_A task-manager//task finished for task-manager = <WATaskManager: 0x600001724100> on queue=<WATaskQueue: 0x600001254af0>
20:07:17.644 [ 184665] [main-thread   ] [F] LL_A task-manager//task-manager/run-task task-manager = <WATaskManager: 0x600001724100>, quiet mode 0 _executingTask 0
20:07:18.562 [ 211650] [memory-us…ging] [F] LL_A app//memory: System [Used 5637MB, Free 62MB] Process [Footprint 172MB (0MB), Available 0MB, Peak 186MB] [cpu/s: 0.024]
20:07:18.693 [ 184665] [main-thread   ] [F] LL_A task-manager//task-manager/run-task task-manager = <WATaskManager: 0x600001724100>, quiet mode 0 _executingTask 0
20:07:18.693 [ 184665] [main-thread   ] [F] LL_A task-manager//run-task-in-group task-manager = <WATaskManager: 0x600001724100>, queue=<WATaskQueue: 0x600001254af0>
20:07:18.693 [ 184665] [main-thread   ] [F] LL_A task-manager//task-queue/find-task to be executed task = <WAMessagesByActiveSessionTask: 0x60000124a5a0 [fix-streaming-items]>  queue=<WATaskQueue: 0x600001254af0>
20:07:18.696 [ 184665] [main-thread   ] [F] LL_A task-manager//task/start [<WATaskQueue: 0x600001254af0>]
20:07:18.696 [ 211652] [utility-qos   ] [F] LL_A task-manager//task-queue/run-task on queue task = <WAMessagesByActiveSessionTask: 0x60000124a5a0 [fix-streaming-items]>, queue = <WATaskQueue: 0x600001254af0>
20:07:18.702 [ 184665] [main-thread   ] [F] LL_A storage//save/background/done [ChatDB in 0.00s with no changes from 'NSManagedObjectContext 0x60000023dc70']
20:07:18.702 [ 184665] [main-thread   ] [F] LL_A messages-by-session//by-session [id: fix-streaming-items; count: 0; has-more: 0]
20:07:18.702 [ 184665] [main-thread   ] [F] LL_A task-manager//task-queue/task-completion task = <WAMessagesByActiveSessionTask: 0x60000124a5a0 [fix-streaming-items]>, queue = <WATaskQueue: 0x600001254af0>, should-run-again = 1
20:07:18.703 [ 184665] [main-thread   ] [F] LL_A task-manager//task finished for task-manager = <WATaskManager: 0x600001724100> on queue=<WATaskQueue: 0x600001254af0>
20:07:18.703 [ 184665] [main-thread   ] [F] LL_A task-manager//task-manager/run-task task-manager = <WATaskManager: 0x600001724100>, quiet mode 0 _executingTask 0
20:07:19.716 [ 184665] [main-thread   ] [F] LL_A task-manager//task-manager/run-task task-manager = <WATaskManager: 0x600001724100>, quiet mode 0 _executingTask 0
20:07:19.716 [ 184665] [main-thread   ] [F] LL_A task-manager//run-task-in-group task-manager = <WATaskManager: 0x600001724100>, queue=<WATaskQueue: 0x600001254af0>
20:07:19.716 [ 184665] [main-thread   ] [F] LL_A task-manager//task-queue/find-task to be executed task = <WAMessagesByActiveSessionTask: 0x600001250b60 [orphaned-files]>  queue=<WATaskQueue: 0x600001254af0>
20:07:19.718 [ 184665] [main-thread   ] [F] LL_A task-manager//task/start [<WATaskQueue: 0x600001254af0>]
20:07:19.718 [ 209909] [utility-qos   ] [F] LL_A task-manager//task-queue/run-task on queue task = <WAMessagesByActiveSessionTask: 0x600001250b60 [orphaned-files]>, queue = <WATaskQueue: 0x600001254af0>
20:07:19.730 [ 209909] [NSManaged…fa80] [F] LL_A storage//save/success [KVStore-Tracking.sqlite in 0.00s with no changes]
20:07:19.731 [ 209909] [NSManaged…fa80] [F] LL_A storage//save/success [KVStore-Tracking.sqlite in 0.00s with changes]
20:07:19.731 [ 184665] [main-thread   ] [F] LL_A storage//save/background/done [ChatDB in 0.00s with no changes from 'NSManagedObjectContext 0x60000023dc70']
20:07:19.732 [ 184665] [main-thread   ] [F] LL_A messages-by-session//by-session [id: orphaned-files; count: 40; has-more: 1]
20:07:19.732 [ 184665] [main-thread   ] [F] LL_A task-manager//task-queue/task-completion task = <WAMessagesByActiveSessionTask: 0x600001250b60 [orphaned-files]>, queue = <WATaskQueue: 0x600001254af0>, should-run-again = 1
20:07:19.733 [ 184665] [main-thread   ] [F] LL_A task-manager//task finished for task-manager = <WATaskManager: 0x600001724100> on queue=<WATaskQueue: 0x600001254af0>
20:07:19.733 [ 184665] [main-thread   ] [F] LL_A task-manager//task-manager/run-task task-manager = <WATaskManager: 0x600001724100>, quiet mode 0 _executingTask 0
20:07:20.782 [ 184665] [main-thread   ] [F] LL_A task-manager//task-manager/run-task task-manager = <WATaskManager: 0x600001724100>, quiet mode 0 _executingTask 0
20:07:20.782 [ 184665] [main-thread   ] [F] LL_A task-manager//run-task-in-group task-manager = <WATaskManager: 0x600001724100>, queue=<WATaskQueue: 0x600001254af0>
20:07:20.782 [ 184665] [main-thread   ] [F] LL_A task-manager//task-queue/find-task to be executed task = <WAMessagesByActiveSessionTask: 0x60000124a5a0 [fix-streaming-items]>  queue=<WATaskQueue: 0x600001254af0>
20:07:20.784 [ 184665] [main-thread   ] [F] LL_A task-manager//task/start [<WATaskQueue: 0x600001254af0>]
20:07:20.785 [ 211458] [utility-qos   ] [F] LL_A task-manager//task-queue/run-task on queue task = <WAMessagesByActiveSessionTask: 0x60000124a5a0 [fix-streaming-items]>, queue = <WATaskQueue: 0x600001254af0>
20:07:20.838 [ 184665] [main-thread   ] [F] LL_A storage//save/background/done [ChatDB in 0.00s with no changes from 'NSManagedObjectContext 0x60000023dc70']
20:07:20.839 [ 184665] [main-thread   ] [F] LL_A messages-by-session//by-session [id: fix-streaming-items; count: 0; has-more: 0]
20:07:20.839 [ 184665] [main-thread   ] [F] LL_A task-manager//task-queue/task-completion task = <WAMessagesByActiveSessionTask: 0x60000124a5a0 [fix-streaming-items]>, queue = <WATaskQueue: 0x600001254af0>, should-run-again = 1
20:07:20.839 [ 184665] [main-thread   ] [F] LL_A task-manager//task finished for task-manager = <WATaskManager: 0x600001724100> on queue=<WATaskQueue: 0x600001254af0>
20:07:20.839 [ 184665] [main-thread   ] [F] LL_A task-manager//task-manager/run-task task-manager = <WATaskManager: 0x600001724100>, quiet mode 0 _executingTask 0
20:07:21.561 [ 211458] [memory-us…ging] [F] LL_A app//memory: System [Used 5636MB, Free 64MB] Process [Footprint 172MB (0MB), Available 0MB, Peak 186MB] [cpu/s: 0.028]
20:07:21.866 [ 184665] [main-thread   ] [F] LL_A task-manager//task-manager/run-task task-manager = <WATaskManager: 0x600001724100>, quiet mode 0 _executingTask 0
20:07:21.866 [ 184665] [main-thread   ] [F] LL_A task-manager//run-task-in-group task-manager = <WATaskManager: 0x600001724100>, queue=<WATaskQueue: 0x600001254af0>
20:07:21.866 [ 184665] [main-thread   ] [F] LL_A task-manager//task-queue/find-task to be executed task = <WAMessagesByActiveSessionTask: 0x600001250b60 [orphaned-files]>  queue=<WATaskQueue: 0x600001254af0>
20:07:21.868 [ 184665] [main-thread   ] [F] LL_A task-manager//task/start [<WATaskQueue: 0x600001254af0>]
20:07:21.868 [ 211650] [utility-qos   ] [F] LL_A task-manager//task-queue/run-task on queue task = <WAMessagesByActiveSessionTask: 0x600001250b60 [orphaned-files]>, queue = <WATaskQueue: 0x600001254af0>
20:07:21.881 [ 211458] [NSManaged…fa80] [F] LL_A storage//save/success [KVStore-Tracking.sqlite in 0.00s with no changes]
20:07:21.882 [ 211458] [NSManaged…fa80] [F] LL_A storage//save/success [KVStore-Tracking.sqlite in 0.00s with changes]
20:07:21.882 [ 184665] [main-thread   ] [F] LL_A storage//save/background/done [ChatDB in 0.00s with no changes from 'NSManagedObjectContext 0x60000023dc70']
20:07:21.883 [ 184665] [main-thread   ] [F] LL_A messages-by-session//by-session [id: orphaned-files; count: 33; has-more: 0]
20:07:21.883 [ 184665] [main-thread   ] [F] LL_A task-manager//task-queue/task-completion task = <WAMessagesByActiveSessionTask: 0x600001250b60 [orphaned-files]>, queue = <WATaskQueue: 0x600001254af0>, should-run-again = 1
20:07:21.884 [ 184665] [main-thread   ] [F] LL_A task-manager//task finished for task-manager = <WATaskManager: 0x600001724100> on queue=<WATaskQueue: 0x600001254af0>
20:07:21.884 [ 184665] [main-thread   ] [F] LL_A task-manager//task-manager/run-task task-manager = <WATaskManager: 0x600001724100>, quiet mode 0 _executingTask 0
20:07:22.932 [ 184665] [main-thread   ] [F] LL_A task-manager//task-manager/run-task task-manager = <WATaskManager: 0x600001724100>, quiet mode 0 _executingTask 0
20:07:22.933 [ 184665] [main-thread   ] [F] LL_A task-manager//run-task-in-group task-manager = <WATaskManager: 0x600001724100>, queue=<WATaskQueue: 0x600001254af0>
20:07:22.933 [ 184665] [main-thread   ] [F] LL_A task-manager//task-queue/find-task to be executed task = <WAMessagesByActiveSessionTask: 0x60000124a5a0 [fix-streaming-items]>  queue=<WATaskQueue: 0x600001254af0>
20:07:22.935 [ 184665] [main-thread   ] [F] LL_A task-manager//task/start [<WATaskQueue: 0x600001254af0>]
20:07:22.935 [ 211652] [utility-qos   ] [F] LL_A task-manager//task-queue/run-task on queue task = <WAMessagesByActiveSessionTask: 0x60000124a5a0 [fix-streaming-items]>, queue = <WATaskQueue: 0x600001254af0>
20:07:22.939 [ 184665] [main-thread   ] [F] LL_A storage//save/background/done [ChatDB in 0.00s with no changes from 'NSManagedObjectContext 0x60000023dc70']
20:07:22.940 [ 184665] [main-thread   ] [F] LL_A messages-by-session//by-session [id: fix-streaming-items; count: 0; has-more: 0]
20:07:22.940 [ 184665] [main-thread   ] [F] LL_A task-manager//task-queue/task-completion task = <WAMessagesByActiveSessionTask: 0x60000124a5a0 [fix-streaming-items]>, queue = <WATaskQueue: 0x600001254af0>, should-run-again = 1
20:07:22.941 [ 184665] [main-thread   ] [F] LL_A task-manager//task finished for task-manager = <WATaskManager: 0x600001724100> on queue=<WATaskQueue: 0x600001254af0>
20:07:22.941 [ 184665] [main-thread   ] [F] LL_A task-manager//task-manager/run-task task-manager = <WATaskManager: 0x600001724100>, quiet mode 0 _executingTask 0
20:07:23.982 [ 184665] [main-thread   ] [F] LL_A task-manager//task-manager/run-task task-manager = <WATaskManager: 0x600001724100>, quiet mode 0 _executingTask 0
20:07:23.982 [ 184665] [main-thread   ] [F] LL_A task-manager//run-task-in-group task-manager = <WATaskManager: 0x600001724100>, queue=<WATaskQueue: 0x600001254af0>
20:07:23.982 [ 184665] [main-thread   ] [F] LL_A task-manager//task-queue/find-task to be executed task = <WAMessagesByActiveSessionTask: 0x600001250b60 [orphaned-files]>  queue=<WATaskQueue: 0x600001254af0>
20:07:23.985 [ 184665] [main-thread   ] [F] LL_A task-manager//task/start [<WATaskQueue: 0x600001254af0>]
20:07:23.985 [ 211458] [utility-qos   ] [F] LL_A task-manager//task-queue/run-task on queue task = <WAMessagesByActiveSessionTask: 0x600001250b60 [orphaned-files]>, queue = <WATaskQueue: 0x600001254af0>
20:07:23.990 [ 211458] [NSManaged…fa80] [F] LL_A storage//save/success [KVStore-Tracking.sqlite in 0.00s with no changes]
20:07:23.992 [ 211458] [NSManaged…fa80] [F] LL_A storage//save/success [KVStore-Tracking.sqlite in 0.00s with changes]
20:07:23.993 [ 184665] [main-thread   ] [F] LL_A storage//save/background/done [ChatDB in 0.00s with no changes from 'NSManagedObjectContext 0x60000023dc70']
20:07:23.993 [ 184665] [main-thread   ] [F] LL_A messages-by-session//by-session [id: orphaned-files; count: 1; has-more: 0]
20:07:23.993 [ 184665] [main-thread   ] [F] LL_A task-manager//task-queue/task-completion task = <WAMessagesByActiveSessionTask: 0x600001250b60 [orphaned-files]>, queue = <WATaskQueue: 0x600001254af0>, should-run-again = 1
20:07:23.994 [ 184665] [main-thread   ] [F] LL_A task-manager//task finished for task-manager = <WATaskManager: 0x600001724100> on queue=<WATaskQueue: 0x600001254af0>
20:07:23.994 [ 184665] [main-thread   ] [F] LL_A task-manager//task-manager/run-task task-manager = <WATaskManager: 0x600001724100>, quiet mode 0 _executingTask 0
20:07:24.561 [ 209909] [memory-us…ging] [F] LL_A app//memory: System [Used 5636MB, Free 64MB] Process [Footprint 172MB (-0MB), Available 0MB, Peak 186MB] [cpu/s: 0.026]
20:07:25.032 [ 184665] [main-thread   ] [F] LL_A task-manager//task-manager/run-task task-manager = <WATaskManager: 0x600001724100>, quiet mode 0 _executingTask 0
20:07:25.032 [ 184665] [main-thread   ] [F] LL_A task-manager//run-task-in-group task-manager = <WATaskManager: 0x600001724100>, queue=<WATaskQueue: 0x600001254af0>
20:07:25.032 [ 184665] [main-thread   ] [F] LL_A task-manager//task-queue/find-task to be executed task = <WAMessagesByActiveSessionTask: 0x60000124a5a0 [fix-streaming-items]>  queue=<WATaskQueue: 0x600001254af0>
20:07:25.034 [ 184665] [main-thread   ] [F] LL_A task-manager//task/start [<WATaskQueue: 0x600001254af0>]
20:07:25.034 [ 211652] [utility-qos   ] [F] LL_A task-manager//task-queue/run-task on queue task = <WAMessagesByActiveSessionTask: 0x60000124a5a0 [fix-streaming-items]>, queue = <WATaskQueue: 0x600001254af0>
20:07:25.039 [ 184665] [main-thread   ] [F] LL_A storage//save/background/done [ChatDB in 0.00s with no changes from 'NSManagedObjectContext 0x60000023dc70']
20:07:25.039 [ 184665] [main-thread   ] [F] LL_A messages-by-session//by-session [id: fix-streaming-items; count: 0; has-more: 0]
20:07:25.039 [ 184665] [main-thread   ] [F] LL_A task-manager//task-queue/task-completion task = <WAMessagesByActiveSessionTask: 0x60000124a5a0 [fix-streaming-items]>, queue = <WATaskQueue: 0x600001254af0>, should-run-again = 1
20:07:25.040 [ 184665] [main-thread   ] [F] LL_A task-manager//task finished for task-manager = <WATaskManager: 0x600001724100> on queue=<WATaskQueue: 0x600001254af0>
20:07:25.040 [ 184665] [main-thread   ] [F] LL_A task-manager//task-manager/run-task task-manager = <WATaskManager: 0x600001724100>, quiet mode 0 _executingTask 0
20:07:26.090 [ 184665] [main-thread   ] [F] LL_A task-manager//task-manager/run-task task-manager = <WATaskManager: 0x600001724100>, quiet mode 0 _executingTask 0
20:07:26.090 [ 184665] [main-thread   ] [F] LL_A task-manager//run-task-in-group task-manager = <WATaskManager: 0x600001724100>, queue=<WATaskQueue: 0x600001254af0>
20:07:26.090 [ 184665] [main-thread   ] [F] LL_A task-manager//task-queue/find-task to be executed task = <WAMessagesByActiveSessionTask: 0x600001250b60 [orphaned-files]>  queue=<WATaskQueue: 0x600001254af0>
20:07:26.092 [ 184665] [main-thread   ] [F] LL_A task-manager//task/start [<WATaskQueue: 0x600001254af0>]
20:07:26.092 [ 211458] [utility-qos   ] [F] LL_A task-manager//task-queue/run-task on queue task = <WAMessagesByActiveSessionTask: 0x600001250b60 [orphaned-files]>, queue = <WATaskQueue: 0x600001254af0>
20:07:26.112 [ 211652] [NSManaged…dc70] [F] LL_W chatstorage-tasks//orphaned/warning/linking [1; Media/280942467895502@lid/0/9/09ad72e0-768b-4380-80c4-47459809b5f9.thumb -> Media/280942467895502@lid/5/a/5abe6af1-c1a7-406b-b68f-6e41523330f3.thumb; 2026-07-03 14:27:45 +0000]
20:07:26.113 [ 211652] [NSManaged…dc70] [F] LL_W chatstorage-tasks//orphaned/warning/linking [1; Media/280942467895502@lid/b/1/b1cfb9e5-f4a4-449b-8031-3abecdd71a12.thumb -> Media/280942467895502@lid/c/d/cda69108-5011-4dc7-93e6-5d9c97bb562f.thumb; 2026-07-15 13:29:53 +0000]
20:07:26.114 [ 211652] [NSManaged…dc70] [F] LL_W chatstorage-tasks//orphaned/warning/linking [1; Media/280942467895502@lid/3/4/349db249-4030-45cd-817c-ab03ec7056f2.thumb -> Media/280942467895502@lid/e/3/e3fb1d14-34b0-41c6-b98a-b67efc759fc4.thumb; 2026-07-15 13:29:53 +0000]
20:07:26.115 [ 211652] [NSManaged…dc70] [F] LL_W chatstorage-tasks//orphaned/warning/linking [1; Media/280942467895502@lid/3/7/379cd3a3-f210-4813-9e86-f0a9613e2c4c.thumb -> Media/280942467895502@lid/4/9/49acbd4c-0345-4a45-8c36-27e638e8066b.thumb; 2026-07-15 13:29:53 +0000]
20:07:26.115 [ 211652] [NSManaged…fa80] [F] LL_A storage//save/success [KVStore-Tracking.sqlite in 0.00s with no changes]
20:07:26.117 [ 211652] [NSManaged…fa80] [F] LL_A storage//save/success [KVStore-Tracking.sqlite in 0.00s with changes]
20:07:26.118 [ 184665] [main-thread   ] [F] LL_A storage//save/background/done [ChatDB in 0.00s with changes from 'NSManagedObjectContext 0x60000023dc70']
20:07:26.118 [ 184665] [main-thread   ] [F] LL_A messages-by-session//by-session [id: orphaned-files; count: 40; has-more: 1]
20:07:26.118 [ 184665] [main-thread   ] [F] LL_A task-manager//task-queue/task-completion task = <WAMessagesByActiveSessionTask: 0x600001250b60 [orphaned-files]>, queue = <WATaskQueue: 0x600001254af0>, should-run-again = 1
20:07:26.119 [ 184665] [main-thread   ] [F] LL_A task-manager//task finished for task-manager = <WATaskManager: 0x600001724100> on queue=<WATaskQueue: 0x600001254af0>
20:07:26.119 [ 184665] [main-thread   ] [F] LL_A task-manager//task-manager/run-task task-manager = <WATaskManager: 0x600001724100>, quiet mode 0 _executingTask 0
20:07:27.122 [ 184665] [main-thread   ] [F] LL_A task-manager//task-manager/run-task task-manager = <WATaskManager: 0x600001724100>, quiet mode 0 _executingTask 0
20:07:27.122 [ 184665] [main-thread   ] [F] LL_A task-manager//run-task-in-group task-manager = <WATaskManager: 0x600001724100>, queue=<WATaskQueue: 0x600001254af0>
20:07:27.122 [ 184665] [main-thread   ] [F] LL_A task-manager//task-queue/find-task to be executed task = <WAMessagesByActiveSessionTask: 0x60000124a5a0 [fix-streaming-items]>  queue=<WATaskQueue: 0x600001254af0>
20:07:27.124 [ 184665] [main-thread   ] [F] LL_A task-manager//task/start [<WATaskQueue: 0x600001254af0>]
20:07:27.124 [ 211458] [utility-qos   ] [F] LL_A task-manager//task-queue/run-task on queue task = <WAMessagesByActiveSessionTask: 0x60000124a5a0 [fix-streaming-items]>, queue = <WATaskQueue: 0x600001254af0>
20:07:27.130 [ 184665] [main-thread   ] [F] LL_A storage//save/background/done [ChatDB in 0.00s with no changes from 'NSManagedObjectContext 0x60000023dc70']
20:07:27.130 [ 184665] [main-thread   ] [F] LL_A messages-by-session//by-session [id: fix-streaming-items; count: 0; has-more: 0]
20:07:27.130 [ 184665] [main-thread   ] [F] LL_A task-manager//task-queue/task-completion task = <WAMessagesByActiveSessionTask: 0x60000124a5a0 [fix-streaming-items]>, queue = <WATaskQueue: 0x600001254af0>, should-run-again = 1
20:07:27.131 [ 184665] [main-thread   ] [F] LL_A task-manager//task finished for task-manager = <WATaskManager: 0x600001724100> on queue=<WATaskQueue: 0x600001254af0>
20:07:27.131 [ 184665] [main-thread   ] [F] LL_A task-manager//task-manager/run-task task-manager = <WATaskManager: 0x600001724100>, quiet mode 0 _executingTask 0
20:07:27.561 [ 211650] [memory-us…ging] [F] LL_A app//memory: System [Used 5612MB, Free 88MB] Process [Footprint 172MB (0MB), Available 0MB, Peak 186MB] [cpu/s: 0.027]
20:07:28.132 [ 184665] [main-thread   ] [F] LL_A task-manager//task-manager/run-task task-manager = <WATaskManager: 0x600001724100>, quiet mode 0 _executingTask 0
20:07:28.133 [ 184665] [main-thread   ] [F] LL_A task-manager//run-task-in-group task-manager = <WATaskManager: 0x600001724100>, queue=<WATaskQueue: 0x600001254af0>
20:07:28.133 [ 184665] [main-thread   ] [F] LL_A task-manager//task-queue/find-task to be executed task = <WAMessagesByActiveSessionTask: 0x600001250b60 [orphaned-files]>  queue=<WATaskQueue: 0x600001254af0>
20:07:28.135 [ 184665] [main-thread   ] [F] LL_A task-manager//task/start [<WATaskQueue: 0x600001254af0>]
20:07:28.135 [ 211652] [utility-qos   ] [F] LL_A task-manager//task-queue/run-task on queue task = <WAMessagesByActiveSessionTask: 0x600001250b60 [orphaned-files]>, queue = <WATaskQueue: 0x600001254af0>
20:07:28.150 [ 211652] [NSManaged…dc70] [F] LL_W chatstorage-tasks//orphaned/warning/linking [1; Media/280942467895502@lid/a/1/a1b9e6d2-859a-4ed6-b58f-cb1c47db0c47.thumb -> Media/280942467895502@lid/a/c/acceda5e-6312-40fb-a23e-6e6ac99baa0d.thumb; 2026-07-18 02:50:05 +0000]
20:07:28.151 [ 211652] [NSManaged…dc70] [F] LL_W chatstorage-tasks//orphaned/warning/linking [1; Media/280942467895502@lid/6/a/6af910d4-f422-4d5b-8491-4f46012cd67d.thumb -> Media/280942467895502@lid/3/5/35d8083c-3002-4966-97b4-bb3aabbf909a.thumb; 2026-07-18 02:50:06 +0000]
20:07:28.152 [ 211652] [NSManaged…dc70] [F] LL_W chatstorage-tasks//orphaned/warning/linking [1; Media/280942467895502@lid/f/3/f37b21ba-9c4b-4e83-9824-26ac9ba73e90.thumb -> Media/280942467895502@lid/4/7/47c0c82b-c333-495d-9fdc-a73c3e4488d3.thumb; 2026-07-18 02:50:06 +0000]
20:07:28.153 [ 211652] [NSManaged…dc70] [F] LL_W chatstorage-tasks//orphaned/warning/linking [1; Media/280942467895502@lid/d/0/d0be7d04-3cba-45c1-983c-af5bb6e5d551.thumb -> Media/280942467895502@lid/2/b/2b73fa95-bfe3-455d-91d7-154a68e73db6.thumb; 2026-07-18 02:50:06 +0000]
20:07:28.154 [ 211652] [NSManaged…dc70] [F] LL_W chatstorage-tasks//orphaned/warning/linking [1; Media/280942467895502@lid/8/9/89f90e67-81b9-4377-b526-da963165184c.thumb -> Media/280942467895502@lid/2/5/258726ad-6c57-4f47-9849-8b545ddb54bd.thumb; 2026-07-18 02:50:07 +0000]
20:07:28.155 [ 211652] [NSManaged…dc70] [F] LL_W chatstorage-tasks//orphaned/warning/linking [1; Media/280942467895502@lid/f/f/ff0d7513-0706-4820-92b3-8ccc6ede4d4e.thumb -> Media/280942467895502@lid/a/8/a853c3bc-3971-494d-9351-d01a7c253dcd.thumb; 2026-07-18 02:50:07 +0000]
20:07:28.156 [ 211652] [NSManaged…dc70] [F] LL_W chatstorage-tasks//orphaned/warning/linking [1; Media/280942467895502@lid/5/2/52ba5567-7472-416b-bd42-82ece87ba1a1.thumb -> Media/280942467895502@lid/8/d/8d272991-da18-419f-b32b-2dc74838f522.thumb; 2026-07-18 02:50:08 +0000]
20:07:28.157 [ 211652] [NSManaged…dc70] [F] LL_W chatstorage-tasks//orphaned/warning/linking [1; Media/280942467895502@lid/3/c/3c115d6d-1477-46aa-b610-330c749293c0.thumb -> Media/280942467895502@lid/d/d/dd584958-5183-42a7-b805-2590614b5a28.thumb; 2026-07-18 02:50:08 +0000]
20:07:28.158 [ 211652] [NSManaged…dc70] [F] LL_W chatstorage-tasks//orphaned/warning/linking [1; Media/280942467895502@lid/d/b/db2aef0e-b360-4636-9d36-ae9afabdcf29.thumb -> Media/280942467895502@lid/5/3/5320758c-9170-4895-a7b3-a76dc5912b45.thumb; 2026-07-18 02:50:08 +0000]
20:07:28.159 [ 211652] [NSManaged…fa80] [F] LL_A storage//save/success [KVStore-Tracking.sqlite in 0.00s with no changes]
20:07:28.160 [ 211652] [NSManaged…fa80] [F] LL_A storage//save/success [KVStore-Tracking.sqlite in 0.00s with changes]
20:07:28.162 [ 184665] [main-thread   ] [F] LL_A storage//save/background/done [ChatDB in 0.00s with changes from 'NSManagedObjectContext 0x60000023dc70']
20:07:28.162 [ 184665] [main-thread   ] [F] LL_A messages-by-session//by-session [id: orphaned-files; count: 27; has-more: 0]
20:07:28.162 [ 184665] [main-thread   ] [F] LL_A task-manager//task-queue/task-completion task = <WAMessagesByActiveSessionTask: 0x600001250b60 [orphaned-files]>, queue = <WATaskQueue: 0x600001254af0>, should-run-again = 1
20:07:28.163 [ 184665] [main-thread   ] [F] LL_A task-manager//task finished for task-manager = <WATaskManager: 0x600001724100> on queue=<WATaskQueue: 0x600001254af0>
20:07:28.163 [ 184665] [main-thread   ] [F] LL_A task-manager//task-manager/run-task task-manager = <WATaskManager: 0x600001724100>, quiet mode 0 _executingTask 0
20:07:29.208 [ 184665] [main-thread   ] [F] LL_A task-manager//task-manager/run-task task-manager = <WATaskManager: 0x600001724100>, quiet mode 0 _executingTask 0
20:07:29.208 [ 184665] [main-thread   ] [F] LL_A task-manager//run-task-in-group task-manager = <WATaskManager: 0x600001724100>, queue=<WATaskQueue: 0x600001254af0>
20:07:29.208 [ 184665] [main-thread   ] [F] LL_A task-manager//task-queue/find-task to be executed task = <WAMessagesByActiveSessionTask: 0x60000124a5a0 [fix-streaming-items]>  queue=<WATaskQueue: 0x600001254af0>
20:07:29.211 [ 184665] [main-thread   ] [F] LL_A task-manager//task/start [<WATaskQueue: 0x600001254af0>]
20:07:29.211 [ 211650] [utility-qos   ] [F] LL_A task-manager//task-queue/run-task on queue task = <WAMessagesByActiveSessionTask: 0x60000124a5a0 [fix-streaming-items]>, queue = <WATaskQueue: 0x600001254af0>
20:07:29.220 [ 184665] [main-thread   ] [F] LL_A storage//save/background/done [ChatDB in 0.00s with no changes from 'NSManagedObjectContext 0x60000023dc70']
20:07:29.221 [ 184665] [main-thread   ] [F] LL_A messages-by-session//by-session [id: fix-streaming-items; count: 0; has-more: 0]
20:07:29.221 [ 184665] [main-thread   ] [F] LL_A task-manager//task-queue/task-completion task = <WAMessagesByActiveSessionTask: 0x60000124a5a0 [fix-streaming-items]>, queue = <WATaskQueue: 0x600001254af0>, should-run-again = 1
20:07:29.222 [ 184665] [main-thread   ] [F] LL_A task-manager//task finished for task-manager = <WATaskManager: 0x600001724100> on queue=<WATaskQueue: 0x600001254af0>
20:07:29.222 [ 184665] [main-thread   ] [F] LL_A task-manager//task-manager/run-task task-manager = <WATaskManager: 0x600001724100>, quiet mode 0 _executingTask 0
20:07:30.246 [ 184665] [main-thread   ] [F] LL_A task-manager//task-manager/run-task task-manager = <WATaskManager: 0x600001724100>, quiet mode 0 _executingTask 0
20:07:30.246 [ 184665] [main-thread   ] [F] LL_A task-manager//run-task-in-group task-manager = <WATaskManager: 0x600001724100>, queue=<WATaskQueue: 0x600001254af0>
20:07:30.247 [ 184665] [main-thread   ] [F] LL_A task-manager//task-queue/find-task to be executed task = <WAMessagesByActiveSessionTask: 0x600001250b60 [orphaned-files]>  queue=<WATaskQueue: 0x600001254af0>
20:07:30.249 [ 184665] [main-thread   ] [F] LL_A task-manager//task/start [<WATaskQueue: 0x600001254af0>]
20:07:30.249 [ 211458] [utility-qos   ] [F] LL_A task-manager//task-queue/run-task on queue task = <WAMessagesByActiveSessionTask: 0x600001250b60 [orphaned-files]>, queue = <WATaskQueue: 0x600001254af0>
20:07:30.253 [ 211650] [NSManaged…fa80] [F] LL_A storage//save/success [KVStore-Tracking.sqlite in 0.00s with no changes]
20:07:30.255 [ 211650] [NSManaged…fa80] [F] LL_A storage//save/success [KVStore-Tracking.sqlite in 0.00s with changes]
20:07:30.256 [ 184665] [main-thread   ] [F] LL_A storage//save/background/done [ChatDB in 0.00s with no changes from 'NSManagedObjectContext 0x60000023dc70']
20:07:30.256 [ 184665] [main-thread   ] [F] LL_A messages-by-session//by-session [id: orphaned-files; count: 0; has-more: 0]
20:07:30.256 [ 184665] [main-thread   ] [F] LL_A task-manager//task-queue/task-completion task = <WAMessagesByActiveSessionTask: 0x600001250b60 [orphaned-files]>, queue = <WATaskQueue: 0x600001254af0>, should-run-again = 1
20:07:30.257 [ 184665] [main-thread   ] [F] LL_A task-manager//task finished for task-manager = <WATaskManager: 0x600001724100> on queue=<WATaskQueue: 0x600001254af0>
20:07:30.257 [ 184665] [main-thread   ] [F] LL_A task-manager//task-manager/run-task task-manager = <WATaskManager: 0x600001724100>, quiet mode 0 _executingTask 0
20:07:30.561 [ 211652] [memory-us…ging] [F] LL_A app//memory: System [Used 5618MB, Free 83MB] Process [Footprint 172MB (0MB), Available 0MB, Peak 186MB] [cpu/s: 0.033]
20:07:31.299 [ 184665] [main-thread   ] [F] LL_A task-manager//task-manager/run-task task-manager = <WATaskManager: 0x600001724100>, quiet mode 0 _executingTask 0
20:07:31.299 [ 184665] [main-thread   ] [F] LL_A task-manager//run-task-in-group task-manager = <WATaskManager: 0x600001724100>, queue=<WATaskQueue: 0x600001254af0>
20:07:31.299 [ 184665] [main-thread   ] [F] LL_A task-manager//task-queue/find-task to be executed task = <WAMessagesByActiveSessionTask: 0x60000124a5a0 [fix-streaming-items]>  queue=<WATaskQueue: 0x600001254af0>
20:07:31.301 [ 184665] [main-thread   ] [F] LL_A task-manager//task/start [<WATaskQueue: 0x600001254af0>]
20:07:31.301 [ 211650] [utility-qos   ] [F] LL_A task-manager//task-queue/run-task on queue task = <WAMessagesByActiveSessionTask: 0x60000124a5a0 [fix-streaming-items]>, queue = <WATaskQueue: 0x600001254af0>
20:07:31.307 [ 184665] [main-thread   ] [F] LL_A storage//save/background/done [ChatDB in 0.00s with no changes from 'NSManagedObjectContext 0x60000023dc70']
20:07:31.307 [ 184665] [main-thread   ] [F] LL_A messages-by-session//by-session [id: fix-streaming-items; count: 0; has-more: 0]
20:07:31.307 [ 184665] [main-thread   ] [F] LL_A task-manager//task-queue/task-completion task = <WAMessagesByActiveSessionTask: 0x60000124a5a0 [fix-streaming-items]>, queue = <WATaskQueue: 0x600001254af0>, should-run-again = 1
20:07:31.308 [ 184665] [main-thread   ] [F] LL_A task-manager//task finished for task-manager = <WATaskManager: 0x600001724100> on queue=<WATaskQueue: 0x600001254af0>
20:07:31.308 [ 184665] [main-thread   ] [F] LL_A task-manager//task-manager/run-task task-manager = <WATaskManager: 0x600001724100>, quiet mode 0 _executingTask 0
20:07:31.364 [ 211650] [normal        ] [F] LL_N stream//idle
20:07:31.364 [ 211650] [normal        ] [F] LL_A ccq/connection/cancel-stanza-processing/skip-resources-released
20:07:32.349 [ 184665] [main-thread   ] [F] LL_A task-manager//task-manager/run-task task-manager = <WATaskManager: 0x600001724100>, quiet mode 0 _executingTask 0
20:07:32.349 [ 184665] [main-thread   ] [F] LL_A task-manager//run-task-in-group task-manager = <WATaskManager: 0x600001724100>, queue=<WATaskQueue: 0x600001254af0>
20:07:32.349 [ 184665] [main-thread   ] [F] LL_A task-manager//task-queue/find-task to be executed task = <WAMessagesByActiveSessionTask: 0x600001250b60 [orphaned-files]>  queue=<WATaskQueue: 0x600001254af0>
20:07:32.351 [ 184665] [main-thread   ] [F] LL_A task-manager//task/start [<WATaskQueue: 0x600001254af0>]
20:07:32.351 [ 211650] [utility-qos   ] [F] LL_A task-manager//task-queue/run-task on queue task = <WAMessagesByActiveSessionTask: 0x600001250b60 [orphaned-files]>, queue = <WATaskQueue: 0x600001254af0>
20:07:32.365 [ 211458] [NSManaged…dc70] [F] LL_W chatstorage-tasks//orphaned/warning/linking [1; Media/32633211859114@lid/5/4/54d0cf25-bf46-44f5-87da-1612429937de.thumb -> Media/32633211859114@lid/7/0/7024fb7c-c587-4174-a039-853b30885b99.thumb; 2026-08-21 14:48:19 +0000]
20:07:32.366 [ 211458] [NSManaged…dc70] [F] LL_W chatstorage-tasks//orphaned/warning/linking [1; Media/32633211859114@lid/5/4/54d0cf25-bf46-44f5-87da-1612429937de.jpg -> Media/32633211859114@lid/7/0/7024fb7c-c587-4174-a039-853b30885b99.jpg; 2026-08-21 14:48:19 +0000]
20:07:32.368 [ 211458] [NSManaged…dc70] [F] LL_W chatstorage-tasks//orphaned/warning/linking [1; Media/32633211859114@lid/f/b/fb41c645-0f24-4a20-b468-08675e821b30.thumb -> Media/32633211859114@lid/c/e/ce50cf14-b6e6-42b4-a5b0-af49c6c17b93.thumb; 2026-08-22 04:02:02 +0000]
20:07:32.369 [ 211458] [NSManaged…dc70] [F] LL_W chatstorage-tasks//orphaned/warning/linking [1; Media/32633211859114@lid/f/b/fb41c645-0f24-4a20-b468-08675e821b30.jpg -> Media/32633211859114@lid/c/e/ce50cf14-b6e6-42b4-a5b0-af49c6c17b93.jpg; 2026-08-22 04:02:02 +0000]
20:07:32.369 [ 211458] [NSManaged…fa80] [F] LL_A storage//save/success [KVStore-Tracking.sqlite in 0.00s with no changes]
20:07:32.371 [ 211458] [NSManaged…fa80] [F] LL_A storage//save/success [KVStore-Tracking.sqlite in 0.00s with changes]
20:07:32.372 [ 184665] [main-thread   ] [F] LL_A storage//save/background/done [ChatDB in 0.00s with changes from 'NSManagedObjectContext 0x60000023dc70']
20:07:32.372 [ 184665] [main-thread   ] [F] LL_A messages-by-session//by-session [id: orphaned-files; count: 40; has-more: 1]
20:07:32.372 [ 184665] [main-thread   ] [F] LL_A task-manager//task-queue/task-completion task = <WAMessagesByActiveSessionTask: 0x600001250b60 [orphaned-files]>, queue = <WATaskQueue: 0x600001254af0>, should-run-again = 1
20:07:32.373 [ 184665] [main-thread   ] [F] LL_A task-manager//task finished for task-manager = <WATaskManager: 0x600001724100> on queue=<WATaskQueue: 0x600001254af0>
20:07:32.373 [ 184665] [main-thread   ] [F] LL_A task-manager//task-manager/run-task task-manager = <WATaskManager: 0x600001724100>, quiet mode 0 _executingTask 0
20:07:33.416 [ 184665] [main-thread   ] [F] LL_A task-manager//task-manager/run-task task-manager = <WATaskManager: 0x600001724100>, quiet mode 0 _executingTask 0
20:07:33.416 [ 184665] [main-thread   ] [F] LL_A task-manager//run-task-in-group task-manager = <WATaskManager: 0x600001724100>, queue=<WATaskQueue: 0x600001254af0>
20:07:33.416 [ 184665] [main-thread   ] [F] LL_A task-manager//task-queue/find-task to be executed task = <WAMessagesByActiveSessionTask: 0x60000124a5a0 [fix-streaming-items]>  queue=<WATaskQueue: 0x600001254af0>
20:07:33.417 [ 184665] [main-thread   ] [F] LL_A task-manager//task/start [<WATaskQueue: 0x600001254af0>]
20:07:33.418 [ 211652] [utility-qos   ] [F] LL_A task-manager//task-queue/run-task on queue task = <WAMessagesByActiveSessionTask: 0x60000124a5a0 [fix-streaming-items]>, queue = <WATaskQueue: 0x600001254af0>
20:07:33.420 [ 184665] [main-thread   ] [F] LL_A storage//save/background/done [ChatDB in 0.00s with no changes from 'NSManagedObjectContext 0x60000023dc70']
20:07:33.420 [ 184665] [main-thread   ] [F] LL_A messages-by-session//by-session [id: fix-streaming-items; count: 0; has-more: 0]
20:07:33.421 [ 184665] [main-thread   ] [F] LL_A task-manager//task-queue/task-completion task = <WAMessagesByActiveSessionTask: 0x60000124a5a0 [fix-streaming-items]>, queue = <WATaskQueue: 0x600001254af0>, should-run-again = 1
20:07:33.421 [ 184665] [main-thread   ] [F] LL_A task-manager//task finished for task-manager = <WATaskManager: 0x600001724100> on queue=<WATaskQueue: 0x600001254af0>
20:07:33.421 [ 184665] [main-thread   ] [F] LL_A task-manager//task-manager/run-task task-manager = <WATaskManager: 0x600001724100>, quiet mode 0 _executingTask 0
20:07:33.561 [ 211652] [memory-us…ging] [F] LL_A app//memory: System [Used 5618MB, Free 81MB] Process [Footprint 172MB (0MB), Available 0MB, Peak 186MB] [cpu/s: 0.026]
20:07:34.466 [ 184665] [main-thread   ] [F] LL_A task-manager//task-manager/run-task task-manager = <WATaskManager: 0x600001724100>, quiet mode 0 _executingTask 0
20:07:34.466 [ 184665] [main-thread   ] [F] LL_A task-manager//run-task-in-group task-manager = <WATaskManager: 0x600001724100>, queue=<WATaskQueue: 0x600001254af0>
20:07:34.466 [ 184665] [main-thread   ] [F] LL_A task-manager//task-queue/find-task to be executed task = <WAMessagesByActiveSessionTask: 0x600001250b60 [orphaned-files]>  queue=<WATaskQueue: 0x600001254af0>
20:07:34.468 [ 184665] [main-thread   ] [F] LL_A task-manager//task/start [<WATaskQueue: 0x600001254af0>]
20:07:34.468 [ 211652] [utility-qos   ] [F] LL_A task-manager//task-queue/run-task on queue task = <WAMessagesByActiveSessionTask: 0x600001250b60 [orphaned-files]>, queue = <WATaskQueue: 0x600001254af0>
20:07:34.479 [ 211652] [NSManaged…dc70] [F] LL_W chatstorage-tasks//orphaned/warning/linking [1; Media/32633211859114@lid/8/c/8c8f3bed-22ef-41ae-9886-a3b6303cf50b.webp -> Media/32633211859114@lid/1/0/1008de98-5b34-464d-8989-fd4275a28f92.webp; 2026-08-22 08:12:38 +0000]
20:07:34.481 [ 211652] [NSManaged…dc70] [F] LL_W chatstorage-tasks//orphaned/warning/linking [1; Media/32633211859114@lid/8/5/85d32edf-6fe1-4db2-a704-c67f4cf4fa0b.webp -> Media/32633211859114@lid/2/0/208c72f7-8cfd-4826-b51a-bf2e47590839.webp; 2026-08-22 08:14:10 +0000]
20:07:34.482 [ 211652] [NSManaged…fa80] [F] LL_A storage//save/success [KVStore-Tracking.sqlite in 0.00s with no changes]
20:07:34.483 [ 211652] [NSManaged…fa80] [F] LL_A storage//save/success [KVStore-Tracking.sqlite in 0.00s with changes]
20:07:34.485 [ 184665] [main-thread   ] [F] LL_A storage//save/background/done [ChatDB in 0.00s with changes from 'NSManagedObjectContext 0x60000023dc70']
20:07:34.486 [ 184665] [main-thread   ] [F] LL_A messages-by-session//by-session [id: orphaned-files; count: 40; has-more: 1]
20:07:34.486 [ 184665] [main-thread   ] [F] LL_A task-manager//task-queue/task-completion task = <WAMessagesByActiveSessionTask: 0x600001250b60 [orphaned-files]>, queue = <WATaskQueue: 0x600001254af0>, should-run-again = 1
20:07:34.487 [ 184665] [main-thread   ] [F] LL_A task-manager//task finished for task-manager = <WATaskManager: 0x600001724100> on queue=<WATaskQueue: 0x600001254af0>
20:07:34.487 [ 184665] [main-thread   ] [F] LL_A task-manager//task-manager/run-task task-manager = <WATaskManager: 0x600001724100>, quiet mode 0 _executingTask 0
20:07:35.533 [ 184665] [main-thread   ] [F] LL_A task-manager//task-manager/run-task task-manager = <WATaskManager: 0x600001724100>, quiet mode 0 _executingTask 0
20:07:35.533 [ 184665] [main-thread   ] [F] LL_A task-manager//run-task-in-group task-manager = <WATaskManager: 0x600001724100>, queue=<WATaskQueue: 0x600001254af0>
20:07:35.533 [ 184665] [main-thread   ] [F] LL_A task-manager//task-queue/find-task to be executed task = <WAMessagesByActiveSessionTask: 0x60000124a5a0 [fix-streaming-items]>  queue=<WATaskQueue: 0x600001254af0>
20:07:35.535 [ 184665] [main-thread   ] [F] LL_A task-manager//task/start [<WATaskQueue: 0x600001254af0>]
20:07:35.535 [ 209909] [utility-qos   ] [F] LL_A task-manager//task-queue/run-task on queue task = <WAMessagesByActiveSessionTask: 0x60000124a5a0 [fix-streaming-items]>, queue = <WATaskQueue: 0x600001254af0>
20:07:35.539 [ 184665] [main-thread   ] [F] LL_A storage//save/background/done [ChatDB in 0.00s with no changes from 'NSManagedObjectContext 0x60000023dc70']
20:07:35.540 [ 184665] [main-thread   ] [F] LL_A messages-by-session//by-session [id: fix-streaming-items; count: 0; has-more: 0]
20:07:35.540 [ 184665] [main-thread   ] [F] LL_A task-manager//task-queue/task-completion task = <WAMessagesByActiveSessionTask: 0x60000124a5a0 [fix-streaming-items]>, queue = <WATaskQueue: 0x600001254af0>, should-run-again = 1
20:07:35.541 [ 184665] [main-thread   ] [F] LL_A task-manager//task finished for task-manager = <WATaskManager: 0x600001724100> on queue=<WATaskQueue: 0x600001254af0>
20:07:35.541 [ 184665] [main-thread   ] [F] LL_A task-manager//task-manager/run-task task-manager = <WATaskManager: 0x600001724100>, quiet mode 0 _executingTask 0
20:07:36.558 [ 184665] [main-thread   ] [F] LL_A task-manager//task-manager/run-task task-manager = <WATaskManager: 0x600001724100>, quiet mode 0 _executingTask 0
20:07:36.558 [ 184665] [main-thread   ] [F] LL_A task-manager//run-task-in-group task-manager = <WATaskManager: 0x600001724100>, queue=<WATaskQueue: 0x600001254af0>
20:07:36.558 [ 184665] [main-thread   ] [F] LL_A task-manager//task-queue/find-task to be executed task = <WAMessagesByActiveSessionTask: 0x600001250b60 [orphaned-files]>  queue=<WATaskQueue: 0x600001254af0>
20:07:36.560 [ 209909] [memory-us…ging] [F] LL_A app//memory: System [Used 5615MB, Free 86MB] Process [Footprint 172MB (0MB), Available 0MB, Peak 186MB] [cpu/s: 0.024]
20:07:36.561 [ 184665] [main-thread   ] [F] LL_A task-manager//task/start [<WATaskQueue: 0x600001254af0>]
20:07:36.561 [ 211652] [utility-qos   ] [F] LL_A task-manager//task-queue/run-task on queue task = <WAMessagesByActiveSessionTask: 0x600001250b60 [orphaned-files]>, queue = <WATaskQueue: 0x600001254af0>
20:07:36.569 [ 211652] [NSManaged…fa80] [F] LL_A storage//save/success [KVStore-Tracking.sqlite in 0.00s with no changes]
20:07:36.571 [ 211652] [NSManaged…fa80] [F] LL_A storage//save/success [KVStore-Tracking.sqlite in 0.00s with changes]
20:07:36.571 [ 184665] [main-thread   ] [F] LL_A storage//save/background/done [ChatDB in 0.00s with no changes from 'NSManagedObjectContext 0x60000023dc70']
20:07:36.571 [ 184665] [main-thread   ] [F] LL_A messages-by-session//by-session [id: orphaned-files; count: 12; has-more: 0]
20:07:36.571 [ 184665] [main-thread   ] [F] LL_A task-manager//task-queue/task-completion task = <WAMessagesByActiveSessionTask: 0x600001250b60 [orphaned-files]>, queue = <WATaskQueue: 0x600001254af0>, should-run-again = 1
20:07:36.573 [ 184665] [main-thread   ] [F] LL_A task-manager//task finished for task-manager = <WATaskManager: 0x600001724100> on queue=<WATaskQueue: 0x600001254af0>
20:07:36.573 [ 184665] [main-thread   ] [F] LL_A task-manager//task-manager/run-task task-manager = <WATaskManager: 0x600001724100>, quiet mode 0 _executingTask 0
20:07:37.616 [ 184665] [main-thread   ] [F] LL_A task-manager//task-manager/run-task task-manager = <WATaskManager: 0x600001724100>, quiet mode 0 _executingTask 0
20:07:37.616 [ 184665] [main-thread   ] [F] LL_A task-manager//run-task-in-group task-manager = <WATaskManager: 0x600001724100>, queue=<WATaskQueue: 0x600001254af0>
20:07:37.616 [ 184665] [main-thread   ] [F] LL_A task-manager//task-queue/find-task to be executed task = <WAMessagesByActiveSessionTask: 0x60000124a5a0 [fix-streaming-items]>  queue=<WATaskQueue: 0x600001254af0>
20:07:37.618 [ 184665] [main-thread   ] [F] LL_A task-manager//task/start [<WATaskQueue: 0x600001254af0>]
20:07:37.618 [ 211652] [utility-qos   ] [F] LL_A task-manager//task-queue/run-task on queue task = <WAMessagesByActiveSessionTask: 0x60000124a5a0 [fix-streaming-items]>, queue = <WATaskQueue: 0x600001254af0>
20:07:37.625 [ 184665] [main-thread   ] [F] LL_A storage//save/background/done [ChatDB in 0.00s with no changes from 'NSManagedObjectContext 0x60000023dc70']
20:07:37.625 [ 184665] [main-thread   ] [F] LL_A messages-by-session//by-session [id: fix-streaming-items; count: 0; has-more: 0]
20:07:37.625 [ 184665] [main-thread   ] [F] LL_A task-manager//task-queue/task-completion task = <WAMessagesByActiveSessionTask: 0x60000124a5a0 [fix-streaming-items]>, queue = <WATaskQueue: 0x600001254af0>, should-run-again = 1
20:07:37.626 [ 184665] [main-thread   ] [F] LL_A task-manager//task finished for task-manager = <WATaskManager: 0x600001724100> on queue=<WATaskQueue: 0x600001254af0>
20:07:37.626 [ 184665] [main-thread   ] [F] LL_A task-manager//task-manager/run-task task-manager = <WATaskManager: 0x600001724100>, quiet mode 0 _executingTask 0
20:07:38.649 [ 184665] [main-thread   ] [F] LL_A task-manager//task-manager/run-task task-manager = <WATaskManager: 0x600001724100>, quiet mode 0 _executingTask 0
20:07:38.649 [ 184665] [main-thread   ] [F] LL_A task-manager//run-task-in-group task-manager = <WATaskManager: 0x600001724100>, queue=<WATaskQueue: 0x600001254af0>
20:07:38.649 [ 184665] [main-thread   ] [F] LL_A task-manager//task-queue/find-task to be executed task = <WAMessagesByActiveSessionTask: 0x600001250b60 [orphaned-files]>  queue=<WATaskQueue: 0x600001254af0>
20:07:38.652 [ 184665] [main-thread   ] [F] LL_A task-manager//task/start [<WATaskQueue: 0x600001254af0>]
20:07:38.652 [ 211652] [utility-qos   ] [F] LL_A task-manager//task-queue/run-task on queue task = <WAMessagesByActiveSessionTask: 0x600001250b60 [orphaned-files]>, queue = <WATaskQueue: 0x600001254af0>
20:07:38.661 [ 211652] [NSManaged…fa80] [F] LL_A storage//save/success [KVStore-Tracking.sqlite in 0.00s with no changes]
20:07:38.663 [ 211652] [NSManaged…fa80] [F] LL_A storage//save/success [KVStore-Tracking.sqlite in 0.00s with changes]
20:07:38.663 [ 184665] [main-thread   ] [F] LL_A storage//save/background/done [ChatDB in 0.00s with no changes from 'NSManagedObjectContext 0x60000023dc70']
20:07:38.663 [ 184665] [main-thread   ] [F] LL_A messages-by-session//by-session [id: orphaned-files; count: 15; has-more: 0]
20:07:38.664 [ 184665] [main-thread   ] [F] LL_A task-manager//task-queue/task-completion task = <WAMessagesByActiveSessionTask: 0x600001250b60 [orphaned-files]>, queue = <WATaskQueue: 0x600001254af0>, should-run-again = 1
20:07:38.664 [ 184665] [main-thread   ] [F] LL_A task-manager//task finished for task-manager = <WATaskManager: 0x600001724100> on queue=<WATaskQueue: 0x600001254af0>
20:07:38.664 [ 184665] [main-thread   ] [F] LL_A task-manager//task-manager/run-task task-manager = <WATaskManager: 0x600001724100>, quiet mode 0 _executingTask 0
20:07:39.699 [ 184665] [main-thread   ] [F] LL_A task-manager//task-manager/run-task task-manager = <WATaskManager: 0x600001724100>, quiet mode 0 _executingTask 0
20:07:39.699 [ 184665] [main-thread   ] [F] LL_A task-manager//run-task-in-group task-manager = <WATaskManager: 0x600001724100>, queue=<WATaskQueue: 0x600001254af0>
20:07:39.699 [ 184665] [main-thread   ] [F] LL_A task-manager//task-queue/find-task to be executed task = <WAMessagesByActiveSessionTask: 0x60000124a5a0 [fix-streaming-items]>  queue=<WATaskQueue: 0x600001254af0>
20:07:39.701 [ 184665] [main-thread   ] [F] LL_A task-manager//task/start [<WATaskQueue: 0x600001254af0>]
20:07:39.701 [ 211650] [utility-qos   ] [F] LL_A task-manager//task-queue/run-task on queue task = <WAMessagesByActiveSessionTask: 0x60000124a5a0 [fix-streaming-items]>, queue = <WATaskQueue: 0x600001254af0>
20:07:39.707 [ 184665] [main-thread   ] [F] LL_A storage//save/background/done [ChatDB in 0.00s with no changes from 'NSManagedObjectContext 0x60000023dc70']
20:07:39.708 [ 184665] [main-thread   ] [F] LL_A messages-by-session//by-session [id: fix-streaming-items; count: 0; has-more: 0]
20:07:39.708 [ 184665] [main-thread   ] [F] LL_A task-manager//task-queue/task-completion task = <WAMessagesByActiveSessionTask: 0x60000124a5a0 [fix-streaming-items]>, queue = <WATaskQueue: 0x600001254af0>, should-run-again = 1
20:07:39.709 [ 184665] [main-thread   ] [F] LL_A task-manager//task finished for task-manager = <WATaskManager: 0x600001724100> on queue=<WATaskQueue: 0x600001254af0>
20:07:39.709 [ 184665] [main-thread   ] [F] LL_A task-manager//task-manager/run-task task-manager = <WATaskManager: 0x600001724100>, quiet mode 0 _executingTask 0
20:07:40.755 [ 184665] [main-thread   ] [F] LL_A task-manager//task-manager/run-task task-manager = <WATaskManager: 0x600001724100>, quiet mode 0 _executingTask 0
20:07:40.756 [ 184665] [main-thread   ] [F] LL_A task-manager//run-task-in-group task-manager = <WATaskManager: 0x600001724100>, queue=<WATaskQueue: 0x600001254af0>
20:07:40.756 [ 184665] [main-thread   ] [F] LL_A task-manager//task-queue/find-task to be executed task = <WAMessagesByActiveSessionTask: 0x600001250b60 [orphaned-files]>  queue=<WATaskQueue: 0x600001254af0>
20:07:40.758 [ 184665] [main-thread   ] [F] LL_A task-manager//task/start [<WATaskQueue: 0x600001254af0>]
20:07:40.758 [ 211652] [utility-qos   ] [F] LL_A task-manager//task-queue/run-task on queue task = <WAMessagesByActiveSessionTask: 0x600001250b60 [orphaned-files]>, queue = <WATaskQueue: 0x600001254af0>
20:07:40.772 [ 211652] [NSManaged…dc70] [F] LL_W chatstorage-tasks//orphaned/warning/linking [1; Media/33642831196284@lid/8/1/816b9ca6-cb9d-48bb-9e4a-2d5f8aa0ef1b.thumb -> Media/33642831196284@lid/9/1/91a8527f-6b20-4f5d-99f7-71c343a0232d.thumb; 2026-06-08 08:22:51 +0000]
20:07:40.773 [ 211652] [NSManaged…fa80] [F] LL_A storage//save/success [KVStore-Tracking.sqlite in 0.00s with no changes]
20:07:40.774 [ 211652] [NSManaged…fa80] [F] LL_A storage//save/success [KVStore-Tracking.sqlite in 0.00s with changes]
20:07:40.776 [ 184665] [main-thread   ] [F] LL_A storage//save/background/done [ChatDB in 0.00s with changes from 'NSManagedObjectContext 0x60000023dc70']
20:07:40.776 [ 184665] [main-thread   ] [F] LL_A messages-by-session//by-session [id: orphaned-files; count: 40; has-more: 1]
20:07:40.776 [ 184665] [main-thread   ] [F] LL_A task-manager//task-queue/task-completion task = <WAMessagesByActiveSessionTask: 0x600001250b60 [orphaned-files]>, queue = <WATaskQueue: 0x600001254af0>, should-run-again = 1
20:07:40.777 [ 184665] [main-thread   ] [F] LL_A task-manager//task finished for task-manager = <WATaskManager: 0x600001724100> on queue=<WATaskQueue: 0x600001254af0>
20:07:40.777 [ 184665] [main-thread   ] [F] LL_A task-manager//task-manager/run-task task-manager = <WATaskManager: 0x600001724100>, quiet mode 0 _executingTask 0
20:07:41.799 [ 184665] [main-thread   ] [F] LL_A task-manager//task-manager/run-task task-manager = <WATaskManager: 0x600001724100>, quiet mode 0 _executingTask 0
20:07:41.799 [ 184665] [main-thread   ] [F] LL_A task-manager//run-task-in-group task-manager = <WATaskManager: 0x600001724100>, queue=<WATaskQueue: 0x600001254af0>
20:07:41.799 [ 184665] [main-thread   ] [F] LL_A task-manager//task-queue/find-task to be executed task = <WAMessagesByActiveSessionTask: 0x60000124a5a0 [fix-streaming-items]>  queue=<WATaskQueue: 0x600001254af0>
20:07:41.801 [ 184665] [main-thread   ] [F] LL_A task-manager//task/start [<WATaskQueue: 0x600001254af0>]
20:07:41.801 [ 211458] [utility-qos   ] [F] LL_A task-manager//task-queue/run-task on queue task = <WAMessagesByActiveSessionTask: 0x60000124a5a0 [fix-streaming-items]>, queue = <WATaskQueue: 0x600001254af0>
20:07:41.811 [ 184665] [main-thread   ] [F] LL_A storage//save/background/done [ChatDB in 0.00s with no changes from 'NSManagedObjectContext 0x60000023dc70']
20:07:41.811 [ 184665] [main-thread   ] [F] LL_A messages-by-session//by-session [id: fix-streaming-items; count: 0; has-more: 0]
20:07:41.811 [ 184665] [main-thread   ] [F] LL_A task-manager//task-queue/task-completion task = <WAMessagesByActiveSessionTask: 0x60000124a5a0 [fix-streaming-items]>, queue = <WATaskQueue: 0x600001254af0>, should-run-again = 1
20:07:41.812 [ 184665] [main-thread   ] [F] LL_A task-manager//task finished for task-manager = <WATaskManager: 0x600001724100> on queue=<WATaskQueue: 0x600001254af0>
20:07:41.812 [ 184665] [main-thread   ] [F] LL_A task-manager//task-manager/run-task task-manager = <WATaskManager: 0x600001724100>, quiet mode 0 _executingTask 0
20:07:42.560 [ 211458] [memory-us…ging] [F] LL_A app//memory: System [Used 5618MB, Free 83MB] Process [Footprint 172MB (0MB), Available 0MB, Peak 186MB] [cpu/s: 0.027]
20:07:42.860 [ 184665] [main-thread   ] [F] LL_A task-manager//task-manager/run-task task-manager = <WATaskManager: 0x600001724100>, quiet mode 0 _executingTask 0
20:07:42.860 [ 184665] [main-thread   ] [F] LL_A task-manager//run-task-in-group task-manager = <WATaskManager: 0x600001724100>, queue=<WATaskQueue: 0x600001254af0>
20:07:42.860 [ 184665] [main-thread   ] [F] LL_A task-manager//task-queue/find-task to be executed task = <WAMessagesByActiveSessionTask: 0x600001250b60 [orphaned-files]>  queue=<WATaskQueue: 0x600001254af0>
20:07:42.863 [ 184665] [main-thread   ] [F] LL_A task-manager//task/start [<WATaskQueue: 0x600001254af0>]
20:07:42.863 [ 211652] [utility-qos   ] [F] LL_A task-manager//task-queue/run-task on queue task = <WAMessagesByActiveSessionTask: 0x600001250b60 [orphaned-files]>, queue = <WATaskQueue: 0x600001254af0>
20:07:42.874 [ 211650] [NSManaged…fa80] [F] LL_A storage//save/success [KVStore-Tracking.sqlite in 0.00s with no changes]
20:07:42.875 [ 211650] [NSManaged…fa80] [F] LL_A storage//save/success [KVStore-Tracking.sqlite in 0.00s with changes]
20:07:42.876 [ 184665] [main-thread   ] [F] LL_A storage//save/background/done [ChatDB in 0.00s with no changes from 'NSManagedObjectContext 0x60000023dc70']
20:07:42.876 [ 184665] [main-thread   ] [F] LL_A messages-by-session//by-session [id: orphaned-files; count: 40; has-more: 1]
20:07:42.876 [ 184665] [main-thread   ] [F] LL_A task-manager//task-queue/task-completion task = <WAMessagesByActiveSessionTask: 0x600001250b60 [orphaned-files]>, queue = <WATaskQueue: 0x600001254af0>, should-run-again = 1
20:07:42.877 [ 184665] [main-thread   ] [F] LL_A task-manager//task finished for task-manager = <WATaskManager: 0x600001724100> on queue=<WATaskQueue: 0x600001254af0>
20:07:42.877 [ 184665] [main-thread   ] [F] LL_A task-manager//task-manager/run-task task-manager = <WATaskManager: 0x600001724100>, quiet mode 0 _executingTask 0
20:07:43.926 [ 184665] [main-thread   ] [F] LL_A task-manager//task-manager/run-task task-manager = <WATaskManager: 0x600001724100>, quiet mode 0 _executingTask 0
20:07:43.927 [ 184665] [main-thread   ] [F] LL_A task-manager//run-task-in-group task-manager = <WATaskManager: 0x600001724100>, queue=<WATaskQueue: 0x600001254af0>
20:07:43.927 [ 184665] [main-thread   ] [F] LL_A task-manager//task-queue/find-task to be executed task = <WAMessagesByActiveSessionTask: 0x60000124a5a0 [fix-streaming-items]>  queue=<WATaskQueue: 0x600001254af0>
20:07:43.929 [ 184665] [main-thread   ] [F] LL_A task-manager//task/start [<WATaskQueue: 0x600001254af0>]
20:07:43.929 [ 209909] [utility-qos   ] [F] LL_A task-manager//task-queue/run-task on queue task = <WAMessagesByActiveSessionTask: 0x60000124a5a0 [fix-streaming-items]>, queue = <WATaskQueue: 0x600001254af0>
20:07:43.936 [ 184665] [main-thread   ] [F] LL_A storage//save/background/done [ChatDB in 0.00s with no changes from 'NSManagedObjectContext 0x60000023dc70']
20:07:43.937 [ 184665] [main-thread   ] [F] LL_A messages-by-session//by-session [id: fix-streaming-items; count: 0; has-more: 0]
20:07:43.937 [ 184665] [main-thread   ] [F] LL_A task-manager//task-queue/task-completion task = <WAMessagesByActiveSessionTask: 0x60000124a5a0 [fix-streaming-items]>, queue = <WATaskQueue: 0x600001254af0>, should-run-again = 1
20:07:43.938 [ 184665] [main-thread   ] [F] LL_A task-manager//task finished for task-manager = <WATaskManager: 0x600001724100> on queue=<WATaskQueue: 0x600001254af0>
20:07:43.938 [ 184665] [main-thread   ] [F] LL_A task-manager//task-manager/run-task task-manager = <WATaskManager: 0x600001724100>, quiet mode 0 _executingTask 0
20:07:44.985 [ 184665] [main-thread   ] [F] LL_A task-manager//task-manager/run-task task-manager = <WATaskManager: 0x600001724100>, quiet mode 0 _executingTask 0
20:07:44.986 [ 184665] [main-thread   ] [F] LL_A task-manager//run-task-in-group task-manager = <WATaskManager: 0x600001724100>, queue=<WATaskQueue: 0x600001254af0>
20:07:44.986 [ 184665] [main-thread   ] [F] LL_A task-manager//task-queue/find-task to be executed task = <WAMessagesByActiveSessionTask: 0x600001250b60 [orphaned-files]>  queue=<WATaskQueue: 0x600001254af0>
20:07:44.988 [ 184665] [main-thread   ] [F] LL_A task-manager//task/start [<WATaskQueue: 0x600001254af0>]
20:07:44.988 [ 209909] [utility-qos   ] [F] LL_A task-manager//task-queue/run-task on queue task = <WAMessagesByActiveSessionTask: 0x600001250b60 [orphaned-files]>, queue = <WATaskQueue: 0x600001254af0>
20:07:44.998 [ 209909] [NSManaged…fa80] [F] LL_A storage//save/success [KVStore-Tracking.sqlite in 0.00s with no changes]
20:07:44.999 [ 209909] [NSManaged…fa80] [F] LL_A storage//save/success [KVStore-Tracking.sqlite in 0.00s with changes]
20:07:44.999 [ 184665] [main-thread   ] [F] LL_A storage//save/background/done [ChatDB in 0.00s with no changes from 'NSManagedObjectContext 0x60000023dc70']
20:07:45.000 [ 184665] [main-thread   ] [F] LL_A messages-by-session//by-session [id: orphaned-files; count: 40; has-more: 1]
20:07:45.000 [ 184665] [main-thread   ] [F] LL_A task-manager//task-queue/task-completion task = <WAMessagesByActiveSessionTask: 0x600001250b60 [orphaned-files]>, queue = <WATaskQueue: 0x600001254af0>, should-run-again = 1
20:07:45.001 [ 184665] [main-thread   ] [F] LL_A task-manager//task finished for task-manager = <WATaskManager: 0x600001724100> on queue=<WATaskQueue: 0x600001254af0>
20:07:45.001 [ 184665] [main-thread   ] [F] LL_A task-manager//task-manager/run-task task-manager = <WATaskManager: 0x600001724100>, quiet mode 0 _executingTask 0
20:07:45.559 [ 209909] [memory-us…ging] [F] LL_A app//memory: System [Used 5623MB, Free 77MB] Process [Footprint 172MB (0MB), Available 0MB, Peak 186MB] [cpu/s: 0.026]
20:07:46.049 [ 184665] [main-thread   ] [F] LL_A task-manager//task-manager/run-task task-manager = <WATaskManager: 0x600001724100>, quiet mode 0 _executingTask 0
20:07:46.049 [ 184665] [main-thread   ] [F] LL_A task-manager//run-task-in-group task-manager = <WATaskManager: 0x600001724100>, queue=<WATaskQueue: 0x600001254af0>
20:07:46.049 [ 184665] [main-thread   ] [F] LL_A task-manager//task-queue/find-task to be executed task = <WAMessagesByActiveSessionTask: 0x60000124a5a0 [fix-streaming-items]>  queue=<WATaskQueue: 0x600001254af0>
20:07:46.051 [ 184665] [main-thread   ] [F] LL_A task-manager//task/start [<WATaskQueue: 0x600001254af0>]
20:07:46.051 [ 211458] [utility-qos   ] [F] LL_A task-manager//task-queue/run-task on queue task = <WAMessagesByActiveSessionTask: 0x60000124a5a0 [fix-streaming-items]>, queue = <WATaskQueue: 0x600001254af0>
20:07:46.057 [ 184665] [main-thread   ] [F] LL_A storage//save/background/done [ChatDB in 0.00s with no changes from 'NSManagedObjectContext 0x60000023dc70']
20:07:46.057 [ 184665] [main-thread   ] [F] LL_A messages-by-session//by-session [id: fix-streaming-items; count: 0; has-more: 0]
20:07:46.057 [ 184665] [main-thread   ] [F] LL_A task-manager//task-queue/task-completion task = <WAMessagesByActiveSessionTask: 0x60000124a5a0 [fix-streaming-items]>, queue = <WATaskQueue: 0x600001254af0>, should-run-again = 1
20:07:46.058 [ 184665] [main-thread   ] [F] LL_A task-manager//task finished for task-manager = <WATaskManager: 0x600001724100> on queue=<WATaskQueue: 0x600001254af0>
20:07:46.058 [ 184665] [main-thread   ] [F] LL_A task-manager//task-manager/run-task task-manager = <WATaskManager: 0x600001724100>, quiet mode 0 _executingTask 0
20:07:47.102 [ 184665] [main-thread   ] [F] LL_A task-manager//task-manager/run-task task-manager = <WATaskManager: 0x600001724100>, quiet mode 0 _executingTask 0
20:07:47.102 [ 184665] [main-thread   ] [F] LL_A task-manager//run-task-in-group task-manager = <WATaskManager: 0x600001724100>, queue=<WATaskQueue: 0x600001254af0>
20:07:47.102 [ 184665] [main-thread   ] [F] LL_A task-manager//task-queue/find-task to be executed task = <WAMessagesByActiveSessionTask: 0x600001250b60 [orphaned-files]>  queue=<WATaskQueue: 0x600001254af0>
20:07:47.104 [ 184665] [main-thread   ] [F] LL_A task-manager//task/start [<WATaskQueue: 0x600001254af0>]
20:07:47.104 [ 211458] [utility-qos   ] [F] LL_A task-manager//task-queue/run-task on queue task = <WAMessagesByActiveSessionTask: 0x600001250b60 [orphaned-files]>, queue = <WATaskQueue: 0x600001254af0>
20:07:47.116 [ 211650] [NSManaged…dc70] [F] LL_W chatstorage-tasks//orphaned/warning/linking [1; Media/33642831196284@lid/a/0/a03c2bc2-c5af-4448-84b8-78ff149bbf91.thumb -> Media/33642831196284@lid/c/4/c492d93d-bd0f-4bde-a494-59baaf469fea.thumb; 2026-07-16 03:27:56 +0000]
20:07:47.116 [ 211650] [NSManaged…fa80] [F] LL_A storage//save/success [KVStore-Tracking.sqlite in 0.00s with no changes]
20:07:47.118 [ 211650] [NSManaged…fa80] [F] LL_A storage//save/success [KVStore-Tracking.sqlite in 0.00s with changes]
20:07:47.119 [ 184665] [main-thread   ] [F] LL_A storage//save/background/done [ChatDB in 0.00s with changes from 'NSManagedObjectContext 0x60000023dc70']
20:07:47.120 [ 184665] [main-thread   ] [F] LL_A messages-by-session//by-session [id: orphaned-files; count: 40; has-more: 1]
20:07:47.120 [ 184665] [main-thread   ] [F] LL_A task-manager//task-queue/task-completion task = <WAMessagesByActiveSessionTask: 0x600001250b60 [orphaned-files]>, queue = <WATaskQueue: 0x600001254af0>, should-run-again = 1
20:07:47.121 [ 184665] [main-thread   ] [F] LL_A task-manager//task finished for task-manager = <WATaskManager: 0x600001724100> on queue=<WATaskQueue: 0x600001254af0>
20:07:47.121 [ 184665] [main-thread   ] [F] LL_A task-manager//task-manager/run-task task-manager = <WATaskManager: 0x600001724100>, quiet mode 0 _executingTask 0
20:07:48.122 [ 184665] [main-thread   ] [F] LL_A task-manager//task-manager/run-task task-manager = <WATaskManager: 0x600001724100>, quiet mode 0 _executingTask 0
20:07:48.122 [ 184665] [main-thread   ] [F] LL_A task-manager//run-task-in-group task-manager = <WATaskManager: 0x600001724100>, queue=<WATaskQueue: 0x600001254af0>
20:07:48.122 [ 184665] [main-thread   ] [F] LL_A task-manager//task-queue/find-task to be executed task = <WAMessagesByActiveSessionTask: 0x60000124a5a0 [fix-streaming-items]>  queue=<WATaskQueue: 0x600001254af0>
20:07:48.124 [ 184665] [main-thread   ] [F] LL_A task-manager//task/start [<WATaskQueue: 0x600001254af0>]
20:07:48.124 [ 211650] [utility-qos   ] [F] LL_A task-manager//task-queue/run-task on queue task = <WAMessagesByActiveSessionTask: 0x60000124a5a0 [fix-streaming-items]>, queue = <WATaskQueue: 0x600001254af0>
20:07:48.133 [ 184665] [main-thread   ] [F] LL_A storage//save/background/done [ChatDB in 0.00s with no changes from 'NSManagedObjectContext 0x60000023dc70']
20:07:48.133 [ 184665] [main-thread   ] [F] LL_A messages-by-session//by-session [id: fix-streaming-items; count: 0; has-more: 0]
20:07:48.133 [ 184665] [main-thread   ] [F] LL_A task-manager//task-queue/task-completion task = <WAMessagesByActiveSessionTask: 0x60000124a5a0 [fix-streaming-items]>, queue = <WATaskQueue: 0x600001254af0>, should-run-again = 1
20:07:48.134 [ 184665] [main-thread   ] [F] LL_A task-manager//task finished for task-manager = <WATaskManager: 0x600001724100> on queue=<WATaskQueue: 0x600001254af0>
20:07:48.134 [ 184665] [main-thread   ] [F] LL_A task-manager//task-manager/run-task task-manager = <WATaskManager: 0x600001724100>, quiet mode 0 _executingTask 0
20:07:48.560 [ 211650] [memory-us…ging] [F] LL_A app//memory: System [Used 5609MB, Free 91MB] Process [Footprint 172MB (0MB), Available 0MB, Peak 186MB] [cpu/s: 0.025]
20:07:49.182 [ 184665] [main-thread   ] [F] LL_A task-manager//task-manager/run-task task-manager = <WATaskManager: 0x600001724100>, quiet mode 0 _executingTask 0
20:07:49.182 [ 184665] [main-thread   ] [F] LL_A task-manager//run-task-in-group task-manager = <WATaskManager: 0x600001724100>, queue=<WATaskQueue: 0x600001254af0>
20:07:49.183 [ 184665] [main-thread   ] [F] LL_A task-manager//task-queue/find-task to be executed task = <WAMessagesByActiveSessionTask: 0x600001250b60 [orphaned-files]>  queue=<WATaskQueue: 0x600001254af0>
20:07:49.185 [ 184665] [main-thread   ] [F] LL_A task-manager//task/start [<WATaskQueue: 0x600001254af0>]
20:07:49.185 [ 211458] [utility-qos   ] [F] LL_A task-manager//task-queue/run-task on queue task = <WAMessagesByActiveSessionTask: 0x600001250b60 [orphaned-files]>, queue = <WATaskQueue: 0x600001254af0>
20:07:49.195 [ 211650] [NSManaged…dc70] [F] LL_W chatstorage-tasks//orphaned/warning/linking [1; Media/33642831196284@lid/4/5/45c47a88-f9cb-4e13-9f0e-0aebb997f472.thumb -> Media/33642831196284@lid/d/d/dd199187-9cda-46b1-aec1-691a9ae13d21.thumb; 2026-08-08 14:24:03 +0000]
20:07:49.196 [ 211650] [NSManaged…dc70] [F] LL_W chatstorage-tasks//orphaned/warning/linking [1; Media/33642831196284@lid/7/2/7209e29f-445a-433f-8885-ff787fe916bd.thumb -> Media/33642831196284@lid/b/5/b536c2e9-3f43-473a-8fd7-2c32b6995680.thumb; 2026-09-17 12:38:44 +0000]
20:07:49.197 [ 211650] [NSManaged…dc70] [F] LL_W chatstorage-tasks//orphaned/warning/linking [1; Media/33642831196284@lid/7/2/7209e29f-445a-433f-8885-ff787fe916bd.jpg -> Media/33642831196284@lid/b/5/b536c2e9-3f43-473a-8fd7-2c32b6995680.jpg; 2026-09-17 12:38:44 +0000]
20:07:49.198 [ 211650] [NSManaged…fa80] [F] LL_A storage//save/success [KVStore-Tracking.sqlite in 0.00s with no changes]
20:07:49.199 [ 211650] [NSManaged…fa80] [F] LL_A storage//save/success [KVStore-Tracking.sqlite in 0.00s with changes]
20:07:49.201 [ 184665] [main-thread   ] [F] LL_A storage//save/background/done [ChatDB in 0.00s with changes from 'NSManagedObjectContext 0x60000023dc70']
20:07:49.201 [ 184665] [main-thread   ] [F] LL_A messages-by-session//by-session [id: orphaned-files; count: 10; has-more: 0]
20:07:49.201 [ 184665] [main-thread   ] [F] LL_A task-manager//task-queue/task-completion task = <WAMessagesByActiveSessionTask: 0x600001250b60 [orphaned-files]>, queue = <WATaskQueue: 0x600001254af0>, should-run-again = 1
20:07:49.202 [ 184665] [main-thread   ] [F] LL_A task-manager//task finished for task-manager = <WATaskManager: 0x600001724100> on queue=<WATaskQueue: 0x600001254af0>
20:07:49.202 [ 184665] [main-thread   ] [F] LL_A task-manager//task-manager/run-task task-manager = <WATaskManager: 0x600001724100>, quiet mode 0 _executingTask 0
20:07:50.246 [ 184665] [main-thread   ] [F] LL_A task-manager//task-manager/run-task task-manager = <WATaskManager: 0x600001724100>, quiet mode 0 _executingTask 0
20:07:50.246 [ 184665] [main-thread   ] [F] LL_A task-manager//run-task-in-group task-manager = <WATaskManager: 0x600001724100>, queue=<WATaskQueue: 0x600001254af0>
20:07:50.246 [ 184665] [main-thread   ] [F] LL_A task-manager//task-queue/find-task to be executed task = <WAMessagesByActiveSessionTask: 0x60000124a5a0 [fix-streaming-items]>  queue=<WATaskQueue: 0x600001254af0>
20:07:50.248 [ 184665] [main-thread   ] [F] LL_A task-manager//task/start [<WATaskQueue: 0x600001254af0>]
20:07:50.248 [ 211650] [utility-qos   ] [F] LL_A task-manager//task-queue/run-task on queue task = <WAMessagesByActiveSessionTask: 0x60000124a5a0 [fix-streaming-items]>, queue = <WATaskQueue: 0x600001254af0>
20:07:50.255 [ 184665] [main-thread   ] [F] LL_A storage//save/background/done [ChatDB in 0.00s with no changes from 'NSManagedObjectContext 0x60000023dc70']
20:07:50.255 [ 184665] [main-thread   ] [F] LL_A messages-by-session//by-session [id: fix-streaming-items; count: 0; has-more: 0]
20:07:50.255 [ 184665] [main-thread   ] [F] LL_A task-manager//task-queue/task-completion task = <WAMessagesByActiveSessionTask: 0x60000124a5a0 [fix-streaming-items]>, queue = <WATaskQueue: 0x600001254af0>, should-run-again = 1
20:07:50.256 [ 184665] [main-thread   ] [F] LL_A task-manager//task finished for task-manager = <WATaskManager: 0x600001724100> on queue=<WATaskQueue: 0x600001254af0>
20:07:50.256 [ 184665] [main-thread   ] [F] LL_A task-manager//task-manager/run-task task-manager = <WATaskManager: 0x600001724100>, quiet mode 0 _executingTask 0
20:07:51.299 [ 184665] [main-thread   ] [F] LL_A task-manager//task-manager/run-task task-manager = <WATaskManager: 0x600001724100>, quiet mode 0 _executingTask 0
20:07:51.300 [ 184665] [main-thread   ] [F] LL_A task-manager//run-task-in-group task-manager = <WATaskManager: 0x600001724100>, queue=<WATaskQueue: 0x600001254af0>
20:07:51.300 [ 184665] [main-thread   ] [F] LL_A task-manager//task-queue/find-task to be executed task = <WAMessagesByActiveSessionTask: 0x600001250b60 [orphaned-files]>  queue=<WATaskQueue: 0x600001254af0>
20:07:51.301 [ 184665] [main-thread   ] [F] LL_A task-manager//task/start [<WATaskQueue: 0x600001254af0>]
20:07:51.301 [ 211650] [utility-qos   ] [F] LL_A task-manager//task-queue/run-task on queue task = <WAMessagesByActiveSessionTask: 0x600001250b60 [orphaned-files]>, queue = <WATaskQueue: 0x600001254af0>
20:07:51.304 [ 211458] [NSManaged…fa80] [F] LL_A storage//save/success [KVStore-Tracking.sqlite in 0.00s with no changes]
20:07:51.305 [ 211458] [NSManaged…fa80] [F] LL_A storage//save/success [KVStore-Tracking.sqlite in 0.00s with changes]
20:07:51.306 [ 184665] [main-thread   ] [F] LL_A storage//save/background/done [ChatDB in 0.00s with no changes from 'NSManagedObjectContext 0x60000023dc70']
20:07:51.306 [ 184665] [main-thread   ] [F] LL_A messages-by-session//by-session [id: orphaned-files; count: 0; has-more: 0]
20:07:51.306 [ 184665] [main-thread   ] [F] LL_A task-manager//task-queue/task-completion task = <WAMessagesByActiveSessionTask: 0x600001250b60 [orphaned-files]>, queue = <WATaskQueue: 0x600001254af0>, should-run-again = 1
20:07:51.307 [ 184665] [main-thread   ] [F] LL_A task-manager//task finished for task-manager = <WATaskManager: 0x600001724100> on queue=<WATaskQueue: 0x600001254af0>
20:07:51.307 [ 184665] [main-thread   ] [F] LL_A task-manager//task-manager/run-task task-manager = <WATaskManager: 0x600001724100>, quiet mode 0 _executingTask 0
20:07:51.560 [ 211652] [memory-us…ging] [F] LL_A app//memory: System [Used 5617MB, Free 84MB] Process [Footprint 172MB (0MB), Available 0MB, Peak 186MB] [cpu/s: 0.026]
20:07:52.349 [ 184665] [main-thread   ] [F] LL_A task-manager//task-manager/run-task task-manager = <WATaskManager: 0x600001724100>, quiet mode 0 _executingTask 0
20:07:52.349 [ 184665] [main-thread   ] [F] LL_A task-manager//run-task-in-group task-manager = <WATaskManager: 0x600001724100>, queue=<WATaskQueue: 0x600001254af0>
20:07:52.349 [ 184665] [main-thread   ] [F] LL_A task-manager//task-queue/find-task to be executed task = <WAMessagesByActiveSessionTask: 0x60000124a5a0 [fix-streaming-items]>  queue=<WATaskQueue: 0x600001254af0>
20:07:52.351 [ 184665] [main-thread   ] [F] LL_A task-manager//task/start [<WATaskQueue: 0x600001254af0>]
20:07:52.351 [ 211458] [utility-qos   ] [F] LL_A task-manager//task-queue/run-task on queue task = <WAMessagesByActiveSessionTask: 0x60000124a5a0 [fix-streaming-items]>, queue = <WATaskQueue: 0x600001254af0>
20:07:52.354 [ 184665] [main-thread   ] [F] LL_A storage//save/background/done [ChatDB in 0.00s with no changes from 'NSManagedObjectContext 0x60000023dc70']
20:07:52.355 [ 184665] [main-thread   ] [F] LL_A messages-by-session//by-session [id: fix-streaming-items; count: 0; has-more: 0]
20:07:52.355 [ 184665] [main-thread   ] [F] LL_A task-manager//task-queue/task-completion task = <WAMessagesByActiveSessionTask: 0x60000124a5a0 [fix-streaming-items]>, queue = <WATaskQueue: 0x600001254af0>, should-run-again = 1
20:07:52.355 [ 184665] [main-thread   ] [F] LL_A task-manager//task finished for task-manager = <WATaskManager: 0x600001724100> on queue=<WATaskQueue: 0x600001254af0>
20:07:52.356 [ 184665] [main-thread   ] [F] LL_A task-manager//task-manager/run-task task-manager = <WATaskManager: 0x600001724100>, quiet mode 0 _executingTask 0
20:07:53.399 [ 184665] [main-thread   ] [F] LL_A task-manager//task-manager/run-task task-manager = <WATaskManager: 0x600001724100>, quiet mode 0 _executingTask 0
20:07:53.399 [ 184665] [main-thread   ] [F] LL_A task-manager//run-task-in-group task-manager = <WATaskManager: 0x600001724100>, queue=<WATaskQueue: 0x600001254af0>
20:07:53.399 [ 184665] [main-thread   ] [F] LL_A task-manager//task-queue/find-task to be executed task = <WAMessagesByActiveSessionTask: 0x600001250b60 [orphaned-files]>  queue=<WATaskQueue: 0x600001254af0>
20:07:53.402 [ 184665] [main-thread   ] [F] LL_A task-manager//task/start [<WATaskQueue: 0x600001254af0>]
20:07:53.402 [ 211650] [utility-qos   ] [F] LL_A task-manager//task-queue/run-task on queue task = <WAMessagesByActiveSessionTask: 0x600001250b60 [orphaned-files]>, queue = <WATaskQueue: 0x600001254af0>
20:07:53.408 [ 211650] [NSManaged…fa80] [F] LL_A storage//save/success [KVStore-Tracking.sqlite in 0.00s with no changes]
20:07:53.410 [ 211650] [NSManaged…fa80] [F] LL_A storage//save/success [KVStore-Tracking.sqlite in 0.00s with changes]
20:07:53.410 [ 184665] [main-thread   ] [F] LL_A storage//save/background/done [ChatDB in 0.00s with no changes from 'NSManagedObjectContext 0x60000023dc70']
20:07:53.411 [ 184665] [main-thread   ] [F] LL_A messages-by-session//by-session [id: orphaned-files; count: 5; has-more: 0]
20:07:53.411 [ 184665] [main-thread   ] [F] LL_A task-manager//task-queue/task-completion task = <WAMessagesByActiveSessionTask: 0x600001250b60 [orphaned-files]>, queue = <WATaskQueue: 0x600001254af0>, should-run-again = 1
20:07:53.412 [ 184665] [main-thread   ] [F] LL_A task-manager//task finished for task-manager = <WATaskManager: 0x600001724100> on queue=<WATaskQueue: 0x600001254af0>
20:07:53.412 [ 184665] [main-thread   ] [F] LL_A task-manager//task-manager/run-task task-manager = <WATaskManager: 0x600001724100>, quiet mode 0 _executingTask 0
20:07:54.458 [ 184665] [main-thread   ] [F] LL_A task-manager//task-manager/run-task task-manager = <WATaskManager: 0x600001724100>, quiet mode 0 _executingTask 0
20:07:54.458 [ 184665] [main-thread   ] [F] LL_A task-manager//run-task-in-group task-manager = <WATaskManager: 0x600001724100>, queue=<WATaskQueue: 0x600001254af0>
20:07:54.458 [ 184665] [main-thread   ] [F] LL_A task-manager//task-queue/find-task to be executed task = <WAMessagesByActiveSessionTask: 0x60000124a5a0 [fix-streaming-items]>  queue=<WATaskQueue: 0x600001254af0>
20:07:54.460 [ 184665] [main-thread   ] [F] LL_A task-manager//task/start [<WATaskQueue: 0x600001254af0>]
20:07:54.460 [ 211458] [utility-qos   ] [F] LL_A task-manager//task-queue/run-task on queue task = <WAMessagesByActiveSessionTask: 0x60000124a5a0 [fix-streaming-items]>, queue = <WATaskQueue: 0x600001254af0>
20:07:54.464 [ 184665] [main-thread   ] [F] LL_A storage//save/background/done [ChatDB in 0.00s with no changes from 'NSManagedObjectContext 0x60000023dc70']
20:07:54.464 [ 184665] [main-thread   ] [F] LL_A messages-by-session//by-session [id: fix-streaming-items; count: 0; has-more: 0]
20:07:54.464 [ 184665] [main-thread   ] [F] LL_A task-manager//task-queue/task-completion task = <WAMessagesByActiveSessionTask: 0x60000124a5a0 [fix-streaming-items]>, queue = <WATaskQueue: 0x600001254af0>, should-run-again = 1
20:07:54.466 [ 184665] [main-thread   ] [F] LL_A task-manager//task finished for task-manager = <WATaskManager: 0x600001724100> on queue=<WATaskQueue: 0x600001254af0>
20:07:54.466 [ 184665] [main-thread   ] [F] LL_A task-manager//task-manager/run-task task-manager = <WATaskManager: 0x600001724100>, quiet mode 0 _executingTask 0
20:07:54.560 [ 211458] [memory-us…ging] [F] LL_A app//memory: System [Used 5643MB, Free 51MB] Process [Footprint 172MB (0MB), Available 0MB, Peak 186MB] [cpu/s: 0.024]
20:07:55.499 [ 184665] [main-thread   ] [F] LL_A task-manager//task-manager/run-task task-manager = <WATaskManager: 0x600001724100>, quiet mode 0 _executingTask 0
20:07:55.500 [ 184665] [main-thread   ] [F] LL_A task-manager//run-task-in-group task-manager = <WATaskManager: 0x600001724100>, queue=<WATaskQueue: 0x600001254af0>
20:07:55.500 [ 184665] [main-thread   ] [F] LL_A task-manager//task-queue/find-task to be executed task = <WAMessagesByActiveSessionTask: 0x600001250b60 [orphaned-files]>  queue=<WATaskQueue: 0x600001254af0>
20:07:55.502 [ 184665] [main-thread   ] [F] LL_A task-manager//task/start [<WATaskQueue: 0x600001254af0>]
20:07:55.502 [ 211458] [utility-qos   ] [F] LL_A task-manager//task-queue/run-task on queue task = <WAMessagesByActiveSessionTask: 0x600001250b60 [orphaned-files]>, queue = <WATaskQueue: 0x600001254af0>
20:07:55.513 [ 211458] [NSManaged…dc70] [F] LL_W chatstorage-tasks//orphaned/warning/linking [1; Media/36919689875485@lid/5/5/55360ed6-3f71-433a-976a-0928551b5821.webp -> Media/36919689875485@lid/e/4/e45b8a6f-a0b6-472a-b9d3-f96cbdf8c58a.webp; 2026-09-06 12:06:42 +0000]
20:07:55.513 [ 211458] [NSManaged…fa80] [F] LL_A storage//save/success [KVStore-Tracking.sqlite in 0.00s with no changes]
20:07:55.515 [ 211458] [NSManaged…fa80] [F] LL_A storage//save/success [KVStore-Tracking.sqlite in 0.00s with changes]
20:07:55.517 [ 184665] [main-thread   ] [F] LL_A storage//save/background/done [ChatDB in 0.00s with changes from 'NSManagedObjectContext 0x60000023dc70']
20:07:55.517 [ 184665] [main-thread   ] [F] LL_A messages-by-session//by-session [id: orphaned-files; count: 11; has-more: 0]
20:07:55.517 [ 184665] [main-thread   ] [F] LL_A task-manager//task-queue/task-completion task = <WAMessagesByActiveSessionTask: 0x600001250b60 [orphaned-files]>, queue = <WATaskQueue: 0x600001254af0>, should-run-again = 1
20:07:55.518 [ 184665] [main-thread   ] [F] LL_A task-manager//task finished for task-manager = <WATaskManager: 0x600001724100> on queue=<WATaskQueue: 0x600001254af0>
20:07:55.518 [ 184665] [main-thread   ] [F] LL_A task-manager//task-manager/run-task task-manager = <WATaskManager: 0x600001724100>, quiet mode 0 _executingTask 0
20:07:56.566 [ 184665] [main-thread   ] [F] LL_A task-manager//task-manager/run-task task-manager = <WATaskManager: 0x600001724100>, quiet mode 0 _executingTask 0
20:07:56.566 [ 184665] [main-thread   ] [F] LL_A task-manager//run-task-in-group task-manager = <WATaskManager: 0x600001724100>, queue=<WATaskQueue: 0x600001254af0>
20:07:56.566 [ 184665] [main-thread   ] [F] LL_A task-manager//task-queue/find-task to be executed task = <WAMessagesByActiveSessionTask: 0x60000124a5a0 [fix-streaming-items]>  queue=<WATaskQueue: 0x600001254af0>
20:07:56.568 [ 184665] [main-thread   ] [F] LL_A task-manager//task/start [<WATaskQueue: 0x600001254af0>]
20:07:56.568 [ 211650] [utility-qos   ] [F] LL_A task-manager//task-queue/run-task on queue task = <WAMessagesByActiveSessionTask: 0x60000124a5a0 [fix-streaming-items]>, queue = <WATaskQueue: 0x600001254af0>
20:07:56.590 [ 184665] [main-thread   ] [F] LL_A storage//save/background/done [ChatDB in 0.00s with no changes from 'NSManagedObjectContext 0x60000023dc70']
20:07:56.590 [ 184665] [main-thread   ] [F] LL_A messages-by-session//by-session [id: fix-streaming-items; count: 0; has-more: 0]
20:07:56.590 [ 184665] [main-thread   ] [F] LL_A task-manager//task-queue/task-completion task = <WAMessagesByActiveSessionTask: 0x60000124a5a0 [fix-streaming-items]>, queue = <WATaskQueue: 0x600001254af0>, should-run-again = 1
20:07:56.591 [ 184665] [main-thread   ] [F] LL_A task-manager//task finished for task-manager = <WATaskManager: 0x600001724100> on queue=<WATaskQueue: 0x600001254af0>
20:07:56.591 [ 184665] [main-thread   ] [F] LL_A task-manager//task-manager/run-task task-manager = <WATaskManager: 0x600001724100>, quiet mode 0 _executingTask 0
20:07:57.560 [ 211650] [memory-us…ging] [F] LL_A app//memory: System [Used 5654MB, Free 42MB] Process [Footprint 172MB (0MB), Available 0MB, Peak 186MB] [cpu/s: 0.025]
20:07:57.635 [ 184665] [main-thread   ] [F] LL_A task-manager//task-manager/run-task task-manager = <WATaskManager: 0x600001724100>, quiet mode 0 _executingTask 0
20:07:57.635 [ 184665] [main-thread   ] [F] LL_A task-manager//run-task-in-group task-manager = <WATaskManager: 0x600001724100>, queue=<WATaskQueue: 0x600001254af0>
20:07:57.635 [ 184665] [main-thread   ] [F] LL_A task-manager//task-queue/find-task to be executed task = <WAMessagesByActiveSessionTask: 0x600001250b60 [orphaned-files]>  queue=<WATaskQueue: 0x600001254af0>
20:07:57.637 [ 184665] [main-thread   ] [F] LL_A task-manager//task/start [<WATaskQueue: 0x600001254af0>]
20:07:57.637 [ 211458] [utility-qos   ] [F] LL_A task-manager//task-queue/run-task on queue task = <WAMessagesByActiveSessionTask: 0x600001250b60 [orphaned-files]>, queue = <WATaskQueue: 0x600001254af0>
20:07:57.645 [ 211650] [NSManaged…fa80] [F] LL_A storage//save/success [KVStore-Tracking.sqlite in 0.00s with no changes]
20:07:57.647 [ 211650] [NSManaged…fa80] [F] LL_A storage//save/success [KVStore-Tracking.sqlite in 0.00s with changes]
20:07:57.647 [ 184665] [main-thread   ] [F] LL_A storage//save/background/done [ChatDB in 0.00s with no changes from 'NSManagedObjectContext 0x60000023dc70']
20:07:57.647 [ 184665] [main-thread   ] [F] LL_A messages-by-session//by-session [id: orphaned-files; count: 4; has-more: 0]
20:07:57.647 [ 184665] [main-thread   ] [F] LL_A task-manager//task-queue/task-completion task = <WAMessagesByActiveSessionTask: 0x600001250b60 [orphaned-files]>, queue = <WATaskQueue: 0x600001254af0>, should-run-again = 1
20:07:57.648 [ 184665] [main-thread   ] [F] LL_A task-manager//task finished for task-manager = <WATaskManager: 0x600001724100> on queue=<WATaskQueue: 0x600001254af0>
20:07:57.649 [ 184665] [main-thread   ] [F] LL_A task-manager//task-manager/run-task task-manager = <WATaskManager: 0x600001724100>, quiet mode 0 _executingTask 0
20:07:58.691 [ 184665] [main-thread   ] [F] LL_A task-manager//task-manager/run-task task-manager = <WATaskManager: 0x600001724100>, quiet mode 0 _executingTask 0
20:07:58.692 [ 184665] [main-thread   ] [F] LL_A task-manager//run-task-in-group task-manager = <WATaskManager: 0x600001724100>, queue=<WATaskQueue: 0x600001254af0>
20:07:58.692 [ 184665] [main-thread   ] [F] LL_A task-manager//task-queue/find-task to be executed task = <WAMessagesByActiveSessionTask: 0x60000124a5a0 [fix-streaming-items]>  queue=<WATaskQueue: 0x600001254af0>
20:07:58.694 [ 184665] [main-thread   ] [F] LL_A task-manager//task/start [<WATaskQueue: 0x600001254af0>]
20:07:58.694 [ 211650] [utility-qos   ] [F] LL_A task-manager//task-queue/run-task on queue task = <WAMessagesByActiveSessionTask: 0x60000124a5a0 [fix-streaming-items]>, queue = <WATaskQueue: 0x600001254af0>
20:07:58.698 [ 184665] [main-thread   ] [F] LL_A storage//save/background/done [ChatDB in 0.00s with no changes from 'NSManagedObjectContext 0x60000023dc70']
20:07:58.698 [ 184665] [main-thread   ] [F] LL_A messages-by-session//by-session [id: fix-streaming-items; count: 0; has-more: 0]
20:07:58.698 [ 184665] [main-thread   ] [F] LL_A task-manager//task-queue/task-completion task = <WAMessagesByActiveSessionTask: 0x60000124a5a0 [fix-streaming-items]>, queue = <WATaskQueue: 0x600001254af0>, should-run-again = 1
20:07:58.700 [ 184665] [main-thread   ] [F] LL_A task-manager//task finished for task-manager = <WATaskManager: 0x600001724100> on queue=<WATaskQueue: 0x600001254af0>
20:07:58.700 [ 184665] [main-thread   ] [F] LL_A task-manager//task-manager/run-task task-manager = <WATaskManager: 0x600001724100>, quiet mode 0 _executingTask 0
20:07:59.716 [ 184665] [main-thread   ] [F] LL_A task-manager//task-manager/run-task task-manager = <WATaskManager: 0x600001724100>, quiet mode 0 _executingTask 0
20:07:59.716 [ 184665] [main-thread   ] [F] LL_A task-manager//run-task-in-group task-manager = <WATaskManager: 0x600001724100>, queue=<WATaskQueue: 0x600001254af0>
20:07:59.716 [ 184665] [main-thread   ] [F] LL_A task-manager//task-queue/find-task to be executed task = <WAMessagesByActiveSessionTask: 0x600001250b60 [orphaned-files]>  queue=<WATaskQueue: 0x600001254af0>
20:07:59.718 [ 184665] [main-thread   ] [F] LL_A task-manager//task/start [<WATaskQueue: 0x600001254af0>]
20:07:59.719 [ 211650] [utility-qos   ] [F] LL_A task-manager//task-queue/run-task on queue task = <WAMessagesByActiveSessionTask: 0x600001250b60 [orphaned-files]>, queue = <WATaskQueue: 0x600001254af0>
20:07:59.723 [ 211650] [NSManaged…fa80] [F] LL_A storage//save/success [KVStore-Tracking.sqlite in 0.00s with no changes]
20:07:59.726 [ 211650] [NSManaged…fa80] [F] LL_A storage//save/success [KVStore-Tracking.sqlite in 0.00s with changes]
20:07:59.726 [ 184665] [main-thread   ] [F] LL_A storage//save/background/done [ChatDB in 0.00s with no changes from 'NSManagedObjectContext 0x60000023dc70']
20:07:59.727 [ 184665] [main-thread   ] [F] LL_A messages-by-session//by-session [id: orphaned-files; count: 0; has-more: 0]
20:07:59.727 [ 184665] [main-thread   ] [F] LL_A task-manager//task-queue/task-completion task = <WAMessagesByActiveSessionTask: 0x600001250b60 [orphaned-files]>, queue = <WATaskQueue: 0x600001254af0>, should-run-again = 1
20:07:59.728 [ 184665] [main-thread   ] [F] LL_A task-manager//task finished for task-manager = <WATaskManager: 0x600001724100> on queue=<WATaskQueue: 0x600001254af0>
20:07:59.728 [ 184665] [main-thread   ] [F] LL_A task-manager//task-manager/run-task task-manager = <WATaskManager: 0x600001724100>, quiet mode 0 _executingTask 0
20:08:00.560 [ 211652] [memory-us…ging] [F] LL_A app//memory: System [Used 5615MB, Free 72MB] Process [Footprint 172MB (0MB), Available 0MB, Peak 186MB] [cpu/s: 0.029]
20:08:00.769 [ 184665] [main-thread   ] [F] LL_A task-manager//task-manager/run-task task-manager = <WATaskManager: 0x600001724100>, quiet mode 0 _executingTask 0
20:08:00.769 [ 184665] [main-thread   ] [F] LL_A task-manager//run-task-in-group task-manager = <WATaskManager: 0x600001724100>, queue=<WATaskQueue: 0x600001254af0>
20:08:00.769 [ 184665] [main-thread   ] [F] LL_A task-manager//task-queue/find-task to be executed task = <WAMessagesByActiveSessionTask: 0x60000124a5a0 [fix-streaming-items]>  queue=<WATaskQueue: 0x600001254af0>
20:08:00.771 [ 184665] [main-thread   ] [F] LL_A task-manager//task/start [<WATaskQueue: 0x600001254af0>]
20:08:00.771 [ 211650] [utility-qos   ] [F] LL_A task-manager//task-queue/run-task on queue task = <WAMessagesByActiveSessionTask: 0x60000124a5a0 [fix-streaming-items]>, queue = <WATaskQueue: 0x600001254af0>
20:08:00.775 [ 184665] [main-thread   ] [F] LL_A storage//save/background/done [ChatDB in 0.00s with no changes from 'NSManagedObjectContext 0x60000023dc70']
20:08:00.776 [ 184665] [main-thread   ] [F] LL_A messages-by-session//by-session [id: fix-streaming-items; count: 0; has-more: 0]
20:08:00.776 [ 184665] [main-thread   ] [F] LL_A task-manager//task-queue/task-completion task = <WAMessagesByActiveSessionTask: 0x60000124a5a0 [fix-streaming-items]>, queue = <WATaskQueue: 0x600001254af0>, should-run-again = 1
20:08:00.777 [ 184665] [main-thread   ] [F] LL_A task-manager//task finished for task-manager = <WATaskManager: 0x600001724100> on queue=<WATaskQueue: 0x600001254af0>
20:08:00.777 [ 184665] [main-thread   ] [F] LL_A task-manager//task-manager/run-task task-manager = <WATaskManager: 0x600001724100>, quiet mode 0 _executingTask 0
20:08:01.684 [ 211650] [normal        ] [F] LL_N xmpp//< recv < [media/ id=A53A089C5E33C151661CB0011CE58B06 f=******0487@g.us p=******7373:0@lid participant_pn=<******7797@s.whatsapp.net> [enc {3499b}]]
20:08:01.685 [ 211650] [normal        ] [F] LL_W ccq/queued-stanza-factory/supports-stanza/disabled type=[message]
20:08:01.685 [ 211650] [normal        ] [F] LL_A wamessagehandler//ingress/enqueue/A53A089C5E33C151661CB0011CE58B06/offline=0
20:08:01.782 [ 184665] [main-thread   ] [F] LL_A task-manager//task-manager/run-task task-manager = <WATaskManager: 0x600001724100>, quiet mode 0 _executingTask 0
20:08:01.783 [ 184665] [main-thread   ] [F] LL_A task-manager//run-task-in-group task-manager = <WATaskManager: 0x600001724100>, queue=<WATaskQueue: 0x600001254af0>
20:08:01.783 [ 184665] [main-thread   ] [F] LL_A task-manager//task-queue/find-task to be executed task = <WAMessagesByActiveSessionTask: 0x600001250b60 [orphaned-files]>  queue=<WATaskQueue: 0x600001254af0>
20:08:01.785 [ 184665] [main-thread   ] [F] LL_A task-manager//task/start [<WATaskQueue: 0x600001254af0>]
20:08:01.785 [ 209909] [utility-qos   ] [F] LL_A task-manager//task-queue/run-task on queue task = <WAMessagesByActiveSessionTask: 0x600001250b60 [orphaned-files]>, queue = <WATaskQueue: 0x600001254af0>
20:08:01.786 [ 212278] [handler       ] [F] LL_A wamessagehandler//ingress/dequeue/A53A089C5E33C151661CB0011CE58B06/offline=0
20:08:01.794 [ 212278] [handler       ] [F] LL_A wamessagehandler//handle/context/process/A53A089C5E33C151661CB0011CE58B06/start
20:08:01.795 [ 212278] [handler       ] [F] LL_A wamessagehandler//handle/context/process/A53A089C5E33C151661CB0011CE58B06/end decryption-context=<decrypt_group retry_count=0 offline=0>
20:08:01.795 [ 212278] [handler       ] [F] LL_A wamessagehandler//handle/process/group/A53A089C5E33C151661CB0011CE58B06
20:08:01.795 [ 212279] [prekey        ] [F] LL_A wamessagehandler//handle/decrypt/group/start/A53A089C5E33C151661CB0011CE58B06
20:08:01.796 [ 209909] [crypto        ] [F] LL_A signal/store//batch-context/9AB453CB-C690-45FA-9F0E-AA61DA909839/decrypt-group-msg/deferredSaveCount is 1 after incrementing
20:08:01.796 [ 209909] [crypto        ] [F] LL_A signal/store//batch-context/9AB453CB-C690-45FA-9F0E-AA61DA909839/decrypt-group-msg/begin-execute
20:08:01.796 [ 209909] [NSManaged…4ea0] [F] LL_A signal/store//sender-key/fetch/WASignalAddress { d: <******7373:0@lid> ; g: ******g.us ; pq: NO ; scope: 0 }
20:08:01.800 [ 209909] [NSManaged…4ea0] [F] LL_A signal/store//sender-key/store/WASignalAddress { d: <******7373:0@lid> ; g: ******g.us ; pq: NO ; scope: 0 }
20:08:01.801 [ 209909] [NSManaged…4ea0] [F] LL_A signal/store//sender-key/store/update
20:08:01.801 [ 209909] [NSManaged…4ea0] [F] LL_A signal/store//save/skipped/deferredSaveCount is 1
20:08:01.801 [ 209909] [NSManaged…4ea0] [F] LL_A signal/store//sender-key/store/success
20:08:01.802 [ 209909] [NSManaged…4ea0] [F] LL_A signal/store//save/skipped/deferredSaveCount is 1
20:08:01.802 [ 209909] [crypto        ] [F] LL_A signal/store//batch-context/9AB453CB-C690-45FA-9F0E-AA61DA909839/decrypt-group-msg/end-execute
20:08:01.802 [ 211652] [NSManaged…fa80] [F] LL_A storage//save/success [KVStore-Tracking.sqlite in 0.00s with no changes]
20:08:01.804 [ 211652] [NSManaged…fa80] [F] LL_A storage//save/success [KVStore-Tracking.sqlite in 0.00s with changes]
20:08:01.804 [ 184665] [main-thread   ] [F] LL_A storage//save/background/done [ChatDB in 0.00s with no changes from 'NSManagedObjectContext 0x60000023dc70']
20:08:01.804 [ 209909] [NSManaged…4ea0] [F] LL_A storage//save/success [SignalDB in 0.00s with changes]
20:08:01.804 [ 209909] [NSManaged…4ea0] [F] LL_A signal/store//batch-context/9AB453CB-C690-45FA-9F0E-AA61DA909839/decrypt-group-msg/deferredSaveCount is 0 after decrementing
20:08:01.804 [ 184665] [main-thread   ] [F] LL_A messages-by-session//by-session [id: orphaned-files; count: 40; has-more: 1]
20:08:01.804 [ 184665] [main-thread   ] [F] LL_A task-manager//task-queue/task-completion task = <WAMessagesByActiveSessionTask: 0x600001250b60 [orphaned-files]>, queue = <WATaskQueue: 0x600001254af0>, should-run-again = 1
20:08:01.804 [ 209909] [crypto        ] [F] LL_A wamessagehandler//handle/decrypt/group/finished/A53A089C5E33C151661CB0011CE58B06/(null)
20:08:01.804 [ 212279] [handler       ] [F] LL_A wamessagehandler//handle/process/post-decrypt/A53A089C5E33C151661CB0011CE58B06: decryptFailure=0, duplicate=0 plaintextData=0 bytes, plaintextProtobufValid=1, botFbid=0, error=(null)
20:08:01.804 [ 212279] [handler       ] [F] LL_A wamessagehandler//egress/enqueue/A53A089C5E33C151661CB0011CE58B06/offline=0
20:08:01.805 [ 184665] [main-thread   ] [F] LL_A task-manager//task finished for task-manager = <WATaskManager: 0x600001724100> on queue=<WATaskQueue: 0x600001254af0>
20:08:01.805 [ 184665] [main-thread   ] [F] LL_A task-manager//task-manager/run-task task-manager = <WATaskManager: 0x600001724100>, quiet mode 0 _executingTask 0
20:08:01.906 [ 184665] [main-thread   ] [F] LL_A wamessagehandler//egress/dequeue/postprocess-start/A53A089C5E33C151661CB0011CE58B06/offline=0
20:08:01.919 [ 184665] [main-thread   ] [F] LL_A messageprotobufserialization//messageID: A53A089C5E33C151661CB0011CE58B06, verifyMessageType: 1, messageType: 12, canHaveExistingMediaItem: 0
20:08:01.921 [ 184665] [main-thread   ] [F] LL_W wapbmessage+wamessage//embed-mms-thumbnail-info/missing-thumbnail-metadata: A53A089C5E33C151661CB0011CE58B06 [source=media-info]
20:08:01.927 [ 184665] [main-thread   ] [F] LL_A wamessagehandler//handle/postprocess-finish/A53A089C5E33C151661CB0011CE58B06
20:08:01.927 [ 211652] [mms (QOS:…TED)] [F] LL_A mms-session//conn-info/route-request/fetching
20:08:01.931 [ 184665] [main-thread   ] [F] LL_A chatstorage//save/ids/success [ChatDB in 0.00s]
20:08:01.931 [ 184665] [main-thread   ] [F] LL_A chatstorage//save/process [ChatDB in 0.00s]
20:08:01.931 [ 184665] [main-thread   ] [F] LL_A chatstorage//indexing/should index messages 0
LL_S <
CoreData:  skip unknown
LL_S >
20:08:01.944 [ 184665] [main-thread   ] [F] LL_A storage//save/success [ChatDB in 0.01s with changes]
20:08:01.945 [ 184665] [main-thread   ] [F] LL_A chatstorage//save/aggregated success [ChatDB in 0.01s]
20:08:01.945 [ 184665] [main-thread   ] [F] LL_E chatsessionmanager//existingChatSessions/error: nil error
20:08:01.948 [ 184665] [main-thread   ] [F] LL_A chatsessiontransaction-groups//companion-join-dbg/companion-summary g=[<******0487@g.us>] total=[1] alreadyActive=[1] added=[0] reason=[0] addrMode=[2]
20:08:01.949 [ 184665] [main-thread   ] [F] LL_A chatsession/<******0487@g.us>/counter/2290
20:08:01.951 [ 184665] [main-thread   ] [F] LL_A OrphanMessageManager/deleting message addons from cql orphan store
20:08:01.952 [ 184665] [main-thread   ] [F] LL_A OrphanMessageManager/resolving orphans from cql orphan store
20:08:01.955 [ 212280] [NSManaged…6150] [F] LL_A storage//save/success [KVStore-BackedUpKeyValue.sqlite in 0.03s with changes]
20:08:01.955 [ 184665] [main-thread   ] [F] LL_A chatsessiontransaction//unread [******0487@g.us; 196 -> 197]
20:08:01.957 [ 212280] [NSManaged…a970] [F] LL_A storage//save/success [KVStore-LocalKeyValue.sqlite in 0.00s with changes]
20:08:01.957 [ 184665] [NSManaged…9860] [F] LL_A storage//save/success [AppStateStore in 0.00s with changes]
20:08:01.957 [ 184665] [main-thread   ] [F] LL_A chatstorage//save/ids/success [ChatDB in 0.00s]
20:08:01.959 [ 184665] [main-thread   ] [F] LL_W chatsessions//controller-will-change-content/vc-class:WAChatListViewController/selected:******5239@lid
20:08:01.959 [ 184665] [main-thread   ] [F] LL_A chatsessions//will-begin-updating-tableview
20:08:01.970 [ 184665] [main-thread   ] [F] LL_A chatsessions/did-change-object/change-type:move/at-index:<NSIndexPath: 0xa88082748c347980> {length = 2, path = 0 - 1}/new-index:<NSIndexPath: 0xa88082748d347980> {length = 2, path = 0 - 0}/is-updating-table:1
20:08:01.970 [ 184665] [main-thread   ] [F] LL_A chatsessions/did-change-object/jid:******0487@g.us/last-message-stanzaID:A53A089C5E33C151661CB0011CE58B06/message-date:2026-09-22 13:08:01 +0000
20:08:01.970 [ 184665] [main-thread   ] [F] LL_A chatsessions/did-change-object/mapped/change-type:move/at-index:<NSIndexPath: 0xa88082748c34f980> {length = 2, path = 16 - 1}/new-index:<NSIndexPath: 0xa88082748d34f980> {length = 2, path = 16 - 0}
20:08:01.970 [ 184665] [main-thread   ] [F] LL_A chatsessions/move/******0487@g.us: [1 -> 0]
20:08:01.970 [ 184665] [main-thread   ] [F] LL_A chatsessions/did-change-object/reload-before-move
20:08:01.971 [ 184665] [main-thread   ] [F] LL_A chatsessions/configureCell/jid:******0487@g.us/last-message-for-chat-list-msg-id:<******0487@g.us>_A53A089C5E33C151661CB0011CE58B06_0_<******7373@lid>/chat-session-lastMessage-msg-id:<******0487@g.us>_A53A089C5E33C151661CB0011CE58B06_0_<******7373@lid>
20:08:01.971 [ 184665] [main-thread   ] [F] LL_A chatsessions/configureCell/jid:******0487@g.us/msg-id:<******0487@g.us>_A53A089C5E33C151661CB0011CE58B06_0_<******7373@lid>
20:08:01.972 [ 184665] [main-thread   ] [F] LL_A chatsessioncellstate/chatJID/******0487@g.us/date-text/20.08/message-timestamp/2026-09-22 13:08:01 +0000
20:08:01.972 [ 184665] [main-thread   ] [F] LL_A chatsessioncellstate/chatJID/******0487@g.us/messageForPreview/A53A089C5E33C151661CB0011CE58B06)
20:08:01.972 [ 184665] [main-thread   ] [F] LL_A chat-message-preview-helper/messagePreviewForMessage/type:1
20:08:01.974 [ 184665] [main-thread   ] [F] LL_E jid//primaryIdentifier at (0x60000352c030) is an invalid primary identifier for WAPhoneNumberUserJID
20:08:01.974 [ 184665] [main-thread   ] [F] LL_E jid//primaryIdentifier at (0x60000352c030) is an invalid primary identifier for WAPhoneNumberUserJID
20:08:01.975 [ 184665] [main-thread   ] [F] LL_A updateCellForOldState/start/******0487@g.us
20:08:01.975 [ 184665] [main-thread   ] [F] LL_A updateCellForOldState/******0487@g.us/dateText:19.53/unreadCount:196/snippetText:not-empty
20:08:01.977 [ 184665] [main-thread   ] [F] LL_A chatsessions//pre-end-updates/chats-section:16/sections-at-begin-updates:20/sections-at-end-updates:20/frc-sections:1
20:08:01.982 [ 184665] [main-thread   ] [F] LL_A chatsessions//did-finish-updating-tableview
20:08:01.984 [ 184665] [main-thread   ] [F] LL_W chatsession/missing-contact-identifier
20:08:01.986 [ 184665] [main-thread   ] [F] LL_A chatstorage//save/process [ChatDB in 0.03s]
20:08:01.986 [ 184665] [main-thread   ] [F] LL_A chatstorage//indexing/should index messages 1
20:08:01.988 [ 184665] [main-thread   ] [F] LL_A storage//save/success [ChatDB in 0.00s with changes]
20:08:01.988 [ 184665] [main-thread   ] [F] LL_A chatstorage-searchengine//indexing/chat-messages/start
20:08:01.988 [ 184665] [main-thread   ] [F] LL_A chatstorage//save/aggregated success [ChatDB in 0.03s]
20:08:01.989 [ 184665] [main-thread   ] [F] LL_A notification-center//mainapp-notif/identifier=[THa9fq0m9XSJzHXeiX4RZ_QldAOW0RhY0XctStTOrA0]/messageID.uniqueKey=[<******0487@g.us>_A53A089C5E33C151661CB0011CE58B06_0_<******7373@lid>]/messageID.remoteChatJID=[******0487@g.us]/messageID.stanzaID=[A53A089C5E33C151661CB0011CE58B06]/messageID.participantJID=[******7373@lid]/messageID.fromMe=[0]/displayStatus=[2]
20:08:01.989 [ 184665] [main-thread   ] [F] LL_A notification//skip-notification/activity-setting-enabled id=[THa9fq0m9XSJzHXeiX4RZ_QldAOW0RhY0XctStTOrA0]
20:08:01.989 [ 184665] [main-thread   ] [F] LL_A notification//skip-notification/presentation-style=[UserNotification]
LL_S <
2026-09-22 20:08:01.990 WhatsApp[4484:212280] Cannot create shortcut from intent (<INIntent: 0x600000bd9c20> {
}) because it has no valid parameter combinations
LL_S >
20:08:01.992 [ 184665] [NSManaged…9860] [F] LL_A storage//save/success [AppStateStore in 0.00s with changes]
20:08:01.993 [ 184665] [main-thread   ] [F] LL_A media-downloader//download/<******0487@g.us>_A53A089C5E33C151661CB0011CE58B06_0_<******7373@lid>/check: 2/reason: 0
20:08:01.993 [ 184665] [main-thread   ] [F] LL_A media-downloader//download/<******0487@g.us>_A53A089C5E33C151661CB0011CE58B06_0_<******7373@lid>/will auto-download now
20:08:01.993 [ 184665] [main-thread   ] [F] LL_A media-downloader//autodownload/add/<******0487@g.us>_A53A089C5E33C151661CB0011CE58B06_0_<******7373@lid>/save-to-kvs: 1
20:08:01.993 [ 184665] [main-thread   ] [F] LL_A media-downloader//queue-media-download/<******0487@g.us>_A53A089C5E33C151661CB0011CE58B06_0_<******7373@lid>/queued (downloads queued: 2)
20:08:01.993 [ 184665] [main-thread   ] [F] LL_A media-downloader//enqueue-download/message/A53A089C5E33C151661CB0011CE58B06 [https://mmg.whatsapp.net/o1/v/t24/f2/m235/AQNRvcnrTHkoFwHT1uGavUIAYEUFk_ICEXIdXOZPwA9NFC2Aia0ZWphHfNl-FyTpEgt4IDqlnm6Obqk8lTr-5HxOePGXsfiptL90cIAWoQ?ccb=9-4&oh=01_Q5Aa5gFqdlsbEZEeE8zOIgZDP-s8ADiQIlJzZFVV1Cp4D05c2g&oe=6AD9EBF5&_nc_sid=e6ed6c&mms3=true] ouSteFexWJAMHKlr2W4v4hgrQyotTY5nfI/1OFAqkF4=
20:08:01.993 [ 184665] [main-thread   ] [F] LL_A chat/media/link/not-possible [A53A089C5E33C151661CB0011CE58B06]
20:08:01.993 [ 184665] [main-thread   ] [F] LL_A create/operation/key-diag rawBlobLen=112 keyDataLen=32 mediaType=0 stanzaID=A53A089C5E33C151661CB0011CE58B06
20:08:01.993 [ 209909] [NSManaged…a970] [F] LL_A storage//save/success [KVStore-LocalKeyValue.sqlite in 0.00s with changes]
20:08:01.994 [ 211652] [v4            ] [F] LL_A media-download-operation//phase-preflight/ouSteFexWJAMHKlr2W4v4hgrQyotTY5nfI/1OFAqkF4=
20:08:01.994 [ 211652] [v4            ] [F] LL_A media-download-operation//phase-downloading/ouSteFexWJAMHKlr2W4v4hgrQyotTY5nfI/1OFAqkF4=
20:08:01.994 [ 212280] [mms (QOS:…TED)] [F] LL_A mms-session//task-endpoint-request/exists
20:08:01.994 [ 212280] [mms (QOS:…TED)] [F] LL_A mms-base-task//resume/endpoints fetch response/download-task[ouSteFexWJAMHKlr2W4v4hgrQyotTY5nfI_1OFAqkF4=]/{0, *}/cellular:0
20:08:01.994 [ 212280] [mms (QOS:…TED)] [F] LL_A mms-base-task//resume/direct path//o1/v/t24/f2/m235/AQNRvcnrTHkoFwHT1uGavUIAYEUFk_ICEXIdXOZPwA9NFC2Aia0ZWphHfNl-FyTpEgt4IDqlnm6Obqk8lTr-5HxOePGXsfiptL90cIAWoQ?ccb=9-4&oh=01_Q5Aa5gFqdlsbEZEeE8zOIgZDP-s8ADiQIlJzZFVV1Cp4D05c2g&oe=6AD9EBF5&_nc_sid=e6ed6c/download-task[ouSteFexWJAMHKlr2W4v4hgrQyotTY5nfI_1OFAqkF4=]/{0, *}/cellular:0
20:08:01.994 [ 184665] [main-thread   ] [F] LL_A regular-media-downloader//favicon-download/no favicon to download
20:08:01.994 [ 212280] [mms (QOS:…TED)] [F] LL_A mms-base-task//resume/download-task[ouSteFexWJAMHKlr2W4v4hgrQyotTY5nfI_1OFAqkF4=]/{0, *}/cellular:0
20:08:01.994 [ 212280] [mms (QOS:…TED)] [F] LL_A download-task//create/download-task[ouSteFexWJAMHKlr2W4v4hgrQyotTY5nfI_1OFAqkF4=]/{0, *}/cellular:0
20:08:01.994 [ 212280] [mms (QOS:…TED)] [F] LL_A download-task//create/download-task[ouSteFexWJAMHKlr2W4v4hgrQyotTY5nfI_1OFAqkF4=]/{0, *}/cellular:0/regular
20:08:01.995 [ 184665] [main-thread   ] [F] LL_A wamessagehandler//handle/chat-storage-processing-finished/A53A089C5E33C151661CB0011CE58B06: accepted=1
20:08:01.995 [ 184665] [main-thread   ] [F] LL_A xmpp/main//incoming-message/acked/A53A089C5E33C151661CB0011CE58B06
20:08:01.995 [ 211458] [normal        ] [F] LL_N stream//> send > [receipt/delivery t=******0487@g.us p=******7373:0@lid id=A53A089C5E33C151661CB0011CE58B06]
20:08:01.999 [ 184665] [main-thread   ] [F] LL_A task-manager//task-queue/schedule-task task=<WABlockTask: 0x6000036e9e00 [index-messages]> task-manager=<WATaskManager: 0x600001724100>, queue=<WATaskQueue: 0x600001254af0> existingTask=0, tasksArrayCount=2
20:08:01.999 [ 184665] [main-thread   ] [F] LL_A task-manager//task-queue/schedule-task task=<WABlockTask: 0x6000036e9e00 [index-messages]> task-manager=<WATaskManager: 0x600001724100>, queue=<WATaskQueue: 0x600001254b60> existingTask=0, tasksArrayCount=1
20:08:01.999 [ 184665] [main-thread   ] [F] LL_A chatstorage-searchengine//indexing/chat-messages/task-scheduled task = <WABlockTask: 0x6000036e9e00 [index-messages]>
20:08:01.999 [ 212280] [NSManaged…a970] [F] LL_A storage//save/success [KVStore-LocalKeyValue.sqlite in 0.00s with changes]
20:08:02.000 [ 212280] [normal        ] [F] LL_N stream//> send > [iq/set ns=w:m t=s.whatsapp.net id=1790079492-49]
20:08:02.000 [ 209909] [NSManaged…a970] [F] LL_A storage//save/success [KVStore-LocalKeyValue.sqlite in 0.00s with changes]
20:08:02.849 [ 184665] [main-thread   ] [F] LL_A task-manager//task-manager/run-task task-manager = <WATaskManager: 0x600001724100>, quiet mode 0 _executingTask 0
20:08:02.849 [ 184665] [main-thread   ] [F] LL_A task-manager//run-task-in-group task-manager = <WATaskManager: 0x600001724100>, queue=<WATaskQueue: 0x600001254af0>
20:08:02.849 [ 184665] [main-thread   ] [F] LL_A task-manager//task-queue/find-task to be executed task = <WABlockTask: 0x6000036e9e00 [index-messages]>  queue=<WATaskQueue: 0x600001254af0>
20:08:02.851 [ 184665] [main-thread   ] [F] LL_A task-manager//task/start [<WATaskQueue: 0x600001254af0>]
20:08:02.852 [ 209909] [utility-qos   ] [F] LL_A task-manager//task-queue/run-task on queue task = <WABlockTask: 0x6000036e9e00 [index-messages]>, queue = <WATaskQueue: 0x600001254af0>
20:08:02.875 [ 184665] [main-thread   ] [F] LL_A storage//save/background/done [ChatDB in 0.00s with changes from 'NSManagedObjectContext 0x6000002cf4d0']
20:08:02.875 [ 184665] [main-thread   ] [F] LL_A msg-search//index/count [index-messages; 1 in 0.022s]
20:08:02.875 [ 184665] [main-thread   ] [F] LL_A msg-search//indexing/finish
20:08:02.875 [ 212281] [sanity-check  ] [F] LL_A msg-search//indexing/did-pass-sanity-check 1
20:08:02.875 [ 184665] [main-thread   ] [F] LL_A task-manager//task-queue/task-completion task = <WABlockTask: 0x6000036e9e00 [index-messages]>, queue = <WATaskQueue: 0x600001254af0>, should-run-again = 0
20:08:02.876 [ 184665] [main-thread   ] [F] LL_A task-manager//task finished for task-manager = <WATaskManager: 0x600001724100> on queue=<WATaskQueue: 0x600001254af0>
20:08:02.876 [ 184665] [main-thread   ] [F] LL_A task-manager//task-manager/run-task task-manager = <WATaskManager: 0x600001724100>, quiet mode 0 _executingTask 0
20:08:03.168 [ 211650] [normal        ] [F] LL_N xmpp//< recv < [iq/result f=s.whatsapp.net id=1790079492-49]
20:08:03.169 [ 213081] [mms (QOS:…TED)] [F] LL_A mms-session//conn-info/route-request/response/endpoints: 7 duration: 1.241984
20:08:03.558 [ 213081] [memory-us…ging] [F] LL_A app//memory: System [Used 5625MB, Free 64MB] Process [Footprint 172MB (-0MB), Available 0MB, Peak 186MB] [cpu/s: 0.076]
20:08:03.702 [ 213081] [normal        ] [F] LL_N xmpp//< recv < [receipt/peer_msg f=******4152:0@lid id=3B213ACCEB7DF2BB07C3]
20:08:03.703 [ 213081] [normal        ] [F] LL_A ccq/connection/background-task/begin
20:08:03.704 [ 212281] [ccq           ] [F] LL_A ccq/connection-queue/resume-stanza-processing source=[process-stanza] deferred=[false]
20:08:03.704 [ 212281] [ccq           ] [F] LL_A ccq/connection-queue/transition from=[stopped] to=[running]
20:08:03.704 [ 213081] [normal        ] [F] LL_A ccq/connection-queue/add-stanza id=[3B213ACCEB7DF2BB07C3] key=[3b6285e6] type=[receipt] transient=[0] allow-ack-after-persistence=[true]
20:08:03.706 [ 212281] [ccq           ] [F] LL_A ccq/unordered/cache/preloaded count=[0] keys=[] dedup-count=[0] max-sort-id=[0]
20:08:03.706 [ 212281] [ccq           ] [F] LL_A batch//ccq.dispatcher.unordered/set-disabled/prev:disabled/new:enabled
20:08:03.706 [ 212281] [ccq           ] [F] LL_A ccq/queued-stanza-factory/seed-sort-id ordered=[0]
20:08:03.706 [ 212281] [ccq           ] [F] LL_A ccq/connection-queue/transition from=[running] to=[idle]
20:08:03.706 [ 212280] [normal        ] [F] LL_A ccq/connection/idle busy-connection-active=[0]
20:08:03.706 [ 212281] [ccq           ] [F] LL_A ccq/connection-queue/add-stanza restarting
20:08:03.706 [ 212281] [ccq           ] [F] LL_A ccq/connection-queue/transition from=[idle] to=[running]
20:08:03.706 [ 212281] [ccq           ] [F] LL_A ccq/queued-stanza-factory/seed-sort-id ordered=[0]
20:08:03.707 [ 212281] [ccq           ] [F] LL_A ccq/connection-queue/add-stanza/online-stanza-detected resuming deferred processing
20:08:03.707 [ 212281] [ccq           ] [F] LL_A ccq/unordered/cache/fetch-stanzas limit=[25] source=[any]
20:08:03.707 [ 212280] [normal        ] [F] LL_A ccq/connection/cancel-stanza-processing/skip-processing-stanzas
20:08:03.808 [ 211650] [ccq           ] [F] LL_A ccq/unordered/cache/add-stanzas count=[1] keys=[3b6285e6]
20:08:03.808 [ 211650] [ccq           ] [F] LL_A ccq/unordered/cache/add-stanzas/write-back buffered=[1]
20:08:03.808 [ 211650] [ccq           ] [F] LL_A ccq/unordered/cache/fetch-stanzas limit=[25] source=[any]
20:08:03.809 [ 211650] [ccq           ] [F] LL_A ccq/unordered/consumer/process-stanzas count=[1] keys=[3b6285e6]
20:08:03.809 [ 211650] [ccq           ] [F] LL_A ccq/unordered/storage/increment-process-count count=[1] keys=[3b6285e6]
20:08:03.811 [ 211650] [ccq           ] [F] LL_W ccq/unordered/storage/increment-process-count incomplete updated-stanza-count=[0] expected-stanza-count=[1]
20:08:03.811 [ 211650] [ccq           ] [F] LL_A ccq/unordered/processor/process-stanzas count=[1]
20:08:03.814 [ 212280] [peer-messaging] [F] LL_A peer-message-status-managing/PeerMessageStatusManager/update/updating 3B213ACCEB7DF2BB07C3 to status delivered
20:08:03.814 [ 212280] [peer-messaging] [F] LL_A peer-message-status-managing/PeerMessageStatusManager/update/removing 3B213ACCEB7DF2BB07C3 from persistent storage
20:08:03.816 [ 212281] [queue         ] [F] LL_A stanza-processing-complete stanza-id=[3B213ACCEB7DF2BB07C3] stanza-type=[receipt] ack-child-element=[(null)] ignore-exclusive-connection=[0]
20:08:03.816 [ 212281] [ccq           ] [F] LL_A ccq/unordered/queue/handle-processing-output count=[1]
20:08:03.816 [ 212281] [ccq           ] [F] LL_A ccq/unordered/cache/fetch-stanzas limit=[25] source=[any]
20:08:03.816 [ 211650] [normal        ] [F] LL_N stream//> send > [ack/receipt/peer_msg t=******4152:0@lid id=3B213ACCEB7DF2BB07C3]
20:08:03.816 [ 212281] [ccq           ] [F] LL_A ccq/unordered/queue/handle-processing-output removed-stanza-count=[1]
20:08:03.817 [ 212281] [ccq           ] [F] LL_A ccq/unordered/cache/remove-stanzas count=[1] keys=[3b6285e6]
20:08:03.817 [ 212281] [ccq           ] [F] LL_A ccq/unordered/cache/remove-stanzas/pending-persistence count=[1] keys=[3b6285e6]
20:08:03.817 [ 212281] [ccq           ] [F] LL_A ccq/unordered/storage/remove-stanzas count=[1] keys=[3b6285e6]
20:08:03.817 [ 212281] [ccq           ] [F] LL_A ccq/connection-queue/finish-processing idle
20:08:03.818 [ 212281] [ccq           ] [F] LL_A ccq/connection-queue/transition from=[running] to=[idle]
20:08:03.818 [ 209909] [normal        ] [F] LL_A ccq/connection/idle busy-connection-active=[0]
20:08:03.818 [ 209909] [normal        ] [F] LL_A ccq/connection/cancel-on-idle
20:08:03.818 [ 209909] [ccq           ] [F] LL_A ccq/connection-queue/cancel-stanza-processing reason=[WAStanzaProcessingCancellationReason(rawValue: 4)] deferred=[false]
20:08:03.818 [ 209909] [ccq           ] [F] LL_A ccq/connection-queue/transition from=[idle] to=[draining]
20:08:03.818 [ 209909] [ccq           ] [F] LL_A ccq/unordered/processor/cancel-all-processing reason=[WAStanzaProcessingCancellationReason(rawValue: 4)]
20:08:03.818 [ 209909] [ccq           ] [F] LL_A ccq/unordered/consumer/cancel-stanza-processing
20:08:03.818 [ 212281] [queue         ] [F] LL_A stanza-processing-cancellation handle-count=[0] reason=[4]
20:08:03.818 [ 212278] [queue         ] [F] LL_A stanza-processing-cancellation handle-count=[0] reason=[4]
20:08:03.818 [ 209909] [ccq           ] [F] LL_A ccq/connection-queue/transition from=[draining] to=[stopped]
20:08:03.818 [ 209909] [ccq           ] [F] LL_A ccq/unordered/cache/invalidate
20:08:03.818 [ 209909] [ccq           ] [F] LL_A batch//ccq.dispatcher.unordered/set-disabled/prev:enabled/new:disabled
20:08:03.818 [ 209909] [normal        ] [F] LL_A ccq/connection/background-task/end
20:08:03.899 [ 184665] [main-thread   ] [F] LL_A task-manager//task-manager/run-task task-manager = <WATaskManager: 0x600001724100>, quiet mode 0 _executingTask 0
20:08:03.899 [ 184665] [main-thread   ] [F] LL_A task-manager//run-task-in-group task-manager = <WATaskManager: 0x600001724100>, queue=<WATaskQueue: 0x600001254af0>
20:08:03.899 [ 184665] [main-thread   ] [F] LL_A task-manager//task-queue/find-task to be executed task = <WAMessagesByActiveSessionTask: 0x60000124a5a0 [fix-streaming-items]>  queue=<WATaskQueue: 0x600001254af0>
20:08:03.901 [ 184665] [main-thread   ] [F] LL_A task-manager//task/start [<WATaskQueue: 0x600001254af0>]
20:08:03.902 [ 212278] [utility-qos   ] [F] LL_A task-manager//task-queue/run-task on queue task = <WAMessagesByActiveSessionTask: 0x60000124a5a0 [fix-streaming-items]>, queue = <WATaskQueue: 0x600001254af0>
20:08:03.906 [ 184665] [main-thread   ] [F] LL_A storage//save/background/done [ChatDB in 0.00s with no changes from 'NSManagedObjectContext 0x60000023dc70']
20:08:03.906 [ 184665] [main-thread   ] [F] LL_A messages-by-session//by-session [id: fix-streaming-items; count: 0; has-more: 0]
20:08:03.906 [ 184665] [main-thread   ] [F] LL_A task-manager//task-queue/task-completion task = <WAMessagesByActiveSessionTask: 0x60000124a5a0 [fix-streaming-items]>, queue = <WATaskQueue: 0x600001254af0>, should-run-again = 1
20:08:03.908 [ 184665] [main-thread   ] [F] LL_A task-manager//task finished for task-manager = <WATaskManager: 0x600001724100> on queue=<WATaskQueue: 0x600001254af0>
20:08:03.908 [ 184665] [main-thread   ] [F] LL_A task-manager//task-manager/run-task task-manager = <WATaskManager: 0x600001724100>, quiet mode 0 _executingTask 0
20:08:04.141 [ 212280] [filedownload  ] [F] LL_A download-task-handler//did-receive-response/task[ouSteFexWJAMHKlr2W4v4hgrQyotTY5nfI_1OFAqkF4=][{0, *}]/returned range: {0, 63434} current: 0
20:08:04.949 [ 184665] [main-thread   ] [F] LL_A task-manager//task-manager/run-task task-manager = <WATaskManager: 0x600001724100>, quiet mode 0 _executingTask 0
20:08:04.949 [ 184665] [main-thread   ] [F] LL_A task-manager//run-task-in-group task-manager = <WATaskManager: 0x600001724100>, queue=<WATaskQueue: 0x600001254af0>
20:08:04.949 [ 184665] [main-thread   ] [F] LL_A task-manager//task-queue/find-task to be executed task = <WAMessagesByActiveSessionTask: 0x600001250b60 [orphaned-files]>  queue=<WATaskQueue: 0x600001254af0>
20:08:04.952 [ 184665] [main-thread   ] [F] LL_A task-manager//task/start [<WATaskQueue: 0x600001254af0>]
20:08:04.952 [ 211650] [utility-qos   ] [F] LL_A task-manager//task-queue/run-task on queue task = <WAMessagesByActiveSessionTask: 0x600001250b60 [orphaned-files]>, queue = <WATaskQueue: 0x600001254af0>
20:08:04.960 [ 211650] [NSManaged…fa80] [F] LL_A storage//save/success [KVStore-Tracking.sqlite in 0.00s with no changes]
20:08:04.962 [ 211650] [NSManaged…fa80] [F] LL_A storage//save/success [KVStore-Tracking.sqlite in 0.00s with changes]
20:08:04.962 [ 184665] [main-thread   ] [F] LL_A storage//save/background/done [ChatDB in 0.00s with no changes from 'NSManagedObjectContext 0x60000023dc70']
20:08:04.962 [ 184665] [main-thread   ] [F] LL_A messages-by-session//by-session [id: orphaned-files; count: 7; has-more: 0]
20:08:04.962 [ 184665] [main-thread   ] [F] LL_A task-manager//task-queue/task-completion task = <WAMessagesByActiveSessionTask: 0x600001250b60 [orphaned-files]>, queue = <WATaskQueue: 0x600001254af0>, should-run-again = 1
20:08:04.963 [ 184665] [main-thread   ] [F] LL_A task-manager//task finished for task-manager = <WATaskManager: 0x600001724100> on queue=<WATaskQueue: 0x600001254af0>
20:08:04.963 [ 184665] [main-thread   ] [F] LL_A task-manager//task-manager/run-task task-manager = <WATaskManager: 0x600001724100>, quiet mode 0 _executingTask 0
20:08:05.433 [ 209909] [mms (QOS:…TED)] [F] LL_A mms-base-task//finish/finishing/download-task[ouSteFexWJAMHKlr2W4v4hgrQyotTY5nfI_1OFAqkF4=]/{0, *}/cellular:0
20:08:05.434 [ 209909] [mms (QOS:…TED)] [F] LL_A mms-session//did-complete/wa-mms-task[29]/callback=1
20:08:05.434 [ 212278] [v4            ] [F] LL_A media-download-operation//phase-downloading/ouSteFexWJAMHKlr2W4v4hgrQyotTY5nfI/1OFAqkF4=/retry: 0 response/code: 200 error: (null)
20:08:05.435 [ 212278] [v4            ] [F] LL_A phase-downloading/ouSteFexWJAMHKlr2W4v4hgrQyotTY5nfI/1OFAqkF4=/metrics
LL_A (Task Interval) <_NSConcreteDateInterval: 0x600003f7c020> (Start Date) 2026-09-22 13:08:01 +0000 + (Duration) 3.439423 seconds = (End Date) 2026-09-22 13:08:05 +0000
LL_A (Redirect Count) 0
LL_A (Transaction Metrics) 
LL_A (Transaction Metric 0 )
LL_A (Request) https://media.fcgk42-1.fna.whatsapp.net/o1/v/t24/f2/m235/AQNRvcnrTHkoFwHT1uGavUIAYEUFk_ICEXIdXOZPwA9NFC2Aia0ZWphHfNl-FyTpEgt4IDqlnm6Obqk8lTr-5HxOePGXsfiptL90cIAWoQ
LL_A (Response) <https://media.fcgk42-1.fna.whatsapp.net/o1/v/t24/f2/m235/AQNRvcnrTHkoFwHT1uGavUIAYEUFk_ICEXIdXOZPwA9NFC2Aia0ZWphHfNl-FyTpEgt4IDqlnm6Obqk8lTr-5HxOePGXsfiptL90cIAWoQ 200 no error>
LL_A (Fetch Start) 1790082481.994007
LL_A (Domain Lookup Start) 1790082481.994425
LL_A (Domain Lookup End) 1790082481.995425
LL_A (Domain Lookup Total) 0.001000
LL_A (Connect Start) 1790082481.995425
LL_A (Secure Connection Start) 1790082483.165425
LL_A (Secure Connection End) 1790082483.600425
LL_A (Secure Connection Total) 0.435000
LL_A (Connect End) 1790082483.600425
LL_A (Connect Total) 1.605000
LL_A (Request Start) 1790082483.601305
LL_A (Request End) 1790082483.601401
LL_A (Request Total) 0.000096
LL_A (Response Wait) 0.160904
LL_A (Response Start) 1790082483.762305
LL_A (Response End) 1790082485.433047
LL_A (Response Total) 1.670742
LL_A (Protocol Name) h2
LL_A (Proxy Connection) NO
LL_A (Reused Connection) NO
LL_A (Fetch Type) 1
LL_A 
LL_A 
20:08:05.435 [ 212278] [v4            ] [F] LL_A media-download-operation//phase-decrypting/ouSteFexWJAMHKlr2W4v4hgrQyotTY5nfI/1OFAqkF4=
20:08:05.435 [ 211650] [user-init…-qos] [F] LL_A media-download-operation//phase-decrypting/ouSteFexWJAMHKlr2W4v4hgrQyotTY5nfI/1OFAqkF4=/writing final plaintext to 9FDB3742-84C6-46C4-BEFF-22FAA7CBD038.jpg
20:08:05.437 [ 212280] [v4            ] [F] LL_A media-download-operation//phase-decrypting/ouSteFexWJAMHKlr2W4v4hgrQyotTY5nfI/1OFAqkF4=/complete/success plain: 1 enc: 1 expected fs: 63412
20:08:05.437 [ 212280] [v4            ] [F] LL_A media-download-operation//phase-fetching-asset/ouSteFexWJAMHKlr2W4v4hgrQyotTY5nfI/1OFAqkF4=
20:08:05.438 [ 212280] [v4            ] [F] LL_A media-download-operation//phase-fetching-asset/ouSteFexWJAMHKlr2W4v4hgrQyotTY5nfI/1OFAqkF4=/complete asset: 1
20:08:05.438 [ 212280] [v4            ] [F] LL_A media-download-operation//phase-completion/ouSteFexWJAMHKlr2W4v4hgrQyotTY5nfI/1OFAqkF4=
20:08:05.439 [ 184665] [main-thread   ] [F] LL_A chatstorage//save/ids/success [ChatDB in 0.00s]
20:08:05.439 [ 184665] [main-thread   ] [F] LL_A chatstorage//save/process [ChatDB in 0.00s]
20:08:05.439 [ 184665] [main-thread   ] [F] LL_A chatstorage//indexing/should index messages 0
20:08:05.439 [ 184665] [main-thread   ] [F] LL_A storage//save/success [ChatDB in 0.00s with no changes]
20:08:05.440 [ 184665] [main-thread   ] [F] LL_A chatstorage//save/aggregated success [ChatDB in 0.00s]
20:08:05.442 [ 184665] [main-thread   ] [F] LL_A did-finish-downloading-media/message/x-coredata://9E96C00C-04BD-4894-BC58-7BB83C39F595/WAMessage/p58719 (3)
20:08:05.442 [ 184665] [main-thread   ] [F] LL_A media-downloader//autodownload/remove/<******0487@g.us>_A53A089C5E33C151661CB0011CE58B06_0_<******7373@lid>/remove-from-kvs: 1
20:08:05.445 [ 184665] [main-thread   ] [F] LL_A message/media-local-path/updating 1 messages for full media: (
LL_A     "<******0487@g.us>_A53A089C5E33C151661CB0011CE58B06_0_<******7373@lid>"
LL_A )
20:08:05.445 [ 184665] [main-thread   ] [F] LL_A helper/save-to-camera-roll/skipped [<******0487@g.us>_A53A089C5E33C151661CB0011CE58B06_0_<******7373@lid>]
20:08:05.445 [ 184665] [main-thread   ] [F] LL_A chatstorage//save/ids/success [ChatDB in 0.00s]
20:08:05.446 [ 184665] [main-thread   ] [F] LL_A chatstorage//save/process [ChatDB in 0.00s]
20:08:05.446 [ 184665] [main-thread   ] [F] LL_A chatstorage//indexing/should index messages 0
20:08:05.449 [ 184665] [main-thread   ] [F] LL_A storage//save/success [ChatDB in 0.00s with changes]
20:08:05.449 [ 184665] [main-thread   ] [F] LL_A chatstorage//save/aggregated success [ChatDB in 0.00s]
20:08:06.002 [ 184665] [main-thread   ] [F] LL_A task-manager//task-manager/run-task task-manager = <WATaskManager: 0x600001724100>, quiet mode 0 _executingTask 0
20:08:06.002 [ 184665] [main-thread   ] [F] LL_A task-manager//run-task-in-group task-manager = <WATaskManager: 0x600001724100>, queue=<WATaskQueue: 0x600001254af0>
20:08:06.003 [ 184665] [main-thread   ] [F] LL_A task-manager//task-queue/find-task to be executed task = <WAMessagesByActiveSessionTask: 0x60000124a5a0 [fix-streaming-items]>  queue=<WATaskQueue: 0x600001254af0>
20:08:06.005 [ 184665] [main-thread   ] [F] LL_A task-manager//task/start [<WATaskQueue: 0x600001254af0>]
20:08:06.005 [ 212280] [utility-qos   ] [F] LL_A task-manager//task-queue/run-task on queue task = <WAMessagesByActiveSessionTask: 0x60000124a5a0 [fix-streaming-items]>, queue = <WATaskQueue: 0x600001254af0>
20:08:06.010 [ 184665] [main-thread   ] [F] LL_A storage//save/background/done [ChatDB in 0.00s with no changes from 'NSManagedObjectContext 0x60000023dc70']
20:08:06.010 [ 184665] [main-thread   ] [F] LL_A messages-by-session//by-session [id: fix-streaming-items; count: 0; has-more: 0]
20:08:06.010 [ 184665] [main-thread   ] [F] LL_A task-manager//task-queue/task-completion task = <WAMessagesByActiveSessionTask: 0x60000124a5a0 [fix-streaming-items]>, queue = <WATaskQueue: 0x600001254af0>, should-run-again = 1
20:08:06.011 [ 184665] [main-thread   ] [F] LL_A task-manager//task finished for task-manager = <WATaskManager: 0x600001724100> on queue=<WATaskQueue: 0x600001254af0>
20:08:06.011 [ 184665] [main-thread   ] [F] LL_A task-manager//task-manager/run-task task-manager = <WATaskManager: 0x600001724100>, quiet mode 0 _executingTask 0
20:08:06.559 [ 211650] [memory-us…ging] [F] LL_A app//memory: System [Used 5626MB, Free 62MB] Process [Footprint 172MB (+0MB), Available 0MB, Peak 186MB] [cpu/s: 0.048]
20:08:07.051 [ 184665] [main-thread   ] [F] LL_A task-manager//task-manager/run-task task-manager = <WATaskManager: 0x600001724100>, quiet mode 0 _executingTask 0
20:08:07.051 [ 184665] [main-thread   ] [F] LL_A task-manager//run-task-in-group task-manager = <WATaskManager: 0x600001724100>, queue=<WATaskQueue: 0x600001254af0>
20:08:07.051 [ 184665] [main-thread   ] [F] LL_A task-manager//task-queue/find-task to be executed task = <WAMessagesByActiveSessionTask: 0x600001250b60 [orphaned-files]>  queue=<WATaskQueue: 0x600001254af0>
20:08:07.053 [ 184665] [main-thread   ] [F] LL_A task-manager//task/start [<WATaskQueue: 0x600001254af0>]
20:08:07.053 [ 211458] [utility-qos   ] [F] LL_A task-manager//task-queue/run-task on queue task = <WAMessagesByActiveSessionTask: 0x600001250b60 [orphaned-files]>, queue = <WATaskQueue: 0x600001254af0>
20:08:07.057 [ 211458] [NSManaged…fa80] [F] LL_A storage//save/success [KVStore-Tracking.sqlite in 0.00s with no changes]
20:08:07.059 [ 211458] [NSManaged…fa80] [F] LL_A storage//save/success [KVStore-Tracking.sqlite in 0.00s with changes]
20:08:07.059 [ 184665] [main-thread   ] [F] LL_A storage//save/background/done [ChatDB in 0.00s with no changes from 'NSManagedObjectContext 0x60000023dc70']
20:08:07.060 [ 184665] [main-thread   ] [F] LL_A messages-by-session//by-session [id: orphaned-files; count: 0; has-more: 0]
20:08:07.060 [ 184665] [main-thread   ] [F] LL_A task-manager//task-queue/task-completion task = <WAMessagesByActiveSessionTask: 0x600001250b60 [orphaned-files]>, queue = <WATaskQueue: 0x600001254af0>, should-run-again = 1
20:08:07.061 [ 184665] [main-thread   ] [F] LL_A task-manager//task finished for task-manager = <WATaskManager: 0x600001724100> on queue=<WATaskQueue: 0x600001254af0>
20:08:07.061 [ 184665] [main-thread   ] [F] LL_A task-manager//task-manager/run-task task-manager = <WATaskManager: 0x600001724100>, quiet mode 0 _executingTask 0
20:08:08.106 [ 184665] [main-thread   ] [F] LL_A task-manager//task-manager/run-task task-manager = <WATaskManager: 0x600001724100>, quiet mode 0 _executingTask 0
20:08:08.106 [ 184665] [main-thread   ] [F] LL_A task-manager//run-task-in-group task-manager = <WATaskManager: 0x600001724100>, queue=<WATaskQueue: 0x600001254af0>
20:08:08.106 [ 184665] [main-thread   ] [F] LL_A task-manager//task-queue/find-task to be executed task = <WAMessagesByActiveSessionTask: 0x60000124a5a0 [fix-streaming-items]>  queue=<WATaskQueue: 0x600001254af0>
20:08:08.108 [ 184665] [main-thread   ] [F] LL_A task-manager//task/start [<WATaskQueue: 0x600001254af0>]
20:08:08.108 [ 211458] [utility-qos   ] [F] LL_A task-manager//task-queue/run-task on queue task = <WAMessagesByActiveSessionTask: 0x60000124a5a0 [fix-streaming-items]>, queue = <WATaskQueue: 0x600001254af0>
20:08:08.114 [ 184665] [main-thread   ] [F] LL_A storage//save/background/done [ChatDB in 0.00s with no changes from 'NSManagedObjectContext 0x60000023dc70']
20:08:08.115 [ 184665] [main-thread   ] [F] LL_A messages-by-session//by-session [id: fix-streaming-items; count: 0; has-more: 0]
20:08:08.115 [ 184665] [main-thread   ] [F] LL_A task-manager//task-queue/task-completion task = <WAMessagesByActiveSessionTask: 0x60000124a5a0 [fix-streaming-items]>, queue = <WATaskQueue: 0x600001254af0>, should-run-again = 1
20:08:08.116 [ 184665] [main-thread   ] [F] LL_A task-manager//task finished for task-manager = <WATaskManager: 0x600001724100> on queue=<WATaskQueue: 0x600001254af0>
20:08:08.116 [ 184665] [main-thread   ] [F] LL_A task-manager//task-manager/run-task task-manager = <WATaskManager: 0x600001724100>, quiet mode 0 _executingTask 0
20:08:09.121 [ 184665] [main-thread   ] [F] LL_A task-manager//task-manager/run-task task-manager = <WATaskManager: 0x600001724100>, quiet mode 0 _executingTask 0
20:08:09.121 [ 184665] [main-thread   ] [F] LL_A task-manager//run-task-in-group task-manager = <WATaskManager: 0x600001724100>, queue=<WATaskQueue: 0x600001254af0>
20:08:09.122 [ 184665] [main-thread   ] [F] LL_A task-manager//task-queue/find-task to be executed task = <WAMessagesByActiveSessionTask: 0x600001250b60 [orphaned-files]>  queue=<WATaskQueue: 0x600001254af0>
20:08:09.123 [ 212281] [normal        ] [F] LL_E [WAMSYS] WCCConnectionLifecycleTokenCreate [Line 293] [LogLevel:I] connection/lifecycle_manager/token/acquire [id = 6, requestor = 2, reason = 1, acquire time = 811775289, wcc_source = 2, wcc_reason = 10, token_count = 2]
20:08:09.124 [ 184665] [main-thread   ] [F] LL_A task-manager//task/start [<WATaskQueue: 0x600001254af0>]
20:08:09.124 [ 212278] [utility-qos   ] [F] LL_A task-manager//task-queue/run-task on queue task = <WAMessagesByActiveSessionTask: 0x600001250b60 [orphaned-files]>, queue = <WATaskQueue: 0x600001254af0>
20:08:09.131 [ 212278] [NSManaged…fa80] [F] LL_A storage//save/success [KVStore-Tracking.sqlite in 0.00s with no changes]
20:08:09.133 [ 212278] [NSManaged…fa80] [F] LL_A storage//save/success [KVStore-Tracking.sqlite in 0.00s with changes]
20:08:09.133 [ 184665] [main-thread   ] [F] LL_A storage//save/background/done [ChatDB in 0.00s with no changes from 'NSManagedObjectContext 0x60000023dc70']
20:08:09.133 [ 184665] [main-thread   ] [F] LL_A messages-by-session//by-session [id: orphaned-files; count: 1; has-more: 0]
20:08:09.133 [ 184665] [main-thread   ] [F] LL_A task-manager//task-queue/task-completion task = <WAMessagesByActiveSessionTask: 0x600001250b60 [orphaned-files]>, queue = <WATaskQueue: 0x600001254af0>, should-run-again = 1
20:08:09.134 [ 184665] [main-thread   ] [F] LL_A task-manager//task finished for task-manager = <WATaskManager: 0x600001724100> on queue=<WATaskQueue: 0x600001254af0>
20:08:09.134 [ 184665] [main-thread   ] [F] LL_A task-manager//task-manager/run-task task-manager = <WATaskManager: 0x600001724100>, quiet mode 0 _executingTask 0
20:08:09.336 [ 212278] [normal        ] [F] LL_A xmpp//client-to-server-ping/server-time-shift: 0.230 sec
20:08:09.559 [ 212278] [memory-us…ging] [F] LL_A app//memory: System [Used 5626MB, Free 62MB] Process [Footprint 171MB (-0MB), Available 0MB, Peak 186MB] [cpu/s: 0.027]
20:08:10.184 [ 184665] [main-thread   ] [F] LL_A task-manager//task-manager/run-task task-manager = <WATaskManager: 0x600001724100>, quiet mode 0 _executingTask 0
20:08:10.184 [ 184665] [main-thread   ] [F] LL_A task-manager//run-task-in-group task-manager = <WATaskManager: 0x600001724100>, queue=<WATaskQueue: 0x600001254af0>
20:08:10.184 [ 184665] [main-thread   ] [F] LL_A task-manager//task-queue/find-task to be executed task = <WAMessagesByActiveSessionTask: 0x60000124a5a0 [fix-streaming-items]>  queue=<WATaskQueue: 0x600001254af0>
20:08:10.186 [ 184665] [main-thread   ] [F] LL_A task-manager//task/start [<WATaskQueue: 0x600001254af0>]
20:08:10.186 [ 212278] [utility-qos   ] [F] LL_A task-manager//task-queue/run-task on queue task = <WAMessagesByActiveSessionTask: 0x60000124a5a0 [fix-streaming-items]>, queue = <WATaskQueue: 0x600001254af0>
20:08:10.192 [ 184665] [main-thread   ] [F] LL_A storage//save/background/done [ChatDB in 0.00s with no changes from 'NSManagedObjectContext 0x60000023dc70']
20:08:10.192 [ 184665] [main-thread   ] [F] LL_A messages-by-session//by-session [id: fix-streaming-items; count: 0; has-more: 0]
20:08:10.193 [ 184665] [main-thread   ] [F] LL_A task-manager//task-queue/task-completion task = <WAMessagesByActiveSessionTask: 0x60000124a5a0 [fix-streaming-items]>, queue = <WATaskQueue: 0x600001254af0>, should-run-again = 1
20:08:10.194 [ 184665] [main-thread   ] [F] LL_A task-manager//task finished for task-manager = <WATaskManager: 0x600001724100> on queue=<WATaskQueue: 0x600001254af0>
20:08:10.194 [ 184665] [main-thread   ] [F] LL_A task-manager//task-manager/run-task task-manager = <WATaskManager: 0x600001724100>, quiet mode 0 _executingTask 0
20:08:11.242 [ 184665] [main-thread   ] [F] LL_A task-manager//task-manager/run-task task-manager = <WATaskManager: 0x600001724100>, quiet mode 0 _executingTask 0
20:08:11.242 [ 184665] [main-thread   ] [F] LL_A task-manager//run-task-in-group task-manager = <WATaskManager: 0x600001724100>, queue=<WATaskQueue: 0x600001254af0>
20:08:11.242 [ 184665] [main-thread   ] [F] LL_A task-manager//task-queue/find-task to be executed task = <WAMessagesByActiveSessionTask: 0x600001250b60 [orphaned-files]>  queue=<WATaskQueue: 0x600001254af0>
20:08:11.244 [ 184665] [main-thread   ] [F] LL_A task-manager//task/start [<WATaskQueue: 0x600001254af0>]
20:08:11.244 [ 211650] [utility-qos   ] [F] LL_A task-manager//task-queue/run-task on queue task = <WAMessagesByActiveSessionTask: 0x600001250b60 [orphaned-files]>, queue = <WATaskQueue: 0x600001254af0>
20:08:11.252 [ 211650] [NSManaged…fa80] [F] LL_A storage//save/success [KVStore-Tracking.sqlite in 0.00s with no changes]
20:08:11.253 [ 211650] [NSManaged…fa80] [F] LL_A storage//save/success [KVStore-Tracking.sqlite in 0.00s with changes]
20:08:11.254 [ 184665] [main-thread   ] [F] LL_A storage//save/background/done [ChatDB in 0.00s with no changes from 'NSManagedObjectContext 0x60000023dc70']
20:08:11.254 [ 184665] [main-thread   ] [F] LL_A messages-by-session//by-session [id: orphaned-files; count: 1; has-more: 0]
20:08:11.254 [ 184665] [main-thread   ] [F] LL_A task-manager//task-queue/task-completion task = <WAMessagesByActiveSessionTask: 0x600001250b60 [orphaned-files]>, queue = <WATaskQueue: 0x600001254af0>, should-run-again = 1
20:08:11.255 [ 184665] [main-thread   ] [F] LL_A task-manager//task finished for task-manager = <WATaskManager: 0x600001724100> on queue=<WATaskQueue: 0x600001254af0>
20:08:11.255 [ 184665] [main-thread   ] [F] LL_A task-manager//task-manager/run-task task-manager = <WATaskManager: 0x600001724100>, quiet mode 0 _executingTask 0
20:08:12.003 [ 211650] [NSManaged…a970] [F] LL_A storage//save/success [KVStore-LocalKeyValue.sqlite in 0.00s with changes]
20:08:12.136 [ 212281] [addressbook   ] [F] LL_A syncmanager//usync/scheduled-full/check c:[(null)] d:[2026-09-22 15:14:14 +0000] dm:[2026-09-22 15:14:14 +0000] sl:[(null)] b:[2026-09-22 15:14:14 +0000] s:[2026-09-22 15:14:14 +0000]
20:08:12.136 [ 212281] [addressbook   ] [F] LL_A syncmanager//usync/scheduled-full/run/background
20:08:12.138 [ 212281] [addressbook   ] [F] LL_A syncmanager//usync/unisync/begin
20:08:12.138 [ 212281] [addressbook   ] [F] LL_A syncmanager//usync/prepare-list/Full items=[0] deleted=[0]
20:08:12.150 [ 212281] [addressbook   ] [F] LL_A syncmanager//usync/prepare-sidelist/Full items=[62]
20:08:12.152 [ 212281] [addressbook   ] [F] LL_A syncmanager//usync/contacts/backoff is nil or before now:[nil]
20:08:12.152 [ 212281] [addressbook   ] [F] LL_A syncmanager//usync/contacts/nextScheduledFullSyncDate is:[(null)]
20:08:12.152 [ 212281] [addressbook   ] [F] LL_A syncmanager//usync/contacts/isCompanionDevice
20:08:12.152 [ 212281] [addressbook   ] [F] LL_A syncmanager//usync/contacts/isContactSyncEnabled:[NO]
20:08:12.152 [ 212281] [addressbook   ] [F] LL_A syncmanager//usync/unisync/nc/allowMutation: 1, mode: 3, orion_usync_allow_mutation_attribute:1 
20:08:12.164 [ 212281] [addressbook   ] [F] LL_A syncmanager//usync/unisync/start/Background/Full list=[0] sidelist=[62]
20:08:12.164 [ 212281] [addressbook   ] [F] LL_A sync-session//usync/request/start/ cl:n dl:n dm:n pl:n sl:n st:n bz:n lid:n un=[n] ts:n cl=[0] sl=[0]
20:08:12.164 [ 211650] [normal        ] [F] LL_E sync-session//usync/request/all protocols off
20:08:12.164 [ 184665] [main-thread   ] [F] LL_A syncmanager//usync/unisync/finished time=[0.000]
20:08:12.164 [ 212281] [addressbook   ] [F] LL_A syncmanager//usync/usync/skipped/already in progress
20:08:12.166 [ 184665] [main-thread   ] [F] LL_A chat-mgr//syncmanager/usync/delegate/sync-finished result=[Success] reason=[None] deleletedContacts=[0]
20:08:12.166 [ 212281] [addressbook   ] [F] LL_A chat-mgr//refresh-chats/started
20:08:12.167 [ 212281] [addressbook   ] [F] LL_A chat-mgr//refresh-chats/finished time=[0.000]
20:08:12.173 [ 212281] [NSManaged…dc70] [F] LL_W chatsession/missing-contact-identifier
20:08:12.199 [ 184665] [main-thread   ] [F] LL_A storage//save/background/done [ChatDB in 0.00s with no changes from 'NSManagedObjectContext 0x60000023dc70']
20:08:12.199 [ 184665] [main-thread   ] [F] LL_A chat-mgr//refresh-chats/merged-changes
20:08:12.300 [ 184665] [main-thread   ] [F] LL_A task-manager//task-manager/run-task task-manager = <WATaskManager: 0x600001724100>, quiet mode 0 _executingTask 0
20:08:12.300 [ 184665] [main-thread   ] [F] LL_A task-manager//run-task-in-group task-manager = <WATaskManager: 0x600001724100>, queue=<WATaskQueue: 0x600001254af0>
20:08:12.300 [ 184665] [main-thread   ] [F] LL_A task-manager//task-queue/find-task to be executed task = <WAMessagesByActiveSessionTask: 0x60000124a5a0 [fix-streaming-items]>  queue=<WATaskQueue: 0x600001254af0>
20:08:12.301 [ 184665] [main-thread   ] [F] LL_A task-manager//task/start [<WATaskQueue: 0x600001254af0>]
20:08:12.301 [ 212281] [utility-qos   ] [F] LL_A task-manager//task-queue/run-task on queue task = <WAMessagesByActiveSessionTask: 0x60000124a5a0 [fix-streaming-items]>, queue = <WATaskQueue: 0x600001254af0>
20:08:12.305 [ 184665] [main-thread   ] [F] LL_A storage//save/background/done [ChatDB in 0.00s with no changes from 'NSManagedObjectContext 0x60000023dc70']
20:08:12.305 [ 184665] [main-thread   ] [F] LL_A messages-by-session//by-session [id: fix-streaming-items; count: 0; has-more: 0]
20:08:12.305 [ 184665] [main-thread   ] [F] LL_A task-manager//task-queue/task-completion task = <WAMessagesByActiveSessionTask: 0x60000124a5a0 [fix-streaming-items]>, queue = <WATaskQueue: 0x600001254af0>, should-run-again = 1
20:08:12.306 [ 184665] [main-thread   ] [F] LL_A task-manager//task finished for task-manager = <WATaskManager: 0x600001724100> on queue=<WATaskQueue: 0x600001254af0>
20:08:12.306 [ 184665] [main-thread   ] [F] LL_A task-manager//task-manager/run-task task-manager = <WATaskManager: 0x600001724100>, quiet mode 0 _executingTask 0
20:08:12.355 [ 212281] [normal        ] [F] LL_E [WAMSYS] _WCCConnectionDefaultLogAndStoreEdgeRouting [Line 3221] [LogLevel:I] ib/edge_routing/[routing_info={8:18:8:5:8:13}]
20:08:12.559 [ 212278] [memory-us…ging] [F] LL_A app//memory: System [Used 5606MB, Free 82MB] Process [Footprint 173MB (+1MB), Available 0MB, Peak 186MB] [cpu/s: 0.058]
20:08:13.349 [ 184665] [main-thread   ] [F] LL_A task-manager//task-manager/run-task task-manager = <WATaskManager: 0x600001724100>, quiet mode 0 _executingTask 0
20:08:13.349 [ 184665] [main-thread   ] [F] LL_A task-manager//run-task-in-group task-manager = <WATaskManager: 0x600001724100>, queue=<WATaskQueue: 0x600001254af0>
20:08:13.349 [ 184665] [main-thread   ] [F] LL_A task-manager//task-queue/find-task to be executed task = <WAMessagesByActiveSessionTask: 0x600001250b60 [orphaned-files]>  queue=<WATaskQueue: 0x600001254af0>
20:08:13.351 [ 184665] [main-thread   ] [F] LL_A task-manager//task/start [<WATaskQueue: 0x600001254af0>]
20:08:13.351 [ 212278] [utility-qos   ] [F] LL_A task-manager//task-queue/run-task on queue task = <WAMessagesByActiveSessionTask: 0x600001250b60 [orphaned-files]>, queue = <WATaskQueue: 0x600001254af0>
20:08:13.358 [ 212278] [NSManaged…fa80] [F] LL_A storage//save/success [KVStore-Tracking.sqlite in 0.00s with no changes]
20:08:13.360 [ 212278] [NSManaged…fa80] [F] LL_A storage//save/success [KVStore-Tracking.sqlite in 0.00s with changes]
20:08:13.360 [ 184665] [main-thread   ] [F] LL_A storage//save/background/done [ChatDB in 0.00s with no changes from 'NSManagedObjectContext 0x60000023dc70']
20:08:13.360 [ 184665] [main-thread   ] [F] LL_A messages-by-session//by-session [id: orphaned-files; count: 1; has-more: 0]
20:08:13.360 [ 184665] [main-thread   ] [F] LL_A task-manager//task-queue/task-completion task = <WAMessagesByActiveSessionTask: 0x600001250b60 [orphaned-files]>, queue = <WATaskQueue: 0x600001254af0>, should-run-again = 1
20:08:13.361 [ 184665] [main-thread   ] [F] LL_A task-manager//task finished for task-manager = <WATaskManager: 0x600001724100> on queue=<WATaskQueue: 0x600001254af0>
20:08:13.361 [ 184665] [main-thread   ] [F] LL_A task-manager//task-manager/run-task task-manager = <WATaskManager: 0x600001724100>, quiet mode 0 _executingTask 0
20:08:14.409 [ 184665] [main-thread   ] [F] LL_A task-manager//task-manager/run-task task-manager = <WATaskManager: 0x600001724100>, quiet mode 0 _executingTask 0
20:08:14.410 [ 184665] [main-thread   ] [F] LL_A task-manager//run-task-in-group task-manager = <WATaskManager: 0x600001724100>, queue=<WATaskQueue: 0x600001254af0>
20:08:14.410 [ 184665] [main-thread   ] [F] LL_A task-manager//task-queue/find-task to be executed task = <WAMessagesByActiveSessionTask: 0x60000124a5a0 [fix-streaming-items]>  queue=<WATaskQueue: 0x600001254af0>
20:08:14.412 [ 184665] [main-thread   ] [F] LL_A task-manager//task/start [<WATaskQueue: 0x600001254af0>]
20:08:14.412 [ 212278] [utility-qos   ] [F] LL_A task-manager//task-queue/run-task on queue task = <WAMessagesByActiveSessionTask: 0x60000124a5a0 [fix-streaming-items]>, queue = <WATaskQueue: 0x600001254af0>
20:08:14.418 [ 184665] [main-thread   ] [F] LL_A storage//save/background/done [ChatDB in 0.00s with no changes from 'NSManagedObjectContext 0x60000023dc70']
20:08:14.418 [ 184665] [main-thread   ] [F] LL_A messages-by-session//by-session [id: fix-streaming-items; count: 0; has-more: 0]
20:08:14.418 [ 184665] [main-thread   ] [F] LL_A task-manager//task-queue/task-completion task = <WAMessagesByActiveSessionTask: 0x60000124a5a0 [fix-streaming-items]>, queue = <WATaskQueue: 0x600001254af0>, should-run-again = 1
20:08:14.419 [ 184665] [main-thread   ] [F] LL_A task-manager//task finished for task-manager = <WATaskManager: 0x600001724100> on queue=<WATaskQueue: 0x600001254af0>
20:08:14.419 [ 184665] [main-thread   ] [F] LL_A task-manager//task-manager/run-task task-manager = <WATaskManager: 0x600001724100>, quiet mode 0 _executingTask 0
20:08:14.904 [ 212281] [normal        ] [F] LL_N xmpp//< recv < [notification/devices id=2357668284 f=******5471:0@lid [add]]
20:08:14.905 [ 212281] [normal        ] [F] LL_A ccq/connection/background-task/begin
20:08:14.906 [ 209909] [ccq           ] [F] LL_A ccq/connection-queue/resume-stanza-processing source=[process-stanza] deferred=[false]
20:08:14.906 [ 209909] [ccq           ] [F] LL_A ccq/connection-queue/transition from=[stopped] to=[running]
20:08:14.906 [ 212281] [normal        ] [F] LL_A ccq/connection-queue/add-stanza id=[2357668284] key=[29f4de3f] type=[notification] transient=[0] allow-ack-after-persistence=[true]
20:08:14.908 [ 209909] [ccq           ] [F] LL_A ccq/unordered/cache/preloaded count=[0] keys=[] dedup-count=[0] max-sort-id=[0]
20:08:14.908 [ 209909] [ccq           ] [F] LL_A batch//ccq.dispatcher.unordered/set-disabled/prev:disabled/new:enabled
20:08:14.908 [ 209909] [ccq           ] [F] LL_A ccq/queued-stanza-factory/seed-sort-id ordered=[0]
20:08:14.908 [ 209909] [ccq           ] [F] LL_A ccq/connection-queue/transition from=[running] to=[idle]
20:08:14.908 [ 209909] [ccq           ] [F] LL_A ccq/connection-queue/add-stanza restarting
20:08:14.908 [ 212281] [normal        ] [F] LL_A ccq/connection/idle busy-connection-active=[0]
20:08:14.908 [ 209909] [ccq           ] [F] LL_A ccq/connection-queue/transition from=[idle] to=[running]
20:08:14.908 [ 209909] [ccq           ] [F] LL_A ccq/queued-stanza-factory/seed-sort-id ordered=[0]
20:08:14.908 [ 209909] [ccq           ] [F] LL_A ccq/connection-queue/add-stanza/online-stanza-detected resuming deferred processing
20:08:14.908 [ 209909] [ccq           ] [F] LL_A ccq/unordered/cache/fetch-stanzas limit=[25] source=[any]
20:08:14.909 [ 212281] [normal        ] [F] LL_A ccq/connection/cancel-stanza-processing/skip-processing-stanzas
20:08:15.010 [ 211652] [ccq           ] [F] LL_A ccq/unordered/cache/add-stanzas count=[1] keys=[29f4de3f]
20:08:15.010 [ 211652] [ccq           ] [F] LL_A ccq/unordered/cache/add-stanzas/write-back buffered=[1]
20:08:15.010 [ 211652] [ccq           ] [F] LL_A ccq/unordered/cache/fetch-stanzas limit=[25] source=[any]
20:08:15.010 [ 211652] [ccq           ] [F] LL_A ccq/unordered/consumer/process-stanzas count=[1] keys=[29f4de3f]
20:08:15.011 [ 211652] [ccq           ] [F] LL_A ccq/unordered/storage/increment-process-count count=[1] keys=[29f4de3f]
20:08:15.012 [ 211652] [ccq           ] [F] LL_W ccq/unordered/storage/increment-process-count incomplete updated-stanza-count=[0] expected-stanza-count=[1]
20:08:15.013 [ 211652] [ccq           ] [F] LL_A ccq/unordered/processor/process-stanzas count=[1]
20:08:15.013 [ 212281] [queue         ] [F] LL_A stanza-processing-complete stanza-id=[2357668284] stanza-type=[notification] ack-child-element=[(null)] ignore-exclusive-connection=[0]
20:08:15.013 [ 212281] [ccq           ] [F] LL_A ccq/unordered/queue/handle-processing-output count=[1]
20:08:15.014 [ 212281] [ccq           ] [F] LL_A ccq/unordered/cache/fetch-stanzas limit=[25] source=[any]
20:08:15.014 [ 209909] [normal        ] [F] LL_N stream//> send > [ack/notification/devices t=******5471:0@lid id=2357668284]
20:08:15.014 [ 211650] [ccq           ] [F] LL_A ccq/unordered/queue/handle-processing-output removed-stanza-count=[1]
20:08:15.014 [ 211650] [ccq           ] [F] LL_A ccq/unordered/cache/remove-stanzas count=[1] keys=[29f4de3f]
20:08:15.014 [ 211650] [ccq           ] [F] LL_A ccq/unordered/cache/remove-stanzas/pending-persistence count=[1] keys=[29f4de3f]
20:08:15.014 [ 211650] [ccq           ] [F] LL_A ccq/unordered/storage/remove-stanzas count=[1] keys=[29f4de3f]
20:08:15.015 [ 211650] [ccq           ] [F] LL_A ccq/connection-queue/finish-processing idle
20:08:15.015 [ 211650] [ccq           ] [F] LL_A ccq/connection-queue/transition from=[running] to=[idle]
20:08:15.015 [ 212278] [normal        ] [F] LL_A ccq/connection/idle busy-connection-active=[0]
20:08:15.015 [ 212278] [normal        ] [F] LL_A ccq/connection/cancel-on-idle
20:08:15.015 [ 212278] [ccq           ] [F] LL_A ccq/connection-queue/cancel-stanza-processing reason=[WAStanzaProcessingCancellationReason(rawValue: 4)] deferred=[false]
20:08:15.015 [ 212278] [ccq           ] [F] LL_A ccq/connection-queue/transition from=[idle] to=[draining]
20:08:15.015 [ 212278] [ccq           ] [F] LL_A ccq/unordered/processor/cancel-all-processing reason=[WAStanzaProcessingCancellationReason(rawValue: 4)]
20:08:15.015 [ 212278] [ccq           ] [F] LL_A ccq/unordered/consumer/cancel-stanza-processing
20:08:15.016 [ 212281] [queue         ] [F] LL_A stanza-processing-cancellation handle-count=[0] reason=[4]
20:08:15.016 [ 209909] [queue         ] [F] LL_A stanza-processing-cancellation handle-count=[0] reason=[4]
20:08:15.016 [ 212278] [ccq           ] [F] LL_A ccq/connection-queue/transition from=[draining] to=[stopped]
20:08:15.016 [ 212278] [ccq           ] [F] LL_A ccq/unordered/cache/invalidate
20:08:15.016 [ 212278] [ccq           ] [F] LL_A batch//ccq.dispatcher.unordered/set-disabled/prev:enabled/new:disabled
20:08:15.016 [ 211650] [normal        ] [F] LL_A ccq/connection/background-task/end
20:08:15.017 [ 211652] [crypto        ] [F] LL_A signal/store//identity/fetch/user-jids={(
LL_A     <******5471@lid>
LL_A )}
20:08:15.018 [ 211652] [NSManaged…4ea0] [F] LL_A signal/store//identity/fetch/success count=1 users=(
LL_A     "<******5471:0@lid>"
LL_A )
20:08:15.019 [ 184665] [main-thread   ] [F] LL_A device-storage-updater/devices/<******5471@lid>/account-effect
LL_A 		->
LL_A 	AccountEffect(l: DeviceListEffect.mutate(2874300680 ts: 1788258071 i: [<******5471:34@lid>: 8] r: [] expectedTS: ETSEffect { .set(1790082485) } sync: true accType: WAPBADVEncryptionType(rawValue: 0) accTypeUpdated: false) k: IdentityKeyEffect { primaryIdentity: PrimaryIdentityEffect.ignore, newKeys: [] })
20:08:15.020 [ 212278] [NSManaged…4ea0] [F] LL_A storage//save/success [SignalDB in 0.00s with no changes]
20:08:15.020 [ 212278] [NSManaged…4ea0] [F] LL_A signal/store//identity/delete/success count=0
20:08:15.021 [ 184665] [main-thread   ] [F] LL_A chatstorage//save/ids/success [ChatDB in 0.00s]
20:08:15.021 [ 184665] [main-thread   ] [F] LL_A chatstorage//save/process [ChatDB in 0.00s]
20:08:15.021 [ 184665] [main-thread   ] [F] LL_A chatstorage//indexing/should index messages 0
20:08:15.023 [ 184665] [main-thread   ] [F] LL_A storage//save/success [ChatDB in 0.00s with changes]
20:08:15.023 [ 184665] [main-thread   ] [F] LL_A chatstorage//save/aggregated success [ChatDB in 0.00s]
20:08:15.466 [ 184665] [main-thread   ] [F] LL_A task-manager//task-manager/run-task task-manager = <WATaskManager: 0x600001724100>, quiet mode 0 _executingTask 0
20:08:15.466 [ 184665] [main-thread   ] [F] LL_A task-manager//run-task-in-group task-manager = <WATaskManager: 0x600001724100>, queue=<WATaskQueue: 0x600001254af0>
20:08:15.466 [ 184665] [main-thread   ] [F] LL_A task-manager//task-queue/find-task to be executed task = <WAMessagesByActiveSessionTask: 0x600001250b60 [orphaned-files]>  queue=<WATaskQueue: 0x600001254af0>
20:08:15.468 [ 184665] [main-thread   ] [F] LL_A task-manager//task/start [<WATaskQueue: 0x600001254af0>]
20:08:15.468 [ 212278] [utility-qos   ] [F] LL_A task-manager//task-queue/run-task on queue task = <WAMessagesByActiveSessionTask: 0x600001250b60 [orphaned-files]>, queue = <WATaskQueue: 0x600001254af0>
20:08:15.478 [ 212278] [NSManaged…fa80] [F] LL_A storage//save/success [KVStore-Tracking.sqlite in 0.00s with changes]
20:08:15.480 [ 212278] [NSManaged…fa80] [F] LL_A storage//save/success [KVStore-Tracking.sqlite in 0.00s with changes]
20:08:15.480 [ 184665] [main-thread   ] [F] LL_A storage//save/background/done [ChatDB in 0.00s with no changes from 'NSManagedObjectContext 0x60000023dc70']
20:08:15.480 [ 184665] [main-thread   ] [F] LL_A messages-by-session//by-session [id: orphaned-files; count: 1; has-more: 0]
20:08:15.480 [ 184665] [main-thread   ] [F] LL_A task-manager//task-queue/task-completion task = <WAMessagesByActiveSessionTask: 0x600001250b60 [orphaned-files]>, queue = <WATaskQueue: 0x600001254af0>, should-run-again = 1
20:08:15.481 [ 184665] [main-thread   ] [F] LL_A task-manager//task finished for task-manager = <WATaskManager: 0x600001724100> on queue=<WATaskQueue: 0x600001254af0>
20:08:15.481 [ 184665] [main-thread   ] [F] LL_A task-manager//task-manager/run-task task-manager = <WATaskManager: 0x600001724100>, quiet mode 0 _executingTask 0
20:08:15.559 [ 211652] [memory-us…ging] [F] LL_A app//memory: System [Used 5606MB, Free 82MB] Process [Footprint 173MB (-0MB), Available 0MB, Peak 186MB] [cpu/s: 0.036]
20:08:16.529 [ 184665] [main-thread   ] [F] LL_A task-manager//task-manager/run-task task-manager = <WATaskManager: 0x600001724100>, quiet mode 0 _executingTask 0
20:08:16.529 [ 184665] [main-thread   ] [F] LL_A task-manager//run-task-in-group task-manager = <WATaskManager: 0x600001724100>, queue=<WATaskQueue: 0x600001254af0>
20:08:16.529 [ 184665] [main-thread   ] [F] LL_A task-manager//task-queue/find-task to be executed task = <WAMessagesByActiveSessionTask: 0x60000124a5a0 [fix-streaming-items]>  queue=<WATaskQueue: 0x600001254af0>
20:08:16.531 [ 184665] [main-thread   ] [F] LL_A task-manager//task/start [<WATaskQueue: 0x600001254af0>]
20:08:16.531 [ 211652] [utility-qos   ] [F] LL_A task-manager//task-queue/run-task on queue task = <WAMessagesByActiveSessionTask: 0x60000124a5a0 [fix-streaming-items]>, queue = <WATaskQueue: 0x600001254af0>
20:08:16.538 [ 184665] [main-thread   ] [F] LL_A storage//save/background/done [ChatDB in 0.00s with no changes from 'NSManagedObjectContext 0x60000023dc70']
20:08:16.539 [ 184665] [main-thread   ] [F] LL_A messages-by-session//by-session [id: fix-streaming-items; count: 0; has-more: 0]
20:08:16.539 [ 184665] [main-thread   ] [F] LL_A task-manager//task-queue/task-completion task = <WAMessagesByActiveSessionTask: 0x60000124a5a0 [fix-streaming-items]>, queue = <WATaskQueue: 0x600001254af0>, should-run-again = 1
20:08:16.540 [ 184665] [main-thread   ] [F] LL_A task-manager//task finished for task-manager = <WATaskManager: 0x600001724100> on queue=<WATaskQueue: 0x600001254af0>
20:08:16.540 [ 184665] [main-thread   ] [F] LL_A task-manager//task-manager/run-task task-manager = <WATaskManager: 0x600001724100>, quiet mode 0 _executingTask 0
20:08:17.566 [ 184665] [main-thread   ] [F] LL_A task-manager//task-manager/run-task task-manager = <WATaskManager: 0x600001724100>, quiet mode 0 _executingTask 0
20:08:17.566 [ 184665] [main-thread   ] [F] LL_A task-manager//run-task-in-group task-manager = <WATaskManager: 0x600001724100>, queue=<WATaskQueue: 0x600001254af0>
20:08:17.566 [ 184665] [main-thread   ] [F] LL_A task-manager//task-queue/find-task to be executed task = <WAMessagesByActiveSessionTask: 0x600001250b60 [orphaned-files]>  queue=<WATaskQueue: 0x600001254af0>
20:08:17.568 [ 184665] [main-thread   ] [F] LL_A task-manager//task/start [<WATaskQueue: 0x600001254af0>]
20:08:17.568 [ 212278] [utility-qos   ] [F] LL_A task-manager//task-queue/run-task on queue task = <WAMessagesByActiveSessionTask: 0x600001250b60 [orphaned-files]>, queue = <WATaskQueue: 0x600001254af0>
20:08:17.582 [ 211652] [NSManaged…fa80] [F] LL_A storage//save/success [KVStore-Tracking.sqlite in 0.00s with no changes]
20:08:17.584 [ 211652] [NSManaged…fa80] [F] LL_A storage//save/success [KVStore-Tracking.sqlite in 0.00s with changes]
20:08:17.584 [ 184665] [main-thread   ] [F] LL_A storage//save/background/done [ChatDB in 0.00s with no changes from 'NSManagedObjectContext 0x60000023dc70']
20:08:17.584 [ 184665] [main-thread   ] [F] LL_A messages-by-session//by-session [id: orphaned-files; count: 40; has-more: 1]
20:08:17.584 [ 184665] [main-thread   ] [F] LL_A task-manager//task-queue/task-completion task = <WAMessagesByActiveSessionTask: 0x600001250b60 [orphaned-files]>, queue = <WATaskQueue: 0x600001254af0>, should-run-again = 1
20:08:17.585 [ 184665] [main-thread   ] [F] LL_A task-manager//task finished for task-manager = <WATaskManager: 0x600001724100> on queue=<WATaskQueue: 0x600001254af0>
20:08:17.585 [ 184665] [main-thread   ] [F] LL_A task-manager//task-manager/run-task task-manager = <WATaskManager: 0x600001724100>, quiet mode 0 _executingTask 0
20:08:18.558 [ 212278] [memory-us…ging] [F] LL_A app//memory: System [Used 5594MB, Free 95MB] Process [Footprint 173MB (0MB), Available 0MB, Peak 186MB] [cpu/s: 0.022]
20:08:18.634 [ 184665] [main-thread   ] [F] LL_A task-manager//task-manager/run-task task-manager = <WATaskManager: 0x600001724100>, quiet mode 0 _executingTask 0
20:08:18.634 [ 184665] [main-thread   ] [F] LL_A task-manager//run-task-in-group task-manager = <WATaskManager: 0x600001724100>, queue=<WATaskQueue: 0x600001254af0>
20:08:18.634 [ 184665] [main-thread   ] [F] LL_A task-manager//task-queue/find-task to be executed task = <WAMessagesByActiveSessionTask: 0x60000124a5a0 [fix-streaming-items]>  queue=<WATaskQueue: 0x600001254af0>
20:08:18.637 [ 184665] [main-thread   ] [F] LL_A task-manager//task/start [<WATaskQueue: 0x600001254af0>]
20:08:18.637 [ 212278] [utility-qos   ] [F] LL_A task-manager//task-queue/run-task on queue task = <WAMessagesByActiveSessionTask: 0x60000124a5a0 [fix-streaming-items]>, queue = <WATaskQueue: 0x600001254af0>
20:08:18.641 [ 184665] [main-thread   ] [F] LL_A storage//save/background/done [ChatDB in 0.00s with no changes from 'NSManagedObjectContext 0x60000023dc70']
20:08:18.641 [ 184665] [main-thread   ] [F] LL_A messages-by-session//by-session [id: fix-streaming-items; count: 0; has-more: 0]
20:08:18.642 [ 184665] [main-thread   ] [F] LL_A task-manager//task-queue/task-completion task = <WAMessagesByActiveSessionTask: 0x60000124a5a0 [fix-streaming-items]>, queue = <WATaskQueue: 0x600001254af0>, should-run-again = 1
20:08:18.643 [ 184665] [main-thread   ] [F] LL_A task-manager//task finished for task-manager = <WATaskManager: 0x600001724100> on queue=<WATaskQueue: 0x600001254af0>
20:08:18.643 [ 184665] [main-thread   ] [F] LL_A task-manager//task-manager/run-task task-manager = <WATaskManager: 0x600001724100>, quiet mode 0 _executingTask 0
20:08:19.691 [ 184665] [main-thread   ] [F] LL_A task-manager//task-manager/run-task task-manager = <WATaskManager: 0x600001724100>, quiet mode 0 _executingTask 0
20:08:19.691 [ 184665] [main-thread   ] [F] LL_A task-manager//run-task-in-group task-manager = <WATaskManager: 0x600001724100>, queue=<WATaskQueue: 0x600001254af0>
20:08:19.691 [ 184665] [main-thread   ] [F] LL_A task-manager//task-queue/find-task to be executed task = <WAMessagesByActiveSessionTask: 0x600001250b60 [orphaned-files]>  queue=<WATaskQueue: 0x600001254af0>
20:08:19.692 [ 184665] [main-thread   ] [F] LL_A task-manager//task/start [<WATaskQueue: 0x600001254af0>]
20:08:19.692 [ 212281] [utility-qos   ] [F] LL_A task-manager//task-queue/run-task on queue task = <WAMessagesByActiveSessionTask: 0x600001250b60 [orphaned-files]>, queue = <WATaskQueue: 0x600001254af0>
20:08:19.699 [ 212281] [NSManaged…fa80] [F] LL_A storage//save/success [KVStore-Tracking.sqlite in 0.00s with no changes]
20:08:19.701 [ 212281] [NSManaged…fa80] [F] LL_A storage//save/success [KVStore-Tracking.sqlite in 0.00s with changes]
20:08:19.701 [ 184665] [main-thread   ] [F] LL_A storage//save/background/done [ChatDB in 0.00s with no changes from 'NSManagedObjectContext 0x60000023dc70']
20:08:19.701 [ 184665] [main-thread   ] [F] LL_A messages-by-session//by-session [id: orphaned-files; count: 4; has-more: 0]
20:08:19.701 [ 184665] [main-thread   ] [F] LL_A task-manager//task-queue/task-completion task = <WAMessagesByActiveSessionTask: 0x600001250b60 [orphaned-files]>, queue = <WATaskQueue: 0x600001254af0>, should-run-again = 1
20:08:19.702 [ 184665] [main-thread   ] [F] LL_A task-manager//task finished for task-manager = <WATaskManager: 0x600001724100> on queue=<WATaskQueue: 0x600001254af0>
20:08:19.702 [ 184665] [main-thread   ] [F] LL_A task-manager//task-manager/run-task task-manager = <WATaskManager: 0x600001724100>, quiet mode 0 _executingTask 0
20:08:20.751 [ 184665] [main-thread   ] [F] LL_A task-manager//task-manager/run-task task-manager = <WATaskManager: 0x600001724100>, quiet mode 0 _executingTask 0
20:08:20.751 [ 184665] [main-thread   ] [F] LL_A task-manager//run-task-in-group task-manager = <WATaskManager: 0x600001724100>, queue=<WATaskQueue: 0x600001254af0>
20:08:20.751 [ 184665] [main-thread   ] [F] LL_A task-manager//task-queue/find-task to be executed task = <WAMessagesByActiveSessionTask: 0x60000124a5a0 [fix-streaming-items]>  queue=<WATaskQueue: 0x600001254af0>
20:08:20.753 [ 184665] [main-thread   ] [F] LL_A task-manager//task/start [<WATaskQueue: 0x600001254af0>]
20:08:20.753 [ 209909] [utility-qos   ] [F] LL_A task-manager//task-queue/run-task on queue task = <WAMessagesByActiveSessionTask: 0x60000124a5a0 [fix-streaming-items]>, queue = <WATaskQueue: 0x600001254af0>
20:08:20.767 [ 184665] [main-thread   ] [F] LL_A storage//save/background/done [ChatDB in 0.00s with no changes from 'NSManagedObjectContext 0x60000023dc70']
20:08:20.768 [ 184665] [main-thread   ] [F] LL_A messages-by-session//by-session [id: fix-streaming-items; count: 0; has-more: 0]
20:08:20.768 [ 184665] [main-thread   ] [F] LL_A task-manager//task-queue/task-completion task = <WAMessagesByActiveSessionTask: 0x60000124a5a0 [fix-streaming-items]>, queue = <WATaskQueue: 0x600001254af0>, should-run-again = 1
20:08:20.769 [ 184665] [main-thread   ] [F] LL_A task-manager//task finished for task-manager = <WATaskManager: 0x600001724100> on queue=<WATaskQueue: 0x600001254af0>
20:08:20.769 [ 184665] [main-thread   ] [F] LL_A task-manager//task-manager/run-task task-manager = <WATaskManager: 0x600001724100>, quiet mode 0 _executingTask 0
20:08:21.559 [ 212281] [memory-us…ging] [F] LL_A app//memory: System [Used 5597MB, Free 92MB] Process [Footprint 173MB (0MB), Available 0MB, Peak 186MB] [cpu/s: 0.026]
20:08:21.816 [ 184665] [main-thread   ] [F] LL_A task-manager//task-manager/run-task task-manager = <WATaskManager: 0x600001724100>, quiet mode 0 _executingTask 0
20:08:21.816 [ 184665] [main-thread   ] [F] LL_A task-manager//run-task-in-group task-manager = <WATaskManager: 0x600001724100>, queue=<WATaskQueue: 0x600001254af0>
20:08:21.816 [ 184665] [main-thread   ] [F] LL_A task-manager//task-queue/find-task to be executed task = <WAMessagesByActiveSessionTask: 0x600001250b60 [orphaned-files]>  queue=<WATaskQueue: 0x600001254af0>
20:08:21.818 [ 184665] [main-thread   ] [F] LL_A task-manager//task/start [<WATaskQueue: 0x600001254af0>]
20:08:21.818 [ 209909] [utility-qos   ] [F] LL_A task-manager//task-queue/run-task on queue task = <WAMessagesByActiveSessionTask: 0x600001250b60 [orphaned-files]>, queue = <WATaskQueue: 0x600001254af0>
20:08:21.836 [ 212281] [NSManaged…dc70] [F] LL_W chatstorage-tasks//orphaned/warning/linking [1; Media/50105088495719@lid/7/7/775034f1-4b83-4165-9f5b-ea46dc00f675.thumb -> Media/50105088495719@lid/3/2/32ced8d9-fc4c-44a5-83a2-06246a2e43c9.thumb; 2026-06-03 03:50:26 +0000]
20:08:21.837 [ 212281] [NSManaged…fa80] [F] LL_A storage//save/success [KVStore-Tracking.sqlite in 0.00s with no changes]
20:08:21.838 [ 212281] [NSManaged…fa80] [F] LL_A storage//save/success [KVStore-Tracking.sqlite in 0.00s with changes]
20:08:21.839 [ 184665] [main-thread   ] [F] LL_A storage//save/background/done [ChatDB in 0.00s with changes from 'NSManagedObjectContext 0x60000023dc70']
20:08:21.840 [ 184665] [main-thread   ] [F] LL_A messages-by-session//by-session [id: orphaned-files; count: 40; has-more: 1]
20:08:21.840 [ 184665] [main-thread   ] [F] LL_A task-manager//task-queue/task-completion task = <WAMessagesByActiveSessionTask: 0x600001250b60 [orphaned-files]>, queue = <WATaskQueue: 0x600001254af0>, should-run-again = 1
20:08:21.840 [ 184665] [main-thread   ] [F] LL_A task-manager//task finished for task-manager = <WATaskManager: 0x600001724100> on queue=<WATaskQueue: 0x600001254af0>
20:08:21.840 [ 184665] [main-thread   ] [F] LL_A task-manager//task-manager/run-task task-manager = <WATaskManager: 0x600001724100>, quiet mode 0 _executingTask 0
20:08:22.890 [ 184665] [main-thread   ] [F] LL_A task-manager//task-manager/run-task task-manager = <WATaskManager: 0x600001724100>, quiet mode 0 _executingTask 0
20:08:22.890 [ 184665] [main-thread   ] [F] LL_A task-manager//run-task-in-group task-manager = <WATaskManager: 0x600001724100>, queue=<WATaskQueue: 0x600001254af0>
20:08:22.890 [ 184665] [main-thread   ] [F] LL_A task-manager//task-queue/find-task to be executed task = <WAMessagesByActiveSessionTask: 0x60000124a5a0 [fix-streaming-items]>  queue=<WATaskQueue: 0x600001254af0>
20:08:22.892 [ 184665] [main-thread   ] [F] LL_A task-manager//task/start [<WATaskQueue: 0x600001254af0>]
20:08:22.892 [ 212281] [utility-qos   ] [F] LL_A task-manager//task-queue/run-task on queue task = <WAMessagesByActiveSessionTask: 0x60000124a5a0 [fix-streaming-items]>, queue = <WATaskQueue: 0x600001254af0>
20:08:22.899 [ 184665] [main-thread   ] [F] LL_A storage//save/background/done [ChatDB in 0.00s with no changes from 'NSManagedObjectContext 0x60000023dc70']
20:08:22.899 [ 184665] [main-thread   ] [F] LL_A messages-by-session//by-session [id: fix-streaming-items; count: 0; has-more: 0]
20:08:22.899 [ 184665] [main-thread   ] [F] LL_A task-manager//task-queue/task-completion task = <WAMessagesByActiveSessionTask: 0x60000124a5a0 [fix-streaming-items]>, queue = <WATaskQueue: 0x600001254af0>, should-run-again = 1
20:08:22.900 [ 184665] [main-thread   ] [F] LL_A task-manager//task finished for task-manager = <WATaskManager: 0x600001724100> on queue=<WATaskQueue: 0x600001254af0>
20:08:22.900 [ 184665] [main-thread   ] [F] LL_A task-manager//task-manager/run-task task-manager = <WATaskManager: 0x600001724100>, quiet mode 0 _executingTask 0
20:08:23.949 [ 184665] [main-thread   ] [F] LL_A task-manager//task-manager/run-task task-manager = <WATaskManager: 0x600001724100>, quiet mode 0 _executingTask 0
20:08:23.949 [ 184665] [main-thread   ] [F] LL_A task-manager//run-task-in-group task-manager = <WATaskManager: 0x600001724100>, queue=<WATaskQueue: 0x600001254af0>
20:08:23.950 [ 184665] [main-thread   ] [F] LL_A task-manager//task-queue/find-task to be executed task = <WAMessagesByActiveSessionTask: 0x600001250b60 [orphaned-files]>  queue=<WATaskQueue: 0x600001254af0>
20:08:23.951 [ 184665] [main-thread   ] [F] LL_A task-manager//task/start [<WATaskQueue: 0x600001254af0>]
20:08:23.952 [ 212278] [utility-qos   ] [F] LL_A task-manager//task-queue/run-task on queue task = <WAMessagesByActiveSessionTask: 0x600001250b60 [orphaned-files]>, queue = <WATaskQueue: 0x600001254af0>
20:08:23.964 [ 209909] [NSManaged…fa80] [F] LL_A storage//save/success [KVStore-Tracking.sqlite in 0.00s with no changes]
20:08:23.966 [ 209909] [NSManaged…fa80] [F] LL_A storage//save/success [KVStore-Tracking.sqlite in 0.00s with changes]
20:08:23.966 [ 184665] [main-thread   ] [F] LL_A storage//save/background/done [ChatDB in 0.00s with no changes from 'NSManagedObjectContext 0x60000023dc70']
20:08:23.967 [ 184665] [main-thread   ] [F] LL_A messages-by-session//by-session [id: orphaned-files; count: 40; has-more: 1]
20:08:23.967 [ 184665] [main-thread   ] [F] LL_A task-manager//task-queue/task-completion task = <WAMessagesByActiveSessionTask: 0x600001250b60 [orphaned-files]>, queue = <WATaskQueue: 0x600001254af0>, should-run-again = 1
20:08:23.968 [ 184665] [main-thread   ] [F] LL_A task-manager//task finished for task-manager = <WATaskManager: 0x600001724100> on queue=<WATaskQueue: 0x600001254af0>
20:08:23.968 [ 184665] [main-thread   ] [F] LL_A task-manager//task-manager/run-task task-manager = <WATaskManager: 0x600001724100>, quiet mode 0 _executingTask 0
20:08:24.558 [ 209909] [memory-us…ging] [F] LL_A app//memory: System [Used 5596MB, Free 94MB] Process [Footprint 173MB (-0MB), Available 0MB, Peak 186MB] [cpu/s: 0.028]
20:08:24.999 [ 184665] [main-thread   ] [F] LL_A task-manager//task-manager/run-task task-manager = <WATaskManager: 0x600001724100>, quiet mode 0 _executingTask 0
20:08:24.999 [ 184665] [main-thread   ] [F] LL_A task-manager//run-task-in-group task-manager = <WATaskManager: 0x600001724100>, queue=<WATaskQueue: 0x600001254af0>
20:08:24.999 [ 184665] [main-thread   ] [F] LL_A task-manager//task-queue/find-task to be executed task = <WAMessagesByActiveSessionTask: 0x60000124a5a0 [fix-streaming-items]>  queue=<WATaskQueue: 0x600001254af0>
20:08:25.001 [ 184665] [main-thread   ] [F] LL_A task-manager//task/start [<WATaskQueue: 0x600001254af0>]
20:08:25.001 [ 209909] [utility-qos   ] [F] LL_A task-manager//task-queue/run-task on queue task = <WAMessagesByActiveSessionTask: 0x60000124a5a0 [fix-streaming-items]>, queue = <WATaskQueue: 0x600001254af0>
20:08:25.006 [ 184665] [main-thread   ] [F] LL_A storage//save/background/done [ChatDB in 0.00s with no changes from 'NSManagedObjectContext 0x60000023dc70']
20:08:25.006 [ 184665] [main-thread   ] [F] LL_A messages-by-session//by-session [id: fix-streaming-items; count: 0; has-more: 0]
20:08:25.006 [ 184665] [main-thread   ] [F] LL_A task-manager//task-queue/task-completion task = <WAMessagesByActiveSessionTask: 0x60000124a5a0 [fix-streaming-items]>, queue = <WATaskQueue: 0x600001254af0>, should-run-again = 1
20:08:25.007 [ 184665] [main-thread   ] [F] LL_A task-manager//task finished for task-manager = <WATaskManager: 0x600001724100> on queue=<WATaskQueue: 0x600001254af0>
20:08:25.007 [ 184665] [main-thread   ] [F] LL_A task-manager//task-manager/run-task task-manager = <WATaskManager: 0x600001724100>, quiet mode 0 _executingTask 0
20:08:26.033 [ 184665] [main-thread   ] [F] LL_A task-manager//task-manager/run-task task-manager = <WATaskManager: 0x600001724100>, quiet mode 0 _executingTask 0
20:08:26.033 [ 184665] [main-thread   ] [F] LL_A task-manager//run-task-in-group task-manager = <WATaskManager: 0x600001724100>, queue=<WATaskQueue: 0x600001254af0>
20:08:26.033 [ 184665] [main-thread   ] [F] LL_A task-manager//task-queue/find-task to be executed task = <WAMessagesByActiveSessionTask: 0x600001250b60 [orphaned-files]>  queue=<WATaskQueue: 0x600001254af0>
20:08:26.035 [ 184665] [main-thread   ] [F] LL_A task-manager//task/start [<WATaskQueue: 0x600001254af0>]
20:08:26.035 [ 209909] [utility-qos   ] [F] LL_A task-manager//task-queue/run-task on queue task = <WAMessagesByActiveSessionTask: 0x600001250b60 [orphaned-files]>, queue = <WATaskQueue: 0x600001254af0>
20:08:26.045 [ 209909] [NSManaged…fa80] [F] LL_A storage//save/success [KVStore-Tracking.sqlite in 0.00s with no changes]
20:08:26.047 [ 209909] [NSManaged…fa80] [F] LL_A storage//save/success [KVStore-Tracking.sqlite in 0.00s with changes]
20:08:26.047 [ 184665] [main-thread   ] [F] LL_A storage//save/background/done [ChatDB in 0.00s with no changes from 'NSManagedObjectContext 0x60000023dc70']
20:08:26.048 [ 184665] [main-thread   ] [F] LL_A messages-by-session//by-session [id: orphaned-files; count: 40; has-more: 1]
20:08:26.048 [ 184665] [main-thread   ] [F] LL_A task-manager//task-queue/task-completion task = <WAMessagesByActiveSessionTask: 0x600001250b60 [orphaned-files]>, queue = <WATaskQueue: 0x600001254af0>, should-run-again = 1
20:08:26.048 [ 184665] [main-thread   ] [F] LL_A task-manager//task finished for task-manager = <WATaskManager: 0x600001724100> on queue=<WATaskQueue: 0x600001254af0>
20:08:26.048 [ 184665] [main-thread   ] [F] LL_A task-manager//task-manager/run-task task-manager = <WATaskManager: 0x600001724100>, quiet mode 0 _executingTask 0
20:08:27.066 [ 184665] [main-thread   ] [F] LL_A task-manager//task-manager/run-task task-manager = <WATaskManager: 0x600001724100>, quiet mode 0 _executingTask 0
20:08:27.066 [ 184665] [main-thread   ] [F] LL_A task-manager//run-task-in-group task-manager = <WATaskManager: 0x600001724100>, queue=<WATaskQueue: 0x600001254af0>
20:08:27.066 [ 184665] [main-thread   ] [F] LL_A task-manager//task-queue/find-task to be executed task = <WAMessagesByActiveSessionTask: 0x60000124a5a0 [fix-streaming-items]>  queue=<WATaskQueue: 0x600001254af0>
20:08:27.068 [ 184665] [main-thread   ] [F] LL_A task-manager//task/start [<WATaskQueue: 0x600001254af0>]
20:08:27.068 [ 211652] [utility-qos   ] [F] LL_A task-manager//task-queue/run-task on queue task = <WAMessagesByActiveSessionTask: 0x60000124a5a0 [fix-streaming-items]>, queue = <WATaskQueue: 0x600001254af0>
20:08:27.073 [ 184665] [main-thread   ] [F] LL_A storage//save/background/done [ChatDB in 0.00s with no changes from 'NSManagedObjectContext 0x60000023dc70']
20:08:27.073 [ 184665] [main-thread   ] [F] LL_A messages-by-session//by-session [id: fix-streaming-items; count: 0; has-more: 0]
20:08:27.073 [ 184665] [main-thread   ] [F] LL_A task-manager//task-queue/task-completion task = <WAMessagesByActiveSessionTask: 0x60000124a5a0 [fix-streaming-items]>, queue = <WATaskQueue: 0x600001254af0>, should-run-again = 1
20:08:27.074 [ 184665] [main-thread   ] [F] LL_A task-manager//task finished for task-manager = <WATaskManager: 0x600001724100> on queue=<WATaskQueue: 0x600001254af0>
20:08:27.074 [ 184665] [main-thread   ] [F] LL_A task-manager//task-manager/run-task task-manager = <WATaskManager: 0x600001724100>, quiet mode 0 _executingTask 0
20:08:27.558 [ 209909] [memory-us…ging] [F] LL_A app//memory: System [Used 5566MB, Free 125MB] Process [Footprint 173MB (0MB), Available 0MB, Peak 186MB] [cpu/s: 0.026]
20:08:28.116 [ 184665] [main-thread   ] [F] LL_A task-manager//task-manager/run-task task-manager = <WATaskManager: 0x600001724100>, quiet mode 0 _executingTask 0
20:08:28.116 [ 184665] [main-thread   ] [F] LL_A task-manager//run-task-in-group task-manager = <WATaskManager: 0x600001724100>, queue=<WATaskQueue: 0x600001254af0>
20:08:28.116 [ 184665] [main-thread   ] [F] LL_A task-manager//task-queue/find-task to be executed task = <WAMessagesByActiveSessionTask: 0x600001250b60 [orphaned-files]>  queue=<WATaskQueue: 0x600001254af0>
20:08:28.119 [ 184665] [main-thread   ] [F] LL_A task-manager//task/start [<WATaskQueue: 0x600001254af0>]
20:08:28.119 [ 212278] [utility-qos   ] [F] LL_A task-manager//task-queue/run-task on queue task = <WAMessagesByActiveSessionTask: 0x600001250b60 [orphaned-files]>, queue = <WATaskQueue: 0x600001254af0>
20:08:28.132 [ 212278] [NSManaged…dc70] [F] LL_W chatstorage-tasks//orphaned/warning/linking [1; Media/50105088495719@lid/f/c/fcba7482-6fef-40eb-b6a3-f71f86beb091.thumb -> Media/50105088495719@lid/4/d/4d5c5d95-f39b-4731-9083-dce27e6bc824.thumb; 2026-08-12 10:12:41 +0000]
20:08:28.132 [ 212278] [NSManaged…fa80] [F] LL_A storage//save/success [KVStore-Tracking.sqlite in 0.00s with no changes]
20:08:28.134 [ 212278] [NSManaged…fa80] [F] LL_A storage//save/success [KVStore-Tracking.sqlite in 0.00s with changes]
20:08:28.135 [ 184665] [main-thread   ] [F] LL_A storage//save/background/done [ChatDB in 0.00s with changes from 'NSManagedObjectContext 0x60000023dc70']
20:08:28.136 [ 184665] [main-thread   ] [F] LL_A messages-by-session//by-session [id: orphaned-files; count: 40; has-more: 1]
20:08:28.136 [ 184665] [main-thread   ] [F] LL_A task-manager//task-queue/task-completion task = <WAMessagesByActiveSessionTask: 0x600001250b60 [orphaned-files]>, queue = <WATaskQueue: 0x600001254af0>, should-run-again = 1
20:08:28.137 [ 184665] [main-thread   ] [F] LL_A task-manager//task finished for task-manager = <WATaskManager: 0x600001724100> on queue=<WATaskQueue: 0x600001254af0>
20:08:28.137 [ 184665] [main-thread   ] [F] LL_A task-manager//task-manager/run-task task-manager = <WATaskManager: 0x600001724100>, quiet mode 0 _executingTask 0
20:08:29.182 [ 184665] [main-thread   ] [F] LL_A task-manager//task-manager/run-task task-manager = <WATaskManager: 0x600001724100>, quiet mode 0 _executingTask 0
20:08:29.183 [ 184665] [main-thread   ] [F] LL_A task-manager//run-task-in-group task-manager = <WATaskManager: 0x600001724100>, queue=<WATaskQueue: 0x600001254af0>
20:08:29.183 [ 184665] [main-thread   ] [F] LL_A task-manager//task-queue/find-task to be executed task = <WAMessagesByActiveSessionTask: 0x60000124a5a0 [fix-streaming-items]>  queue=<WATaskQueue: 0x600001254af0>
20:08:29.185 [ 184665] [main-thread   ] [F] LL_A task-manager//task/start [<WATaskQueue: 0x600001254af0>]
20:08:29.185 [ 209909] [utility-qos   ] [F] LL_A task-manager//task-queue/run-task on queue task = <WAMessagesByActiveSessionTask: 0x60000124a5a0 [fix-streaming-items]>, queue = <WATaskQueue: 0x600001254af0>
20:08:29.197 [ 184665] [main-thread   ] [F] LL_A storage//save/background/done [ChatDB in 0.00s with no changes from 'NSManagedObjectContext 0x60000023dc70']
20:08:29.198 [ 184665] [main-thread   ] [F] LL_A messages-by-session//by-session [id: fix-streaming-items; count: 0; has-more: 0]
20:08:29.198 [ 184665] [main-thread   ] [F] LL_A task-manager//task-queue/task-completion task = <WAMessagesByActiveSessionTask: 0x60000124a5a0 [fix-streaming-items]>, queue = <WATaskQueue: 0x600001254af0>, should-run-again = 1
20:08:29.198 [ 184665] [main-thread   ] [F] LL_A task-manager//task finished for task-manager = <WATaskManager: 0x600001724100> on queue=<WATaskQueue: 0x600001254af0>
20:08:29.198 [ 184665] [main-thread   ] [F] LL_A task-manager//task-manager/run-task task-manager = <WATaskManager: 0x600001724100>, quiet mode 0 _executingTask 0
20:08:30.243 [ 184665] [main-thread   ] [F] LL_A task-manager//task-manager/run-task task-manager = <WATaskManager: 0x600001724100>, quiet mode 0 _executingTask 0
20:08:30.244 [ 184665] [main-thread   ] [F] LL_A task-manager//run-task-in-group task-manager = <WATaskManager: 0x600001724100>, queue=<WATaskQueue: 0x600001254af0>
20:08:30.244 [ 184665] [main-thread   ] [F] LL_A task-manager//task-queue/find-task to be executed task = <WAMessagesByActiveSessionTask: 0x600001250b60 [orphaned-files]>  queue=<WATaskQueue: 0x600001254af0>
20:08:30.246 [ 184665] [main-thread   ] [F] LL_A task-manager//task/start [<WATaskQueue: 0x600001254af0>]
20:08:30.246 [ 211652] [utility-qos   ] [F] LL_A task-manager//task-queue/run-task on queue task = <WAMessagesByActiveSessionTask: 0x600001250b60 [orphaned-files]>, queue = <WATaskQueue: 0x600001254af0>
20:08:30.257 [ 209909] [NSManaged…fa80] [F] LL_A storage//save/success [KVStore-Tracking.sqlite in 0.00s with changes]
20:08:30.258 [ 209909] [NSManaged…fa80] [F] LL_A storage//save/success [KVStore-Tracking.sqlite in 0.00s with changes]
20:08:30.258 [ 184665] [main-thread   ] [F] LL_A storage//save/background/done [ChatDB in 0.00s with no changes from 'NSManagedObjectContext 0x60000023dc70']
20:08:30.258 [ 184665] [main-thread   ] [F] LL_A messages-by-session//by-session [id: orphaned-files; count: 12; has-more: 0]
20:08:30.258 [ 184665] [main-thread   ] [F] LL_A task-manager//task-queue/task-completion task = <WAMessagesByActiveSessionTask: 0x600001250b60 [orphaned-files]>, queue = <WATaskQueue: 0x600001254af0>, should-run-again = 1
20:08:30.259 [ 184665] [main-thread   ] [F] LL_A task-manager//task finished for task-manager = <WATaskManager: 0x600001724100> on queue=<WATaskQueue: 0x600001254af0>
20:08:30.259 [ 184665] [main-thread   ] [F] LL_A task-manager//task-manager/run-task task-manager = <WATaskManager: 0x600001724100>, quiet mode 0 _executingTask 0
20:08:31.299 [ 184665] [main-thread   ] [F] LL_A task-manager//task-manager/run-task task-manager = <WATaskManager: 0x600001724100>, quiet mode 0 _executingTask 0
20:08:31.299 [ 184665] [main-thread   ] [F] LL_A task-manager//run-task-in-group task-manager = <WATaskManager: 0x600001724100>, queue=<WATaskQueue: 0x600001254af0>
20:08:31.300 [ 184665] [main-thread   ] [F] LL_A task-manager//task-queue/find-task to be executed task = <WAMessagesByActiveSessionTask: 0x60000124a5a0 [fix-streaming-items]>  queue=<WATaskQueue: 0x600001254af0>
20:08:31.302 [ 184665] [main-thread   ] [F] LL_A task-manager//task/start [<WATaskQueue: 0x600001254af0>]
20:08:31.302 [ 212278] [utility-qos   ] [F] LL_A task-manager//task-queue/run-task on queue task = <WAMessagesByActiveSessionTask: 0x60000124a5a0 [fix-streaming-items]>, queue = <WATaskQueue: 0x600001254af0>
20:08:31.314 [ 184665] [main-thread   ] [F] LL_A storage//save/background/done [ChatDB in 0.00s with no changes from 'NSManagedObjectContext 0x60000023dc70']
20:08:31.315 [ 184665] [main-thread   ] [F] LL_A messages-by-session//by-session [id: fix-streaming-items; count: 0; has-more: 0]
20:08:31.315 [ 184665] [main-thread   ] [F] LL_A task-manager//task-queue/task-completion task = <WAMessagesByActiveSessionTask: 0x60000124a5a0 [fix-streaming-items]>, queue = <WATaskQueue: 0x600001254af0>, should-run-again = 1
20:08:31.316 [ 184665] [main-thread   ] [F] LL_A task-manager//task finished for task-manager = <WATaskManager: 0x600001724100> on queue=<WATaskQueue: 0x600001254af0>
20:08:31.316 [ 184665] [main-thread   ] [F] LL_A task-manager//task-manager/run-task task-manager = <WATaskManager: 0x600001724100>, quiet mode 0 _executingTask 0
20:08:32.349 [ 184665] [main-thread   ] [F] LL_A task-manager//task-manager/run-task task-manager = <WATaskManager: 0x600001724100>, quiet mode 0 _executingTask 0
20:08:32.349 [ 184665] [main-thread   ] [F] LL_A task-manager//run-task-in-group task-manager = <WATaskManager: 0x600001724100>, queue=<WATaskQueue: 0x600001254af0>
20:08:32.350 [ 184665] [main-thread   ] [F] LL_A task-manager//task-queue/find-task to be executed task = <WAMessagesByActiveSessionTask: 0x600001250b60 [orphaned-files]>  queue=<WATaskQueue: 0x600001254af0>
20:08:32.351 [ 184665] [main-thread   ] [F] LL_A task-manager//task/start [<WATaskQueue: 0x600001254af0>]
20:08:32.351 [ 209909] [utility-qos   ] [F] LL_A task-manager//task-queue/run-task on queue task = <WAMessagesByActiveSessionTask: 0x600001250b60 [orphaned-files]>, queue = <WATaskQueue: 0x600001254af0>
20:08:32.355 [ 211652] [NSManaged…fa80] [F] LL_A storage//save/success [KVStore-Tracking.sqlite in 0.00s with no changes]
20:08:32.357 [ 211652] [NSManaged…fa80] [F] LL_A storage//save/success [KVStore-Tracking.sqlite in 0.00s with changes]
20:08:32.357 [ 184665] [main-thread   ] [F] LL_A storage//save/background/done [ChatDB in 0.00s with no changes from 'NSManagedObjectContext 0x60000023dc70']
20:08:32.357 [ 184665] [main-thread   ] [F] LL_A messages-by-session//by-session [id: orphaned-files; count: 0; has-more: 0]
20:08:32.357 [ 184665] [main-thread   ] [F] LL_A task-manager//task-queue/task-completion task = <WAMessagesByActiveSessionTask: 0x600001250b60 [orphaned-files]>, queue = <WATaskQueue: 0x600001254af0>, should-run-again = 1
20:08:32.359 [ 184665] [main-thread   ] [F] LL_A task-manager//task finished for task-manager = <WATaskManager: 0x600001724100> on queue=<WATaskQueue: 0x600001254af0>
20:08:32.359 [ 184665] [main-thread   ] [F] LL_A task-manager//task-manager/run-task task-manager = <WATaskManager: 0x600001724100>, quiet mode 0 _executingTask 0
20:08:33.408 [ 184665] [main-thread   ] [F] LL_A task-manager//task-manager/run-task task-manager = <WATaskManager: 0x600001724100>, quiet mode 0 _executingTask 0
20:08:33.408 [ 184665] [main-thread   ] [F] LL_A task-manager//run-task-in-group task-manager = <WATaskManager: 0x600001724100>, queue=<WATaskQueue: 0x600001254af0>
20:08:33.408 [ 184665] [main-thread   ] [F] LL_A task-manager//task-queue/find-task to be executed task = <WAMessagesByActiveSessionTask: 0x60000124a5a0 [fix-streaming-items]>  queue=<WATaskQueue: 0x600001254af0>
20:08:33.410 [ 184665] [main-thread   ] [F] LL_A task-manager//task/start [<WATaskQueue: 0x600001254af0>]
20:08:33.410 [ 211652] [utility-qos   ] [F] LL_A task-manager//task-queue/run-task on queue task = <WAMessagesByActiveSessionTask: 0x60000124a5a0 [fix-streaming-items]>, queue = <WATaskQueue: 0x600001254af0>
20:08:33.416 [ 184665] [main-thread   ] [F] LL_A storage//save/background/done [ChatDB in 0.00s with no changes from 'NSManagedObjectContext 0x60000023dc70']
20:08:33.416 [ 184665] [main-thread   ] [F] LL_A messages-by-session//by-session [id: fix-streaming-items; count: 0; has-more: 0]
20:08:33.417 [ 184665] [main-thread   ] [F] LL_A task-manager//task-queue/task-completion task = <WAMessagesByActiveSessionTask: 0x60000124a5a0 [fix-streaming-items]>, queue = <WATaskQueue: 0x600001254af0>, should-run-again = 1
20:08:33.417 [ 184665] [main-thread   ] [F] LL_A task-manager//task finished for task-manager = <WATaskManager: 0x600001724100> on queue=<WATaskQueue: 0x600001254af0>
20:08:33.417 [ 184665] [main-thread   ] [F] LL_A task-manager//task-manager/run-task task-manager = <WATaskManager: 0x600001724100>, quiet mode 0 _executingTask 0
20:08:34.466 [ 184665] [main-thread   ] [F] LL_A task-manager//task-manager/run-task task-manager = <WATaskManager: 0x600001724100>, quiet mode 0 _executingTask 0
20:08:34.466 [ 184665] [main-thread   ] [F] LL_A task-manager//run-task-in-group task-manager = <WATaskManager: 0x600001724100>, queue=<WATaskQueue: 0x600001254af0>
20:08:34.466 [ 184665] [main-thread   ] [F] LL_A task-manager//task-queue/find-task to be executed task = <WAMessagesByActiveSessionTask: 0x600001250b60 [orphaned-files]>  queue=<WATaskQueue: 0x600001254af0>
20:08:34.468 [ 184665] [main-thread   ] [F] LL_A task-manager//task/start [<WATaskQueue: 0x600001254af0>]
20:08:34.468 [ 211652] [utility-qos   ] [F] LL_A task-manager//task-queue/run-task on queue task = <WAMessagesByActiveSessionTask: 0x600001250b60 [orphaned-files]>, queue = <WATaskQueue: 0x600001254af0>
20:08:34.481 [ 212281] [NSManaged…fa80] [F] LL_A storage//save/success [KVStore-Tracking.sqlite in 0.00s with no changes]
20:08:34.483 [ 212281] [NSManaged…fa80] [F] LL_A storage//save/success [KVStore-Tracking.sqlite in 0.00s with changes]
20:08:34.483 [ 184665] [main-thread   ] [F] LL_A storage//save/background/done [ChatDB in 0.00s with no changes from 'NSManagedObjectContext 0x60000023dc70']
20:08:34.483 [ 184665] [main-thread   ] [F] LL_A messages-by-session//by-session [id: orphaned-files; count: 9; has-more: 0]
20:08:34.483 [ 184665] [main-thread   ] [F] LL_A task-manager//task-queue/task-completion task = <WAMessagesByActiveSessionTask: 0x600001250b60 [orphaned-files]>, queue = <WATaskQueue: 0x600001254af0>, should-run-again = 1
20:08:34.484 [ 184665] [main-thread   ] [F] LL_A task-manager//task finished for task-manager = <WATaskManager: 0x600001724100> on queue=<WATaskQueue: 0x600001254af0>
20:08:34.484 [ 184665] [main-thread   ] [F] LL_A task-manager//task-manager/run-task task-manager = <WATaskManager: 0x600001724100>, quiet mode 0 _executingTask 0
20:08:34.907 [ 211652] [normal        ] [F] LL_N stream//idle
20:08:34.907 [ 211652] [normal        ] [F] LL_A ccq/connection/cancel-stanza-processing/skip-resources-released
20:08:35.533 [ 184665] [main-thread   ] [F] LL_A task-manager//task-manager/run-task task-manager = <WATaskManager: 0x600001724100>, quiet mode 0 _executingTask 0
20:08:35.533 [ 184665] [main-thread   ] [F] LL_A task-manager//run-task-in-group task-manager = <WATaskManager: 0x600001724100>, queue=<WATaskQueue: 0x600001254af0>
20:08:35.533 [ 184665] [main-thread   ] [F] LL_A task-manager//task-queue/find-task to be executed task = <WAMessagesByActiveSessionTask: 0x60000124a5a0 [fix-streaming-items]>  queue=<WATaskQueue: 0x600001254af0>
20:08:35.535 [ 184665] [main-thread   ] [F] LL_A task-manager//task/start [<WATaskQueue: 0x600001254af0>]
20:08:35.535 [ 211652] [utility-qos   ] [F] LL_A task-manager//task-queue/run-task on queue task = <WAMessagesByActiveSessionTask: 0x60000124a5a0 [fix-streaming-items]>, queue = <WATaskQueue: 0x600001254af0>
20:08:35.539 [ 184665] [main-thread   ] [F] LL_A storage//save/background/done [ChatDB in 0.00s with no changes from 'NSManagedObjectContext 0x60000023dc70']
20:08:35.539 [ 184665] [main-thread   ] [F] LL_A messages-by-session//by-session [id: fix-streaming-items; count: 0; has-more: 0]
20:08:35.539 [ 184665] [main-thread   ] [F] LL_A task-manager//task-queue/task-completion task = <WAMessagesByActiveSessionTask: 0x60000124a5a0 [fix-streaming-items]>, queue = <WATaskQueue: 0x600001254af0>, should-run-again = 1
20:08:35.541 [ 184665] [main-thread   ] [F] LL_A task-manager//task finished for task-manager = <WATaskManager: 0x600001724100> on queue=<WATaskQueue: 0x600001254af0>
20:08:35.541 [ 184665] [main-thread   ] [F] LL_A task-manager//task-manager/run-task task-manager = <WATaskManager: 0x600001724100>, quiet mode 0 _executingTask 0
20:08:36.553 [ 184665] [main-thread   ] [F] LL_A task-manager//task-manager/run-task task-manager = <WATaskManager: 0x600001724100>, quiet mode 0 _executingTask 0
20:08:36.553 [ 184665] [main-thread   ] [F] LL_A task-manager//run-task-in-group task-manager = <WATaskManager: 0x600001724100>, queue=<WATaskQueue: 0x600001254af0>
20:08:36.553 [ 184665] [main-thread   ] [F] LL_A task-manager//task-queue/find-task to be executed task = <WAMessagesByActiveSessionTask: 0x600001250b60 [orphaned-files]>  queue=<WATaskQueue: 0x600001254af0>
20:08:36.555 [ 184665] [main-thread   ] [F] LL_A task-manager//task/start [<WATaskQueue: 0x600001254af0>]
20:08:36.555 [ 212278] [utility-qos   ] [F] LL_A task-manager//task-queue/run-task on queue task = <WAMessagesByActiveSessionTask: 0x600001250b60 [orphaned-files]>, queue = <WATaskQueue: 0x600001254af0>
20:08:36.557 [ 211652] [memory-us…ging] [F] LL_A app//memory: System [Used 5567MB, Free 124MB] Process [Footprint 173MB (+0MB), Available 0MB, Peak 186MB] [cpu/s: 0.022]
20:08:36.570 [ 212278] [NSManaged…fa80] [F] LL_A storage//save/success [KVStore-Tracking.sqlite in 0.00s with no changes]
20:08:36.571 [ 212278] [NSManaged…fa80] [F] LL_A storage//save/success [KVStore-Tracking.sqlite in 0.00s with changes]
20:08:36.572 [ 184665] [main-thread   ] [F] LL_A storage//save/background/done [ChatDB in 0.00s with no changes from 'NSManagedObjectContext 0x60000023dc70']
20:08:36.572 [ 184665] [main-thread   ] [F] LL_A messages-by-session//by-session [id: orphaned-files; count: 40; has-more: 1]
20:08:36.572 [ 184665] [main-thread   ] [F] LL_A task-manager//task-queue/task-completion task = <WAMessagesByActiveSessionTask: 0x600001250b60 [orphaned-files]>, queue = <WATaskQueue: 0x600001254af0>, should-run-again = 1
20:08:36.573 [ 184665] [main-thread   ] [F] LL_A task-manager//task finished for task-manager = <WATaskManager: 0x600001724100> on queue=<WATaskQueue: 0x600001254af0>
20:08:36.573 [ 184665] [main-thread   ] [F] LL_A task-manager//task-manager/run-task task-manager = <WATaskManager: 0x600001724100>, quiet mode 0 _executingTask 0
20:08:37.583 [ 184665] [main-thread   ] [F] LL_A task-manager//task-manager/run-task task-manager = <WATaskManager: 0x600001724100>, quiet mode 0 _executingTask 0
20:08:37.583 [ 184665] [main-thread   ] [F] LL_A task-manager//run-task-in-group task-manager = <WATaskManager: 0x600001724100>, queue=<WATaskQueue: 0x600001254af0>
20:08:37.583 [ 184665] [main-thread   ] [F] LL_A task-manager//task-queue/find-task to be executed task = <WAMessagesByActiveSessionTask: 0x60000124a5a0 [fix-streaming-items]>  queue=<WATaskQueue: 0x600001254af0>
20:08:37.585 [ 184665] [main-thread   ] [F] LL_A task-manager//task/start [<WATaskQueue: 0x600001254af0>]
20:08:37.585 [ 211652] [utility-qos   ] [F] LL_A task-manager//task-queue/run-task on queue task = <WAMessagesByActiveSessionTask: 0x60000124a5a0 [fix-streaming-items]>, queue = <WATaskQueue: 0x600001254af0>
20:08:37.591 [ 184665] [main-thread   ] [F] LL_A storage//save/background/done [ChatDB in 0.00s with no changes from 'NSManagedObjectContext 0x60000023dc70']
20:08:37.591 [ 184665] [main-thread   ] [F] LL_A messages-by-session//by-session [id: fix-streaming-items; count: 0; has-more: 0]
20:08:37.591 [ 184665] [main-thread   ] [F] LL_A task-manager//task-queue/task-completion task = <WAMessagesByActiveSessionTask: 0x60000124a5a0 [fix-streaming-items]>, queue = <WATaskQueue: 0x600001254af0>, should-run-again = 1
20:08:37.592 [ 184665] [main-thread   ] [F] LL_A task-manager//task finished for task-manager = <WATaskManager: 0x600001724100> on queue=<WATaskQueue: 0x600001254af0>
20:08:37.592 [ 184665] [main-thread   ] [F] LL_A task-manager//task-manager/run-task task-manager = <WATaskManager: 0x600001724100>, quiet mode 0 _executingTask 0
20:08:38.633 [ 184665] [main-thread   ] [F] LL_A task-manager//task-manager/run-task task-manager = <WATaskManager: 0x600001724100>, quiet mode 0 _executingTask 0
20:08:38.633 [ 184665] [main-thread   ] [F] LL_A task-manager//run-task-in-group task-manager = <WATaskManager: 0x600001724100>, queue=<WATaskQueue: 0x600001254af0>
20:08:38.633 [ 184665] [main-thread   ] [F] LL_A task-manager//task-queue/find-task to be executed task = <WAMessagesByActiveSessionTask: 0x600001250b60 [orphaned-files]>  queue=<WATaskQueue: 0x600001254af0>
20:08:38.636 [ 184665] [main-thread   ] [F] LL_A task-manager//task/start [<WATaskQueue: 0x600001254af0>]
20:08:38.636 [ 212278] [utility-qos   ] [F] LL_A task-manager//task-queue/run-task on queue task = <WAMessagesByActiveSessionTask: 0x600001250b60 [orphaned-files]>, queue = <WATaskQueue: 0x600001254af0>
20:08:38.646 [ 212281] [NSManaged…fa80] [F] LL_A storage//save/success [KVStore-Tracking.sqlite in 0.00s with no changes]
20:08:38.647 [ 212281] [NSManaged…fa80] [F] LL_A storage//save/success [KVStore-Tracking.sqlite in 0.00s with changes]
20:08:38.648 [ 184665] [main-thread   ] [F] LL_A storage//save/background/done [ChatDB in 0.00s with no changes from 'NSManagedObjectContext 0x60000023dc70']
20:08:38.648 [ 184665] [main-thread   ] [F] LL_A messages-by-session//by-session [id: orphaned-files; count: 40; has-more: 1]
20:08:38.648 [ 184665] [main-thread   ] [F] LL_A task-manager//task-queue/task-completion task = <WAMessagesByActiveSessionTask: 0x600001250b60 [orphaned-files]>, queue = <WATaskQueue: 0x600001254af0>, should-run-again = 1
20:08:38.649 [ 184665] [main-thread   ] [F] LL_A task-manager//task finished for task-manager = <WATaskManager: 0x600001724100> on queue=<WATaskQueue: 0x600001254af0>
20:08:38.649 [ 184665] [main-thread   ] [F] LL_A task-manager//task-manager/run-task task-manager = <WATaskManager: 0x600001724100>, quiet mode 0 _executingTask 0
20:08:39.558 [ 212281] [memory-us…ging] [F] LL_A app//memory: System [Used 5567MB, Free 124MB] Process [Footprint 173MB (-0MB), Available 0MB, Peak 186MB] [cpu/s: 0.025]
20:08:39.683 [ 184665] [main-thread   ] [F] LL_A task-manager//task-manager/run-task task-manager = <WATaskManager: 0x600001724100>, quiet mode 0 _executingTask 0
20:08:39.683 [ 184665] [main-thread   ] [F] LL_A task-manager//run-task-in-group task-manager = <WATaskManager: 0x600001724100>, queue=<WATaskQueue: 0x600001254af0>
20:08:39.683 [ 184665] [main-thread   ] [F] LL_A task-manager//task-queue/find-task to be executed task = <WAMessagesByActiveSessionTask: 0x60000124a5a0 [fix-streaming-items]>  queue=<WATaskQueue: 0x600001254af0>
20:08:39.685 [ 184665] [main-thread   ] [F] LL_A task-manager//task/start [<WATaskQueue: 0x600001254af0>]
20:08:39.685 [ 209909] [utility-qos   ] [F] LL_A task-manager//task-queue/run-task on queue task = <WAMessagesByActiveSessionTask: 0x60000124a5a0 [fix-streaming-items]>, queue = <WATaskQueue: 0x600001254af0>
20:08:39.689 [ 184665] [main-thread   ] [F] LL_A storage//save/background/done [ChatDB in 0.00s with no changes from 'NSManagedObjectContext 0x60000023dc70']
20:08:39.690 [ 184665] [main-thread   ] [F] LL_A messages-by-session//by-session [id: fix-streaming-items; count: 0; has-more: 0]
20:08:39.690 [ 184665] [main-thread   ] [F] LL_A task-manager//task-queue/task-completion task = <WAMessagesByActiveSessionTask: 0x60000124a5a0 [fix-streaming-items]>, queue = <WATaskQueue: 0x600001254af0>, should-run-again = 1
20:08:39.691 [ 184665] [main-thread   ] [F] LL_A task-manager//task finished for task-manager = <WATaskManager: 0x600001724100> on queue=<WATaskQueue: 0x600001254af0>
20:08:39.691 [ 184665] [main-thread   ] [F] LL_A task-manager//task-manager/run-task task-manager = <WATaskManager: 0x600001724100>, quiet mode 0 _executingTask 0
20:08:40.739 [ 184665] [main-thread   ] [F] LL_A task-manager//task-manager/run-task task-manager = <WATaskManager: 0x600001724100>, quiet mode 0 _executingTask 0
20:08:40.739 [ 184665] [main-thread   ] [F] LL_A task-manager//run-task-in-group task-manager = <WATaskManager: 0x600001724100>, queue=<WATaskQueue: 0x600001254af0>
20:08:40.740 [ 184665] [main-thread   ] [F] LL_A task-manager//task-queue/find-task to be executed task = <WAMessagesByActiveSessionTask: 0x600001250b60 [orphaned-files]>  queue=<WATaskQueue: 0x600001254af0>
20:08:40.742 [ 184665] [main-thread   ] [F] LL_A task-manager//task/start [<WATaskQueue: 0x600001254af0>]
20:08:40.742 [ 212281] [utility-qos   ] [F] LL_A task-manager//task-queue/run-task on queue task = <WAMessagesByActiveSessionTask: 0x600001250b60 [orphaned-files]>, queue = <WATaskQueue: 0x600001254af0>
20:08:40.758 [ 212281] [NSManaged…dc70] [F] LL_W chatstorage-tasks//orphaned/warning/linking [1; Media/50341328486416@lid/8/d/8d5fb911-8979-447b-8f38-9af811b353be.thumb -> Media/50341328486416@lid/b/9/b98992ce-1c2c-45da-8002-c304265d4828.thumb; 2026-05-27 01:59:53 +0000]
20:08:40.759 [ 212281] [NSManaged…dc70] [F] LL_W chatstorage-tasks//orphaned/warning/linking [1; Media/50341328486416@lid/6/f/6fe60366-39c8-4e3f-9b65-21a9c32309ae.thumb -> Media/50341328486416@lid/d/d/dd70a8bd-152d-4815-af05-1ed575faa5c8.thumb; 2026-05-27 01:59:53 +0000]
20:08:40.761 [ 212281] [NSManaged…dc70] [F] LL_W chatstorage-tasks//orphaned/warning/linking [1; Media/50341328486416@lid/6/1/61748a63-c756-4793-a4f0-4e58d9556d27.thumb -> Media/50341328486416@lid/4/e/4ec154fc-6739-46a6-9697-8e356e494d41.thumb; 2026-05-27 01:59:53 +0000]
20:08:40.762 [ 212281] [NSManaged…dc70] [F] LL_W chatstorage-tasks//orphaned/warning/linking [1; Media/50341328486416@lid/0/6/0627c9a9-8ea9-4cf8-b97e-73ad0a33e4fb.thumb -> Media/50341328486416@lid/a/c/acdeffe8-2901-446a-9f88-2e7a62d6a646.thumb; 2026-05-27 02:00:03 +0000]
20:08:40.763 [ 212281] [NSManaged…fa80] [F] LL_A storage//save/success [KVStore-Tracking.sqlite in 0.00s with no changes]
20:08:40.764 [ 212281] [NSManaged…fa80] [F] LL_A storage//save/success [KVStore-Tracking.sqlite in 0.00s with changes]
20:08:40.766 [ 184665] [main-thread   ] [F] LL_A storage//save/background/done [ChatDB in 0.00s with changes from 'NSManagedObjectContext 0x60000023dc70']
20:08:40.766 [ 184665] [main-thread   ] [F] LL_A messages-by-session//by-session [id: orphaned-files; count: 40; has-more: 1]
20:08:40.766 [ 184665] [main-thread   ] [F] LL_A task-manager//task-queue/task-completion task = <WAMessagesByActiveSessionTask: 0x600001250b60 [orphaned-files]>, queue = <WATaskQueue: 0x600001254af0>, should-run-again = 1
20:08:40.767 [ 184665] [main-thread   ] [F] LL_A task-manager//task finished for task-manager = <WATaskManager: 0x600001724100> on queue=<WATaskQueue: 0x600001254af0>
20:08:40.767 [ 184665] [main-thread   ] [F] LL_A task-manager//task-manager/run-task task-manager = <WATaskManager: 0x600001724100>, quiet mode 0 _executingTask 0
20:08:41.783 [ 184665] [main-thread   ] [F] LL_A task-manager//task-manager/run-task task-manager = <WATaskManager: 0x600001724100>, quiet mode 0 _executingTask 0
20:08:41.783 [ 184665] [main-thread   ] [F] LL_A task-manager//run-task-in-group task-manager = <WATaskManager: 0x600001724100>, queue=<WATaskQueue: 0x600001254af0>
20:08:41.783 [ 184665] [main-thread   ] [F] LL_A task-manager//task-queue/find-task to be executed task = <WAMessagesByActiveSessionTask: 0x60000124a5a0 [fix-streaming-items]>  queue=<WATaskQueue: 0x600001254af0>
20:08:41.785 [ 184665] [main-thread   ] [F] LL_A task-manager//task/start [<WATaskQueue: 0x600001254af0>]
20:08:41.785 [ 211652] [utility-qos   ] [F] LL_A task-manager//task-queue/run-task on queue task = <WAMessagesByActiveSessionTask: 0x60000124a5a0 [fix-streaming-items]>, queue = <WATaskQueue: 0x600001254af0>
20:08:41.795 [ 184665] [main-thread   ] [F] LL_A storage//save/background/done [ChatDB in 0.00s with no changes from 'NSManagedObjectContext 0x60000023dc70']
20:08:41.796 [ 184665] [main-thread   ] [F] LL_A messages-by-session//by-session [id: fix-streaming-items; count: 0; has-more: 0]
20:08:41.796 [ 184665] [main-thread   ] [F] LL_A task-manager//task-queue/task-completion task = <WAMessagesByActiveSessionTask: 0x60000124a5a0 [fix-streaming-items]>, queue = <WATaskQueue: 0x600001254af0>, should-run-again = 1
20:08:41.796 [ 184665] [main-thread   ] [F] LL_A task-manager//task finished for task-manager = <WATaskManager: 0x600001724100> on queue=<WATaskQueue: 0x600001254af0>
20:08:41.796 [ 184665] [main-thread   ] [F] LL_A task-manager//task-manager/run-task task-manager = <WATaskManager: 0x600001724100>, quiet mode 0 _executingTask 0
20:08:42.557 [ 211652] [memory-us…ging] [F] LL_A app//memory: System [Used 5577MB, Free 113MB] Process [Footprint 173MB (-0MB), Available 0MB, Peak 186MB] [cpu/s: 0.027]
20:08:42.840 [ 184665] [main-thread   ] [F] LL_A task-manager//task-manager/run-task task-manager = <WATaskManager: 0x600001724100>, quiet mode 0 _executingTask 0
20:08:42.840 [ 184665] [main-thread   ] [F] LL_A task-manager//run-task-in-group task-manager = <WATaskManager: 0x600001724100>, queue=<WATaskQueue: 0x600001254af0>
20:08:42.840 [ 184665] [main-thread   ] [F] LL_A task-manager//task-queue/find-task to be executed task = <WAMessagesByActiveSessionTask: 0x600001250b60 [orphaned-files]>  queue=<WATaskQueue: 0x600001254af0>
20:08:42.843 [ 184665] [main-thread   ] [F] LL_A task-manager//task/start [<WATaskQueue: 0x600001254af0>]
20:08:42.843 [ 212281] [utility-qos   ] [F] LL_A task-manager//task-queue/run-task on queue task = <WAMessagesByActiveSessionTask: 0x600001250b60 [orphaned-files]>, queue = <WATaskQueue: 0x600001254af0>
20:08:42.853 [ 209909] [NSManaged…fa80] [F] LL_A storage//save/success [KVStore-Tracking.sqlite in 0.00s with no changes]
20:08:42.855 [ 209909] [NSManaged…fa80] [F] LL_A storage//save/success [KVStore-Tracking.sqlite in 0.00s with changes]
20:08:42.855 [ 184665] [main-thread   ] [F] LL_A storage//save/background/done [ChatDB in 0.00s with no changes from 'NSManagedObjectContext 0x60000023dc70']
20:08:42.856 [ 184665] [main-thread   ] [F] LL_A messages-by-session//by-session [id: orphaned-files; count: 40; has-more: 1]
20:08:42.856 [ 184665] [main-thread   ] [F] LL_A task-manager//task-queue/task-completion task = <WAMessagesByActiveSessionTask: 0x600001250b60 [orphaned-files]>, queue = <WATaskQueue: 0x600001254af0>, should-run-again = 1
20:08:42.857 [ 184665] [main-thread   ] [F] LL_A task-manager//task finished for task-manager = <WATaskManager: 0x600001724100> on queue=<WATaskQueue: 0x600001254af0>
20:08:42.857 [ 184665] [main-thread   ] [F] LL_A task-manager//task-manager/run-task task-manager = <WATaskManager: 0x600001724100>, quiet mode 0 _executingTask 0
20:08:43.883 [ 184665] [main-thread   ] [F] LL_A task-manager//task-manager/run-task task-manager = <WATaskManager: 0x600001724100>, quiet mode 0 _executingTask 0
20:08:43.883 [ 184665] [main-thread   ] [F] LL_A task-manager//run-task-in-group task-manager = <WATaskManager: 0x600001724100>, queue=<WATaskQueue: 0x600001254af0>
20:08:43.883 [ 184665] [main-thread   ] [F] LL_A task-manager//task-queue/find-task to be executed task = <WAMessagesByActiveSessionTask: 0x60000124a5a0 [fix-streaming-items]>  queue=<WATaskQueue: 0x600001254af0>
20:08:43.885 [ 184665] [main-thread   ] [F] LL_A task-manager//task/start [<WATaskQueue: 0x600001254af0>]
20:08:43.885 [ 211652] [utility-qos   ] [F] LL_A task-manager//task-queue/run-task on queue task = <WAMessagesByActiveSessionTask: 0x60000124a5a0 [fix-streaming-items]>, queue = <WATaskQueue: 0x600001254af0>
20:08:43.890 [ 184665] [main-thread   ] [F] LL_A storage//save/background/done [ChatDB in 0.00s with no changes from 'NSManagedObjectContext 0x60000023dc70']
20:08:43.890 [ 184665] [main-thread   ] [F] LL_A messages-by-session//by-session [id: fix-streaming-items; count: 0; has-more: 0]
20:08:43.890 [ 184665] [main-thread   ] [F] LL_A task-manager//task-queue/task-completion task = <WAMessagesByActiveSessionTask: 0x60000124a5a0 [fix-streaming-items]>, queue = <WATaskQueue: 0x600001254af0>, should-run-again = 1
20:08:43.891 [ 184665] [main-thread   ] [F] LL_A task-manager//task finished for task-manager = <WATaskManager: 0x600001724100> on queue=<WATaskQueue: 0x600001254af0>
20:08:43.891 [ 184665] [main-thread   ] [F] LL_A task-manager//task-manager/run-task task-manager = <WATaskManager: 0x600001724100>, quiet mode 0 _executingTask 0
20:08:44.899 [ 184665] [main-thread   ] [F] LL_A task-manager//task-manager/run-task task-manager = <WATaskManager: 0x600001724100>, quiet mode 0 _executingTask 0
20:08:44.899 [ 184665] [main-thread   ] [F] LL_A task-manager//run-task-in-group task-manager = <WATaskManager: 0x600001724100>, queue=<WATaskQueue: 0x600001254af0>
20:08:44.900 [ 184665] [main-thread   ] [F] LL_A task-manager//task-queue/find-task to be executed task = <WAMessagesByActiveSessionTask: 0x600001250b60 [orphaned-files]>  queue=<WATaskQueue: 0x600001254af0>
20:08:44.902 [ 184665] [main-thread   ] [F] LL_A task-manager//task/start [<WATaskQueue: 0x600001254af0>]
20:08:44.902 [ 211652] [utility-qos   ] [F] LL_A task-manager//task-queue/run-task on queue task = <WAMessagesByActiveSessionTask: 0x600001250b60 [orphaned-files]>, queue = <WATaskQueue: 0x600001254af0>
20:08:44.912 [ 209909] [NSManaged…fa80] [F] LL_A storage//save/success [KVStore-Tracking.sqlite in 0.00s with no changes]
LL_S <
CoreData:  skip unknown
LL_S >
LL_S <
CoreData: annotation: skip
LL_S >
20:08:45.005 [ 209909] [NSManaged…fa80] [F] LL_A storage//save/success [KVStore-Tracking.sqlite in 0.09s with changes]
20:08:45.005 [ 184665] [main-thread   ] [F] LL_A storage//save/background/done [ChatDB in 0.00s with no changes from 'NSManagedObjectContext 0x60000023dc70']
20:08:45.006 [ 184665] [main-thread   ] [F] LL_A messages-by-session//by-session [id: orphaned-files; count: 40; has-more: 1]
20:08:45.006 [ 184665] [main-thread   ] [F] LL_A task-manager//task-queue/task-completion task = <WAMessagesByActiveSessionTask: 0x600001250b60 [orphaned-files]>, queue = <WATaskQueue: 0x600001254af0>, should-run-again = 1
20:08:45.006 [ 184665] [main-thread   ] [F] LL_A task-manager//task finished for task-manager = <WATaskManager: 0x600001724100> on queue=<WATaskQueue: 0x600001254af0>
20:08:45.006 [ 184665] [main-thread   ] [F] LL_A task-manager//task-manager/run-task task-manager = <WATaskManager: 0x600001724100>, quiet mode 0 _executingTask 0
20:08:45.557 [ 211652] [memory-us…ging] [F] LL_A app//memory: System [Used 5583MB, Free 108MB] Process [Footprint 173MB (+0MB), Available 0MB, Peak 186MB] [cpu/s: 0.031]
20:08:46.056 [ 184665] [main-thread   ] [F] LL_A task-manager//task-manager/run-task task-manager = <WATaskManager: 0x600001724100>, quiet mode 0 _executingTask 0
20:08:46.056 [ 184665] [main-thread   ] [F] LL_A task-manager//run-task-in-group task-manager = <WATaskManager: 0x600001724100>, queue=<WATaskQueue: 0x600001254af0>
20:08:46.056 [ 184665] [main-thread   ] [F] LL_A task-manager//task-queue/find-task to be executed task = <WAMessagesByActiveSessionTask: 0x60000124a5a0 [fix-streaming-items]>  queue=<WATaskQueue: 0x600001254af0>
20:08:46.058 [ 184665] [main-thread   ] [F] LL_A task-manager//task/start [<WATaskQueue: 0x600001254af0>]
20:08:46.058 [ 209909] [utility-qos   ] [F] LL_A task-manager//task-queue/run-task on queue task = <WAMessagesByActiveSessionTask: 0x60000124a5a0 [fix-streaming-items]>, queue = <WATaskQueue: 0x600001254af0>
20:08:46.062 [ 184665] [main-thread   ] [F] LL_A storage//save/background/done [ChatDB in 0.00s with no changes from 'NSManagedObjectContext 0x60000023dc70']
20:08:46.062 [ 184665] [main-thread   ] [F] LL_A messages-by-session//by-session [id: fix-streaming-items; count: 0; has-more: 0]
20:08:46.062 [ 184665] [main-thread   ] [F] LL_A task-manager//task-queue/task-completion task = <WAMessagesByActiveSessionTask: 0x60000124a5a0 [fix-streaming-items]>, queue = <WATaskQueue: 0x600001254af0>, should-run-again = 1
20:08:46.063 [ 184665] [main-thread   ] [F] LL_A task-manager//task finished for task-manager = <WATaskManager: 0x600001724100> on queue=<WATaskQueue: 0x600001254af0>
20:08:46.063 [ 184665] [main-thread   ] [F] LL_A task-manager//task-manager/run-task task-manager = <WATaskManager: 0x600001724100>, quiet mode 0 _executingTask 0
20:08:47.066 [ 184665] [main-thread   ] [F] LL_A task-manager//task-manager/run-task task-manager = <WATaskManager: 0x600001724100>, quiet mode 0 _executingTask 0
20:08:47.066 [ 184665] [main-thread   ] [F] LL_A task-manager//run-task-in-group task-manager = <WATaskManager: 0x600001724100>, queue=<WATaskQueue: 0x600001254af0>
20:08:47.066 [ 184665] [main-thread   ] [F] LL_A task-manager//task-queue/find-task to be executed task = <WAMessagesByActiveSessionTask: 0x600001250b60 [orphaned-files]>  queue=<WATaskQueue: 0x600001254af0>
20:08:47.068 [ 184665] [main-thread   ] [F] LL_A task-manager//task/start [<WATaskQueue: 0x600001254af0>]
20:08:47.068 [ 211652] [utility-qos   ] [F] LL_A task-manager//task-queue/run-task on queue task = <WAMessagesByActiveSessionTask: 0x600001250b60 [orphaned-files]>, queue = <WATaskQueue: 0x600001254af0>
20:08:47.081 [ 211652] [NSManaged…dc70] [F] LL_W chatstorage-tasks//orphaned/warning/linking [1; Media/50341328486416@lid/1/c/1c92d7cf-da4c-4c91-aa71-049e0fb46b40.thumb -> Media/50341328486416@lid/d/6/d6bfac7c-7aec-4ceb-a1a0-35e385db88bb.thumb; 2026-06-10 09:42:46 +0000]
20:08:47.082 [ 211652] [NSManaged…dc70] [F] LL_W chatstorage-tasks//orphaned/warning/linking [1; Media/50341328486416@lid/8/4/8408e645-4c2f-4427-b9f4-331fc989419b.thumb -> Media/50341328486416@lid/2/1/214c7ce7-8a15-4f4b-8b9a-63b6f1268c8e.thumb; 2026-06-10 09:43:11 +0000]
20:08:47.084 [ 211652] [NSManaged…dc70] [F] LL_W chatstorage-tasks//orphaned/warning/linking [1; Media/50341328486416@lid/2/c/2c8f1b5f-45e9-48ce-b0df-d2d45cb5efdf.thumb -> Media/50341328486416@lid/3/c/3cf6af2e-1590-4281-8c6a-7098267a0655.thumb; 2026-06-10 10:06:43 +0000]
20:08:47.084 [ 211652] [NSManaged…fa80] [F] LL_A storage//save/success [KVStore-Tracking.sqlite in 0.00s with no changes]
20:08:47.094 [ 211652] [NSManaged…fa80] [F] LL_A storage//save/success [KVStore-Tracking.sqlite in 0.01s with changes]
20:08:47.096 [ 184665] [main-thread   ] [F] LL_A storage//save/background/done [ChatDB in 0.00s with changes from 'NSManagedObjectContext 0x60000023dc70']
20:08:47.097 [ 184665] [main-thread   ] [F] LL_A messages-by-session//by-session [id: orphaned-files; count: 40; has-more: 1]
20:08:47.097 [ 184665] [main-thread   ] [F] LL_A task-manager//task-queue/task-completion task = <WAMessagesByActiveSessionTask: 0x600001250b60 [orphaned-files]>, queue = <WATaskQueue: 0x600001254af0>, should-run-again = 1
20:08:47.098 [ 184665] [main-thread   ] [F] LL_A task-manager//task finished for task-manager = <WATaskManager: 0x600001724100> on queue=<WATaskQueue: 0x600001254af0>
20:08:47.098 [ 184665] [main-thread   ] [F] LL_A task-manager//task-manager/run-task task-manager = <WATaskManager: 0x600001724100>, quiet mode 0 _executingTask 0
20:08:48.116 [ 184665] [main-thread   ] [F] LL_A task-manager//task-manager/run-task task-manager = <WATaskManager: 0x600001724100>, quiet mode 0 _executingTask 0
20:08:48.116 [ 184665] [main-thread   ] [F] LL_A task-manager//run-task-in-group task-manager = <WATaskManager: 0x600001724100>, queue=<WATaskQueue: 0x600001254af0>
20:08:48.116 [ 184665] [main-thread   ] [F] LL_A task-manager//task-queue/find-task to be executed task = <WAMessagesByActiveSessionTask: 0x60000124a5a0 [fix-streaming-items]>  queue=<WATaskQueue: 0x600001254af0>
20:08:48.118 [ 184665] [main-thread   ] [F] LL_A task-manager//task/start [<WATaskQueue: 0x600001254af0>]
20:08:48.118 [ 212281] [utility-qos   ] [F] LL_A task-manager//task-queue/run-task on queue task = <WAMessagesByActiveSessionTask: 0x60000124a5a0 [fix-streaming-items]>, queue = <WATaskQueue: 0x600001254af0>
20:08:48.134 [ 184665] [main-thread   ] [F] LL_A storage//save/background/done [ChatDB in 0.00s with no changes from 'NSManagedObjectContext 0x60000023dc70']
20:08:48.135 [ 184665] [main-thread   ] [F] LL_A messages-by-session//by-session [id: fix-streaming-items; count: 0; has-more: 0]
20:08:48.135 [ 184665] [main-thread   ] [F] LL_A task-manager//task-queue/task-completion task = <WAMessagesByActiveSessionTask: 0x60000124a5a0 [fix-streaming-items]>, queue = <WATaskQueue: 0x600001254af0>, should-run-again = 1
20:08:48.135 [ 184665] [main-thread   ] [F] LL_A task-manager//task finished for task-manager = <WATaskManager: 0x600001724100> on queue=<WATaskQueue: 0x600001254af0>
20:08:48.136 [ 184665] [main-thread   ] [F] LL_A task-manager//task-manager/run-task task-manager = <WATaskManager: 0x600001724100>, quiet mode 0 _executingTask 0
20:08:48.557 [ 211652] [memory-us…ging] [F] LL_A app//memory: System [Used 5585MB, Free 105MB] Process [Footprint 173MB (0MB), Available 0MB, Peak 186MB] [cpu/s: 0.026]
20:08:49.166 [ 184665] [main-thread   ] [F] LL_A task-manager//task-manager/run-task task-manager = <WATaskManager: 0x600001724100>, quiet mode 0 _executingTask 0
20:08:49.166 [ 184665] [main-thread   ] [F] LL_A task-manager//run-task-in-group task-manager = <WATaskManager: 0x600001724100>, queue=<WATaskQueue: 0x600001254af0>
20:08:49.166 [ 184665] [main-thread   ] [F] LL_A task-manager//task-queue/find-task to be executed task = <WAMessagesByActiveSessionTask: 0x600001250b60 [orphaned-files]>  queue=<WATaskQueue: 0x600001254af0>
20:08:49.169 [ 184665] [main-thread   ] [F] LL_A task-manager//task/start [<WATaskQueue: 0x600001254af0>]
20:08:49.169 [ 212278] [utility-qos   ] [F] LL_A task-manager//task-queue/run-task on queue task = <WAMessagesByActiveSessionTask: 0x600001250b60 [orphaned-files]>, queue = <WATaskQueue: 0x600001254af0>
20:08:49.182 [ 211652] [NSManaged…dc70] [F] LL_W chatstorage-tasks//orphaned/warning/linking [1; Media/50341328486416@lid/7/8/78a4e367-07cd-4cf8-ab0e-0d58b0dacccf.thumb -> Media/50341328486416@lid/6/e/6e79f1c6-2a0a-4675-8f9b-887c0eead14b.thumb; 2026-06-10 12:05:18 +0000]
20:08:49.184 [ 211652] [NSManaged…dc70] [F] LL_W chatstorage-tasks//orphaned/warning/linking [1; Media/50341328486416@lid/1/7/17ea2d7f-f429-40fe-826c-529ecfab0f19.thumb -> Media/50341328486416@lid/3/b/3b40eb36-b65f-4977-9efb-42ee9942e2f9.thumb; 2026-06-10 12:05:27 +0000]
20:08:49.185 [ 211652] [NSManaged…dc70] [F] LL_W chatstorage-tasks//orphaned/warning/linking [1; Media/50341328486416@lid/0/d/0dc9ea44-4c2a-4b23-8f33-ae977a98064d.thumb -> Media/50341328486416@lid/a/e/aea31d38-8144-4368-b139-d93a6eb7f45f.thumb; 2026-06-10 12:05:28 +0000]
20:08:49.187 [ 211652] [NSManaged…dc70] [F] LL_W chatstorage-tasks//orphaned/warning/linking [1; Media/50341328486416@lid/0/3/034da5f1-d0b4-401f-ad13-ad859766622e.thumb -> Media/50341328486416@lid/0/7/078b16a2-4d89-4b1e-a0f8-00e51cd46b08.thumb; 2026-06-10 12:05:32 +0000]
20:08:49.188 [ 211652] [NSManaged…dc70] [F] LL_W chatstorage-tasks//orphaned/warning/linking [1; Media/50341328486416@lid/1/f/1f221e59-28e3-4d24-8804-2a1a421b7403.thumb -> Media/50341328486416@lid/e/4/e49f3475-e364-4446-bba7-7039384a1d9b.thumb; 2026-06-10 12:05:40 +0000]
20:08:49.190 [ 211652] [NSManaged…dc70] [F] LL_W chatstorage-tasks//orphaned/warning/linking [1; Media/50341328486416@lid/9/5/9545b1b9-b599-44a1-8a49-88cfc96581c7.thumb -> Media/50341328486416@lid/2/d/2d3301bb-f7a1-4587-b89f-1113dc2f5691.thumb; 2026-06-10 12:05:41 +0000]
20:08:49.191 [ 211652] [NSManaged…dc70] [F] LL_W chatstorage-tasks//orphaned/warning/linking [1; Media/50341328486416@lid/7/3/738073c6-f942-4940-9a68-c6a991c1f0bd.thumb -> Media/50341328486416@lid/e/e/eea32800-1372-4007-a097-3e30544583c6.thumb; 2026-06-10 12:05:41 +0000]
20:08:49.192 [ 211652] [NSManaged…dc70] [F] LL_W chatstorage-tasks//orphaned/warning/linking [1; Media/50341328486416@lid/b/d/bdecedb1-a660-4189-b7ac-46f600767ccf.thumb -> Media/50341328486416@lid/c/8/c898c1e4-afa4-42e7-bd5f-76436e18515f.thumb; 2026-06-10 12:05:41 +0000]
20:08:49.192 [ 211652] [NSManaged…dc70] [F] LL_W chatstorage-tasks//orphaned/warning/linking [1; Media/50341328486416@lid/1/b/1b09c207-9e22-496e-a9a2-c0d100e7ae3e.thumb -> Media/50341328486416@lid/4/9/49e5b794-70ea-4558-a065-c13e20fd343b.thumb; 2026-06-10 12:05:42 +0000]
20:08:49.194 [ 211652] [NSManaged…dc70] [F] LL_W chatstorage-tasks//orphaned/warning/linking [1; Media/50341328486416@lid/6/0/60cf9030-4998-42ee-bbc1-701d88edd45f.thumb -> Media/50341328486416@lid/2/4/24f87b85-8f51-4dfb-b9be-53781148d9c8.thumb; 2026-06-10 12:05:47 +0000]
20:08:49.195 [ 211652] [NSManaged…dc70] [F] LL_W chatstorage-tasks//orphaned/warning/linking [1; Media/50341328486416@lid/f/2/f2289c4b-75b7-474b-a8a0-0ce1a45f7390.thumb -> Media/50341328486416@lid/9/0/9014f0f6-75c6-408c-9787-5ff6ba968d3b.thumb; 2026-06-10 12:05:48 +0000]
20:08:49.195 [ 211652] [NSManaged…fa80] [F] LL_A storage//save/success [KVStore-Tracking.sqlite in 0.00s with no changes]
20:08:49.197 [ 211652] [NSManaged…fa80] [F] LL_A storage//save/success [KVStore-Tracking.sqlite in 0.00s with changes]
20:08:49.199 [ 184665] [main-thread   ] [F] LL_A storage//save/background/done [ChatDB in 0.00s with changes from 'NSManagedObjectContext 0x60000023dc70']
20:08:49.199 [ 184665] [main-thread   ] [F] LL_A messages-by-session//by-session [id: orphaned-files; count: 40; has-more: 1]
20:08:49.199 [ 184665] [main-thread   ] [F] LL_A task-manager//task-queue/task-completion task = <WAMessagesByActiveSessionTask: 0x600001250b60 [orphaned-files]>, queue = <WATaskQueue: 0x600001254af0>, should-run-again = 1
20:08:49.199 [ 184665] [main-thread   ] [F] LL_A task-manager//task finished for task-manager = <WATaskManager: 0x600001724100> on queue=<WATaskQueue: 0x600001254af0>
20:08:49.199 [ 184665] [main-thread   ] [F] LL_A task-manager//task-manager/run-task task-manager = <WATaskManager: 0x600001724100>, quiet mode 0 _executingTask 0
20:08:50.243 [ 184665] [main-thread   ] [F] LL_A task-manager//task-manager/run-task task-manager = <WATaskManager: 0x600001724100>, quiet mode 0 _executingTask 0
20:08:50.243 [ 184665] [main-thread   ] [F] LL_A task-manager//run-task-in-group task-manager = <WATaskManager: 0x600001724100>, queue=<WATaskQueue: 0x600001254af0>
20:08:50.243 [ 184665] [main-thread   ] [F] LL_A task-manager//task-queue/find-task to be executed task = <WAMessagesByActiveSessionTask: 0x60000124a5a0 [fix-streaming-items]>  queue=<WATaskQueue: 0x600001254af0>
20:08:50.245 [ 184665] [main-thread   ] [F] LL_A task-manager//task/start [<WATaskQueue: 0x600001254af0>]
20:08:50.245 [ 212278] [utility-qos   ] [F] LL_A task-manager//task-queue/run-task on queue task = <WAMessagesByActiveSessionTask: 0x60000124a5a0 [fix-streaming-items]>, queue = <WATaskQueue: 0x600001254af0>
20:08:50.249 [ 184665] [main-thread   ] [F] LL_A storage//save/background/done [ChatDB in 0.00s with no changes from 'NSManagedObjectContext 0x60000023dc70']
20:08:50.250 [ 184665] [main-thread   ] [F] LL_A messages-by-session//by-session [id: fix-streaming-items; count: 0; has-more: 0]
20:08:50.250 [ 184665] [main-thread   ] [F] LL_A task-manager//task-queue/task-completion task = <WAMessagesByActiveSessionTask: 0x60000124a5a0 [fix-streaming-items]>, queue = <WATaskQueue: 0x600001254af0>, should-run-again = 1
20:08:50.251 [ 184665] [main-thread   ] [F] LL_A task-manager//task finished for task-manager = <WATaskManager: 0x600001724100> on queue=<WATaskQueue: 0x600001254af0>
20:08:50.251 [ 184665] [main-thread   ] [F] LL_A task-manager//task-manager/run-task task-manager = <WATaskManager: 0x600001724100>, quiet mode 0 _executingTask 0
20:08:51.121 [ 212281] [WamBufferStore] [F] LL_A fieldstats/wameta///buffer/move/succeeded from /Users/adistyputri/Library/Group Containers/group.net.whatsapp.WhatsApp.shared/FieldStats2/WhatsApp/wam-a/wam-a-1-0-2850 to /Users/adistyputri/Library/Group Containers/group.net.whatsapp.WhatsApp.shared/FieldStats2/WhatsApp/wam-o/wam-o-1-0-2850
20:08:51.121 [ 212281] [WamBufferStore] [F] LL_A fieldstats/wameta///buffer/rotate/succeeded - 1-0-2850, eventCount: 11, recordCount: 115
20:08:51.122 [ 212281] [utility       ] [F] LL_A buffer/upload/initiated - accountUUID: <legacy-primary>, streamId: 1, channel: 0, sequenceNumber: 2850, eventCount: 11, recordCount: 115
20:08:51.123 [ 211652] [normal        ] [F] LL_N stream//> send > [iq/set ns=w:stats t=s.whatsapp.net id=1790079492-51]
20:08:51.299 [ 184665] [main-thread   ] [F] LL_A task-manager//task-manager/run-task task-manager = <WATaskManager: 0x600001724100>, quiet mode 0 _executingTask 0
20:08:51.299 [ 184665] [main-thread   ] [F] LL_A task-manager//run-task-in-group task-manager = <WATaskManager: 0x600001724100>, queue=<WATaskQueue: 0x600001254af0>
20:08:51.300 [ 184665] [main-thread   ] [F] LL_A task-manager//task-queue/find-task to be executed task = <WAMessagesByActiveSessionTask: 0x600001250b60 [orphaned-files]>  queue=<WATaskQueue: 0x600001254af0>
20:08:51.302 [ 184665] [main-thread   ] [F] LL_A task-manager//task/start [<WATaskQueue: 0x600001254af0>]
20:08:51.302 [ 212281] [utility-qos   ] [F] LL_A task-manager//task-queue/run-task on queue task = <WAMessagesByActiveSessionTask: 0x600001250b60 [orphaned-files]>, queue = <WATaskQueue: 0x600001254af0>
20:08:51.314 [ 212281] [NSManaged…dc70] [F] LL_W chatstorage-tasks//orphaned/warning/linking [1; Media/50341328486416@lid/3/8/386b1d9c-da87-4e15-b17a-84b7c30a9c75.thumb -> Media/50341328486416@lid/0/5/055a4c1a-f4b7-4d64-9445-d4e2d5ac606f.thumb; 2026-06-10 12:05:48 +0000]
20:08:51.315 [ 212281] [NSManaged…dc70] [F] LL_W chatstorage-tasks//orphaned/warning/linking [1; Media/50341328486416@lid/d/d/dd9d1561-e586-4db3-aef8-2a44aaa93c4b.thumb -> Media/50341328486416@lid/b/9/b92831fb-a01e-458a-aa6c-1943c4846302.thumb; 2026-06-10 12:05:51 +0000]
20:08:51.316 [ 212281] [NSManaged…dc70] [F] LL_W chatstorage-tasks//orphaned/warning/linking [1; Media/50341328486416@lid/f/d/fda33591-7a6f-47c4-8da4-59bf3c5040d8.thumb -> Media/50341328486416@lid/0/1/01c8cd0a-bb12-4217-bf72-c161f6470e9a.thumb; 2026-06-10 12:05:52 +0000]
20:08:51.316 [ 212278] [normal        ] [F] LL_N xmpp//< recv < [iq/result f=s.whatsapp.net id=1790079492-51]
20:08:51.316 [ 212278] [normal        ] [F] LL_A fieldstats/wameta/transport/buffer/send/succeeded - accountUUID: <legacy-primary>, stream id: 1, channel: 0, sequenceNumber: 2850, eventCount: 11, recordCount: 115
20:08:51.317 [ 212281] [NSManaged…dc70] [F] LL_W chatstorage-tasks//orphaned/warning/linking [1; Media/50341328486416@lid/f/7/f7c28802-f83b-415e-a170-a004687db0fc.thumb -> Media/50341328486416@lid/5/6/567b1cbd-3cd7-4da8-ae2b-f4dec98c3d30.thumb; 2026-06-10 12:05:57 +0000]
20:08:51.317 [ 211652] [WamBufferStore] [F] LL_A fieldstats/wameta///buffer/drop/succeeded - accountUUID: <legacy-primary>, bufferType: old, file: wam-o-1-0-2850
20:08:51.317 [ 211652] [utility       ] [F] LL_A fieldstats/wameta///buffer/fetch/initiated - accountUUID: <legacy-primary>, streamId: 1, bufferType: old, bufferRootDir: /Users/adistyputri/Library/Group Containers/group.net.whatsapp.WhatsApp.shared/FieldStats2/WhatsApp, fetchLimit: 20
20:08:51.317 [ 211652] [WamBufferStore] [F] LL_A fieldstats/wameta///buffer/fetch/cross-context - accountUUID: <legacy-primary>, will fetch from 1 directories
20:08:51.318 [ 212281] [NSManaged…dc70] [F] LL_W chatstorage-tasks//orphaned/warning/linking [1; Media/50341328486416@lid/3/a/3a8d09a2-ed14-459b-b2a5-652d6f5fdaee.thumb -> Media/50341328486416@lid/a/8/a80ff769-ca03-44ad-9ab6-be58649f801a.thumb; 2026-06-10 12:05:59 +0000]
20:08:51.318 [ 211652] [WamBufferStore] [F] LL_A fieldstats/wameta///buffer/fetch/dir: /Users/adistyputri/Library/Group Containers/group.net.whatsapp.WhatsApp.shared/FieldStats2/WhatsApp/wam-o, count: 0
20:08:51.318 [ 211652] [WamBufferStore] [F] LL_A fieldstats/wameta///buffer/fetch/completed - accountUUID: <legacy-primary>, bufferType: old, successfully parsed: 0 buffers
20:08:51.319 [ 212281] [NSManaged…dc70] [F] LL_W chatstorage-tasks//orphaned/warning/linking [1; Media/50341328486416@lid/a/b/ab497820-a1d4-4a4f-a32d-06273710494c.thumb -> Media/50341328486416@lid/e/e/ee9b22a4-f3d7-4ffd-8e05-c02f7e7a8641.thumb; 2026-06-10 12:05:59 +0000]
20:08:51.321 [ 212281] [NSManaged…dc70] [F] LL_W chatstorage-tasks//orphaned/warning/linking [1; Media/50341328486416@lid/6/2/6298dd88-2cf3-442b-beab-9fbbd37ae5ec.thumb -> Media/50341328486416@lid/1/4/14ccd913-88cb-4118-970b-7e808c753ba1.thumb; 2026-06-10 12:05:59 +0000]
20:08:51.321 [ 212281] [NSManaged…dc70] [F] LL_W chatstorage-tasks//orphaned/warning/linking [1; Media/50341328486416@lid/d/4/d4e0f8dc-a858-4b55-a5e4-8118616b1d58.thumb -> Media/50341328486416@lid/d/3/d37258b9-7929-48e0-bef8-1b4bd35553d8.thumb; 2026-06-10 12:06:00 +0000]
20:08:51.323 [ 212281] [NSManaged…dc70] [F] LL_W chatstorage-tasks//orphaned/warning/linking [1; Media/50341328486416@lid/4/5/4595ad00-d5cd-4a32-9953-902219bda9f6.thumb -> Media/50341328486416@lid/d/d/ddf15af8-055d-4577-8eb8-89d01f0a03ca.thumb; 2026-06-10 12:06:00 +0000]
20:08:51.323 [ 212281] [NSManaged…dc70] [F] LL_W chatstorage-tasks//orphaned/warning/linking [1; Media/50341328486416@lid/1/e/1e2c6372-c7c7-485c-aa8e-984394041004.thumb -> Media/50341328486416@lid/4/0/4073d4ef-3d6a-44ed-8e2b-878cf7d8d4a8.thumb; 2026-06-10 12:06:05 +0000]
20:08:51.324 [ 212281] [NSManaged…dc70] [F] LL_W chatstorage-tasks//orphaned/warning/linking [1; Media/50341328486416@lid/7/3/73a1ea9b-a9e5-449c-8bc3-dd1c3069964a.thumb -> Media/50341328486416@lid/c/f/cf58d17e-8761-4e6e-8501-d4e839edf804.thumb; 2026-06-10 12:06:06 +0000]
20:08:51.325 [ 212281] [NSManaged…dc70] [F] LL_W chatstorage-tasks//orphaned/warning/linking [1; Media/50341328486416@lid/1/d/1dbe7d7c-046f-4ae6-b5cb-bf2d6b9c7b16.thumb -> Media/50341328486416@lid/f/c/fcdcc180-541b-42e0-8d36-a5e4fb2c1557.thumb; 2026-06-10 12:06:08 +0000]
20:08:51.326 [ 212281] [NSManaged…dc70] [F] LL_W chatstorage-tasks//orphaned/warning/linking [1; Media/50341328486416@lid/a/d/adb6cf90-4b63-4648-8b2f-cebece1c0d77.thumb -> Media/50341328486416@lid/a/6/a66928b9-dddd-44f7-a304-853f25f6f9b2.thumb; 2026-06-10 12:06:08 +0000]
20:08:51.327 [ 212281] [NSManaged…dc70] [F] LL_W chatstorage-tasks//orphaned/warning/linking [1; Media/50341328486416@lid/d/0/d061c1c7-ce4c-4cea-82aa-e3347f303199.thumb -> Media/50341328486416@lid/9/d/9d3d24d0-e52d-40fe-a5e3-e7eb3e677204.thumb; 2026-06-10 12:06:08 +0000]
20:08:51.327 [ 212281] [NSManaged…dc70] [F] LL_W chatstorage-tasks//orphaned/warning/linking [1; Media/50341328486416@lid/7/8/784efafd-922a-4fc4-9809-aa240435c382.thumb -> Media/50341328486416@lid/3/5/35806d0e-d4cc-4311-869d-37a6745fc071.thumb; 2026-06-10 12:06:09 +0000]
20:08:51.328 [ 212281] [NSManaged…dc70] [F] LL_W chatstorage-tasks//orphaned/warning/linking [1; Media/50341328486416@lid/8/d/8d08fdc0-bd8d-4de5-a579-314b0c67f71b.thumb -> Media/50341328486416@lid/8/2/82d595b4-95d1-493c-9d8a-34695ab64817.thumb; 2026-06-10 12:06:09 +0000]
20:08:51.329 [ 212281] [NSManaged…dc70] [F] LL_W chatstorage-tasks//orphaned/warning/linking [1; Media/50341328486416@lid/6/8/68537275-4568-4bf9-ba44-9f3a0d204218.thumb -> Media/50341328486416@lid/6/0/601d5c4c-700e-4772-8456-c75ebe17832c.thumb; 2026-06-10 12:06:09 +0000]
20:08:51.330 [ 212281] [NSManaged…dc70] [F] LL_W chatstorage-tasks//orphaned/warning/linking [1; Media/50341328486416@lid/e/5/e5ec93e0-90f9-450f-aba2-3e0a5c31397b.thumb -> Media/50341328486416@lid/f/9/f9500163-edab-470c-afce-04a29a965637.thumb; 2026-06-10 12:06:13 +0000]
20:08:51.331 [ 212281] [NSManaged…fa80] [F] LL_A storage//save/success [KVStore-Tracking.sqlite in 0.00s with no changes]
20:08:51.332 [ 212281] [NSManaged…fa80] [F] LL_A storage//save/success [KVStore-Tracking.sqlite in 0.00s with changes]
20:08:51.334 [ 184665] [main-thread   ] [F] LL_A storage//save/background/done [ChatDB in 0.00s with changes from 'NSManagedObjectContext 0x60000023dc70']
20:08:51.334 [ 184665] [main-thread   ] [F] LL_A messages-by-session//by-session [id: orphaned-files; count: 40; has-more: 1]
20:08:51.334 [ 184665] [main-thread   ] [F] LL_A task-manager//task-queue/task-completion task = <WAMessagesByActiveSessionTask: 0x600001250b60 [orphaned-files]>, queue = <WATaskQueue: 0x600001254af0>, should-run-again = 1
20:08:51.335 [ 184665] [main-thread   ] [F] LL_A task-manager//task finished for task-manager = <WATaskManager: 0x600001724100> on queue=<WATaskQueue: 0x600001254af0>
20:08:51.335 [ 184665] [main-thread   ] [F] LL_A task-manager//task-manager/run-task task-manager = <WATaskManager: 0x600001724100>, quiet mode 0 _executingTask 0
20:08:51.557 [ 212281] [memory-us…ging] [F] LL_A app//memory: System [Used 5585MB, Free 105MB] Process [Footprint 173MB (-0MB), Available 0MB, Peak 186MB] [cpu/s: 0.047]
20:08:52.383 [ 184665] [main-thread   ] [F] LL_A task-manager//task-manager/run-task task-manager = <WATaskManager: 0x600001724100>, quiet mode 0 _executingTask 0
20:08:52.383 [ 184665] [main-thread   ] [F] LL_A task-manager//run-task-in-group task-manager = <WATaskManager: 0x600001724100>, queue=<WATaskQueue: 0x600001254af0>
20:08:52.383 [ 184665] [main-thread   ] [F] LL_A task-manager//task-queue/find-task to be executed task = <WAMessagesByActiveSessionTask: 0x60000124a5a0 [fix-streaming-items]>  queue=<WATaskQueue: 0x600001254af0>
20:08:52.385 [ 184665] [main-thread   ] [F] LL_A task-manager//task/start [<WATaskQueue: 0x600001254af0>]
20:08:52.385 [ 212281] [utility-qos   ] [F] LL_A task-manager//task-queue/run-task on queue task = <WAMessagesByActiveSessionTask: 0x60000124a5a0 [fix-streaming-items]>, queue = <WATaskQueue: 0x600001254af0>
20:08:52.389 [ 184665] [main-thread   ] [F] LL_A storage//save/background/done [ChatDB in 0.00s with no changes from 'NSManagedObjectContext 0x60000023dc70']
20:08:52.390 [ 184665] [main-thread   ] [F] LL_A messages-by-session//by-session [id: fix-streaming-items; count: 0; has-more: 0]
20:08:52.390 [ 184665] [main-thread   ] [F] LL_A task-manager//task-queue/task-completion task = <WAMessagesByActiveSessionTask: 0x60000124a5a0 [fix-streaming-items]>, queue = <WATaskQueue: 0x600001254af0>, should-run-again = 1
20:08:52.391 [ 184665] [main-thread   ] [F] LL_A task-manager//task finished for task-manager = <WATaskManager: 0x600001724100> on queue=<WATaskQueue: 0x600001254af0>
20:08:52.391 [ 184665] [main-thread   ] [F] LL_A task-manager//task-manager/run-task task-manager = <WATaskManager: 0x600001724100>, quiet mode 0 _executingTask 0
20:08:53.441 [ 184665] [main-thread   ] [F] LL_A task-manager//task-manager/run-task task-manager = <WATaskManager: 0x600001724100>, quiet mode 0 _executingTask 0
20:08:53.441 [ 184665] [main-thread   ] [F] LL_A task-manager//run-task-in-group task-manager = <WATaskManager: 0x600001724100>, queue=<WATaskQueue: 0x600001254af0>
20:08:53.441 [ 184665] [main-thread   ] [F] LL_A task-manager//task-queue/find-task to be executed task = <WAMessagesByActiveSessionTask: 0x600001250b60 [orphaned-files]>  queue=<WATaskQueue: 0x600001254af0>
20:08:53.443 [ 184665] [main-thread   ] [F] LL_A task-manager//task/start [<WATaskQueue: 0x600001254af0>]
20:08:53.443 [ 212278] [utility-qos   ] [F] LL_A task-manager//task-queue/run-task on queue task = <WAMessagesByActiveSessionTask: 0x600001250b60 [orphaned-files]>, queue = <WATaskQueue: 0x600001254af0>
20:08:53.451 [ 212281] [NSManaged…fa80] [F] LL_A storage//save/success [KVStore-Tracking.sqlite in 0.00s with no changes]
20:08:53.453 [ 212281] [NSManaged…fa80] [F] LL_A storage//save/success [KVStore-Tracking.sqlite in 0.00s with changes]
20:08:53.453 [ 184665] [main-thread   ] [F] LL_A storage//save/background/done [ChatDB in 0.00s with no changes from 'NSManagedObjectContext 0x60000023dc70']
20:08:53.453 [ 184665] [main-thread   ] [F] LL_A messages-by-session//by-session [id: orphaned-files; count: 40; has-more: 1]
20:08:53.454 [ 184665] [main-thread   ] [F] LL_A task-manager//task-queue/task-completion task = <WAMessagesByActiveSessionTask: 0x600001250b60 [orphaned-files]>, queue = <WATaskQueue: 0x600001254af0>, should-run-again = 1
20:08:53.455 [ 184665] [main-thread   ] [F] LL_A task-manager//task finished for task-manager = <WATaskManager: 0x600001724100> on queue=<WATaskQueue: 0x600001254af0>
20:08:53.455 [ 184665] [main-thread   ] [F] LL_A task-manager//task-manager/run-task task-manager = <WATaskManager: 0x600001724100>, quiet mode 0 _executingTask 0
20:08:54.504 [ 184665] [main-thread   ] [F] LL_A task-manager//task-manager/run-task task-manager = <WATaskManager: 0x600001724100>, quiet mode 0 _executingTask 0
20:08:54.504 [ 184665] [main-thread   ] [F] LL_A task-manager//run-task-in-group task-manager = <WATaskManager: 0x600001724100>, queue=<WATaskQueue: 0x600001254af0>
20:08:54.504 [ 184665] [main-thread   ] [F] LL_A task-manager//task-queue/find-task to be executed task = <WAMessagesByActiveSessionTask: 0x60000124a5a0 [fix-streaming-items]>  queue=<WATaskQueue: 0x600001254af0>
20:08:54.506 [ 184665] [main-thread   ] [F] LL_A task-manager//task/start [<WATaskQueue: 0x600001254af0>]
20:08:54.506 [ 212281] [utility-qos   ] [F] LL_A task-manager//task-queue/run-task on queue task = <WAMessagesByActiveSessionTask: 0x60000124a5a0 [fix-streaming-items]>, queue = <WATaskQueue: 0x600001254af0>
20:08:54.510 [ 184665] [main-thread   ] [F] LL_A storage//save/background/done [ChatDB in 0.00s with no changes from 'NSManagedObjectContext 0x60000023dc70']
20:08:54.511 [ 184665] [main-thread   ] [F] LL_A messages-by-session//by-session [id: fix-streaming-items; count: 0; has-more: 0]
20:08:54.511 [ 184665] [main-thread   ] [F] LL_A task-manager//task-queue/task-completion task = <WAMessagesByActiveSessionTask: 0x60000124a5a0 [fix-streaming-items]>, queue = <WATaskQueue: 0x600001254af0>, should-run-again = 1
20:08:54.512 [ 184665] [main-thread   ] [F] LL_A task-manager//task finished for task-manager = <WATaskManager: 0x600001724100> on queue=<WATaskQueue: 0x600001254af0>
20:08:54.512 [ 184665] [main-thread   ] [F] LL_A task-manager//task-manager/run-task task-manager = <WATaskManager: 0x600001724100>, quiet mode 0 _executingTask 0
20:08:54.556 [ 212281] [memory-us…ging] [F] LL_A app//memory: System [Used 5634MB, Free 56MB] Process [Footprint 173MB (0MB), Available 0MB, Peak 186MB] [cpu/s: 0.025]
20:08:55.558 [ 184665] [main-thread   ] [F] LL_A task-manager//task-manager/run-task task-manager = <WATaskManager: 0x600001724100>, quiet mode 0 _executingTask 0
20:08:55.558 [ 184665] [main-thread   ] [F] LL_A task-manager//run-task-in-group task-manager = <WATaskManager: 0x600001724100>, queue=<WATaskQueue: 0x600001254af0>
20:08:55.558 [ 184665] [main-thread   ] [F] LL_A task-manager//task-queue/find-task to be executed task = <WAMessagesByActiveSessionTask: 0x600001250b60 [orphaned-files]>  queue=<WATaskQueue: 0x600001254af0>
20:08:55.560 [ 184665] [main-thread   ] [F] LL_A task-manager//task/start [<WATaskQueue: 0x600001254af0>]
20:08:55.560 [ 209909] [utility-qos   ] [F] LL_A task-manager//task-queue/run-task on queue task = <WAMessagesByActiveSessionTask: 0x600001250b60 [orphaned-files]>, queue = <WATaskQueue: 0x600001254af0>
20:08:55.569 [ 209909] [NSManaged…fa80] [F] LL_A storage//save/success [KVStore-Tracking.sqlite in 0.00s with no changes]
20:08:55.571 [ 209909] [NSManaged…fa80] [F] LL_A storage//save/success [KVStore-Tracking.sqlite in 0.00s with changes]
20:08:55.571 [ 184665] [main-thread   ] [F] LL_A storage//save/background/done [ChatDB in 0.00s with no changes from 'NSManagedObjectContext 0x60000023dc70']
20:08:55.571 [ 184665] [main-thread   ] [F] LL_A messages-by-session//by-session [id: orphaned-files; count: 40; has-more: 1]
20:08:55.571 [ 184665] [main-thread   ] [F] LL_A task-manager//task-queue/task-completion task = <WAMessagesByActiveSessionTask: 0x600001250b60 [orphaned-files]>, queue = <WATaskQueue: 0x600001254af0>, should-run-again = 1
20:08:55.572 [ 184665] [main-thread   ] [F] LL_A task-manager//task finished for task-manager = <WATaskManager: 0x600001724100> on queue=<WATaskQueue: 0x600001254af0>
20:08:55.572 [ 184665] [main-thread   ] [F] LL_A task-manager//task-manager/run-task task-manager = <WATaskManager: 0x600001724100>, quiet mode 0 _executingTask 0
20:08:56.619 [ 184665] [main-thread   ] [F] LL_A task-manager//task-manager/run-task task-manager = <WATaskManager: 0x600001724100>, quiet mode 0 _executingTask 0
20:08:56.619 [ 184665] [main-thread   ] [F] LL_A task-manager//run-task-in-group task-manager = <WATaskManager: 0x600001724100>, queue=<WATaskQueue: 0x600001254af0>
20:08:56.619 [ 184665] [main-thread   ] [F] LL_A task-manager//task-queue/find-task to be executed task = <WAMessagesByActiveSessionTask: 0x60000124a5a0 [fix-streaming-items]>  queue=<WATaskQueue: 0x600001254af0>
20:08:56.621 [ 184665] [main-thread   ] [F] LL_A task-manager//task/start [<WATaskQueue: 0x600001254af0>]
20:08:56.621 [ 212281] [utility-qos   ] [F] LL_A task-manager//task-queue/run-task on queue task = <WAMessagesByActiveSessionTask: 0x60000124a5a0 [fix-streaming-items]>, queue = <WATaskQueue: 0x600001254af0>
20:08:56.626 [ 184665] [main-thread   ] [F] LL_A storage//save/background/done [ChatDB in 0.00s with no changes from 'NSManagedObjectContext 0x60000023dc70']
20:08:56.627 [ 184665] [main-thread   ] [F] LL_A messages-by-session//by-session [id: fix-streaming-items; count: 0; has-more: 0]
20:08:56.627 [ 184665] [main-thread   ] [F] LL_A task-manager//task-queue/task-completion task = <WAMessagesByActiveSessionTask: 0x60000124a5a0 [fix-streaming-items]>, queue = <WATaskQueue: 0x600001254af0>, should-run-again = 1
20:08:56.628 [ 184665] [main-thread   ] [F] LL_A task-manager//task finished for task-manager = <WATaskManager: 0x600001724100> on queue=<WATaskQueue: 0x600001254af0>
20:08:56.628 [ 184665] [main-thread   ] [F] LL_A task-manager//task-manager/run-task task-manager = <WATaskManager: 0x600001724100>, quiet mode 0 _executingTask 0
20:08:57.557 [ 212281] [memory-us…ging] [F] LL_A app//memory: System [Used 5634MB, Free 55MB] Process [Footprint 172MB (-0MB), Available 0MB, Peak 186MB] [cpu/s: 0.023]
20:08:57.674 [ 184665] [main-thread   ] [F] LL_A task-manager//task-manager/run-task task-manager = <WATaskManager: 0x600001724100>, quiet mode 0 _executingTask 0
20:08:57.674 [ 184665] [main-thread   ] [F] LL_A task-manager//run-task-in-group task-manager = <WATaskManager: 0x600001724100>, queue=<WATaskQueue: 0x600001254af0>
20:08:57.675 [ 184665] [main-thread   ] [F] LL_A task-manager//task-queue/find-task to be executed task = <WAMessagesByActiveSessionTask: 0x600001250b60 [orphaned-files]>  queue=<WATaskQueue: 0x600001254af0>
20:08:57.676 [ 184665] [main-thread   ] [F] LL_A task-manager//task/start [<WATaskQueue: 0x600001254af0>]
20:08:57.676 [ 212281] [utility-qos   ] [F] LL_A task-manager//task-queue/run-task on queue task = <WAMessagesByActiveSessionTask: 0x600001250b60 [orphaned-files]>, queue = <WATaskQueue: 0x600001254af0>
20:08:57.689 [ 212281] [NSManaged…dc70] [F] LL_W chatstorage-tasks//orphaned/warning/linking [1; Media/50341328486416@lid/e/6/e6db172b-bb9b-497d-8f83-55b8c34d8823.thumb -> Media/50341328486416@lid/2/1/219a05c0-794a-4f57-aa61-3c5a5068b16a.thumb; 2026-07-07 12:45:52 +0000]
20:08:57.690 [ 212281] [NSManaged…dc70] [F] LL_W chatstorage-tasks//orphaned/warning/linking [1; Media/50341328486416@lid/1/7/17332766-1e21-4819-a9b9-b1331c1017a1.thumb -> Media/50341328486416@lid/2/f/2fa32e8f-b04d-4813-9c60-18190474bf04.thumb; 2026-07-07 12:45:53 +0000]
20:08:57.691 [ 212281] [NSManaged…dc70] [F] LL_W chatstorage-tasks//orphaned/warning/linking [1; Media/50341328486416@lid/1/2/12b9c364-e26c-4ce8-b51b-93a6753f9423.thumb -> Media/50341328486416@lid/c/d/cd22b07e-891e-46b6-ac34-483ce510ad56.thumb; 2026-07-07 12:45:53 +0000]
20:08:57.693 [ 212281] [NSManaged…dc70] [F] LL_W chatstorage-tasks//orphaned/warning/linking [1; Media/50341328486416@lid/1/9/1962bd78-9c7b-479f-95a7-c13420f0e5ae.thumb -> Media/50341328486416@lid/b/c/bca235ed-1fdf-4448-903f-82abef32a50b.thumb; 2026-07-07 12:45:58 +0000]
20:08:57.693 [ 212281] [NSManaged…dc70] [F] LL_W chatstorage-tasks//orphaned/warning/linking [1; Media/50341328486416@lid/d/2/d20bd6ce-b32f-4c0f-8fca-3e3bd52a62ec.thumb -> Media/50341328486416@lid/1/2/1213606a-be97-4474-b350-9dcb240a9d71.thumb; 2026-07-07 12:45:59 +0000]
20:08:57.695 [ 212281] [NSManaged…dc70] [F] LL_W chatstorage-tasks//orphaned/warning/linking [1; Media/50341328486416@lid/a/3/a3b5eb40-4a2c-428c-bee2-d59d52931fd1.thumb -> Media/50341328486416@lid/6/d/6df8bdbd-efea-493b-b596-a8dbbc94c770.thumb; 2026-07-07 12:45:59 +0000]
20:08:57.696 [ 212281] [NSManaged…dc70] [F] LL_W chatstorage-tasks//orphaned/warning/linking [1; Media/50341328486416@lid/d/2/d254ed49-4256-450a-941f-ef19ee0f04f1.thumb -> Media/50341328486416@lid/c/8/c866b3b2-d240-42df-aa9b-b9d6ed45fcb6.thumb; 2026-07-07 12:45:59 +0000]
20:08:57.696 [ 212281] [NSManaged…dc70] [F] LL_W chatstorage-tasks//orphaned/warning/linking [1; Media/50341328486416@lid/c/7/c7147279-56a0-4071-bfb6-559590a67429.thumb -> Media/50341328486416@lid/1/8/18c27e0e-3412-4d63-b8cb-17db545fbc4d.thumb; 2026-07-07 12:46:00 +0000]
20:08:57.697 [ 212281] [NSManaged…dc70] [F] LL_W chatstorage-tasks//orphaned/warning/linking [1; Media/50341328486416@lid/c/c/cc7a88f6-7040-48ad-b866-65213e1ed178.thumb -> Media/50341328486416@lid/f/f/ff3f5ac3-b7d0-4b54-a6ab-e8716d568cc1.thumb; 2026-07-07 12:46:00 +0000]
20:08:57.698 [ 212281] [NSManaged…dc70] [F] LL_W chatstorage-tasks//orphaned/warning/linking [1; Media/50341328486416@lid/0/5/050a1c65-45b1-408a-9bf6-80b10d146bec.thumb -> Media/50341328486416@lid/9/c/9c2242ca-8819-4eba-930d-5023ace7dda3.thumb; 2026-07-07 12:46:00 +0000]
20:08:57.699 [ 212281] [NSManaged…dc70] [F] LL_W chatstorage-tasks//orphaned/warning/linking [1; Media/50341328486416@lid/a/8/a8fb7bbe-f6c1-4830-92e0-392c97fa7cef.thumb -> Media/50341328486416@lid/5/c/5c348680-57bc-4015-955a-1ef2701ae9b9.thumb; 2026-07-07 12:46:03 +0000]
20:08:57.699 [ 212281] [NSManaged…dc70] [F] LL_W chatstorage-tasks//orphaned/warning/linking [1; Media/50341328486416@lid/6/6/66e6855f-a82d-4a47-b796-d72898d95ab0.thumb -> Media/50341328486416@lid/6/e/6e5ca9a1-b344-48f6-a510-04f1bf092f61.thumb; 2026-07-07 12:46:03 +0000]
20:08:57.700 [ 212281] [NSManaged…dc70] [F] LL_W chatstorage-tasks//orphaned/warning/linking [1; Media/50341328486416@lid/d/1/d114859c-3c32-4402-a1c4-c4f5894300be.thumb -> Media/50341328486416@lid/7/3/73618ec6-bb44-4959-80a6-0ab0e1630df6.thumb; 2026-07-07 12:46:03 +0000]
20:08:57.700 [ 212281] [NSManaged…dc70] [F] LL_W chatstorage-tasks//orphaned/warning/linking [1; Media/50341328486416@lid/3/3/334cdc06-3171-44bd-83a2-a209071f6c4c.thumb -> Media/50341328486416@lid/7/a/7ae4b508-f625-40f4-be73-1b4f8e09c701.thumb; 2026-07-07 12:46:04 +0000]
20:08:57.701 [ 212281] [NSManaged…dc70] [F] LL_W chatstorage-tasks//orphaned/warning/linking [1; Media/50341328486416@lid/1/6/16e9b0f1-f135-4234-b910-1d58bd0316e8.thumb -> Media/50341328486416@lid/1/3/13ef71f2-9d24-462a-b00c-c5f5eb7efd7a.thumb; 2026-07-07 12:46:04 +0000]
20:08:57.702 [ 212281] [NSManaged…fa80] [F] LL_A storage//save/success [KVStore-Tracking.sqlite in 0.00s with no changes]
20:08:57.703 [ 212281] [NSManaged…fa80] [F] LL_A storage//save/success [KVStore-Tracking.sqlite in 0.00s with changes]
20:08:57.706 [ 184665] [main-thread   ] [F] LL_A storage//save/background/done [ChatDB in 0.00s with changes from 'NSManagedObjectContext 0x60000023dc70']
20:08:57.706 [ 184665] [main-thread   ] [F] LL_A messages-by-session//by-session [id: orphaned-files; count: 40; has-more: 1]
20:08:57.706 [ 184665] [main-thread   ] [F] LL_A task-manager//task-queue/task-completion task = <WAMessagesByActiveSessionTask: 0x600001250b60 [orphaned-files]>, queue = <WATaskQueue: 0x600001254af0>, should-run-again = 1
20:08:57.707 [ 184665] [main-thread   ] [F] LL_A task-manager//task finished for task-manager = <WATaskManager: 0x600001724100> on queue=<WATaskQueue: 0x600001254af0>
20:08:57.707 [ 184665] [main-thread   ] [F] LL_A task-manager//task-manager/run-task task-manager = <WATaskManager: 0x600001724100>, quiet mode 0 _executingTask 0
20:08:58.755 [ 184665] [main-thread   ] [F] LL_A task-manager//task-manager/run-task task-manager = <WATaskManager: 0x600001724100>, quiet mode 0 _executingTask 0
20:08:58.755 [ 184665] [main-thread   ] [F] LL_A task-manager//run-task-in-group task-manager = <WATaskManager: 0x600001724100>, queue=<WATaskQueue: 0x600001254af0>
20:08:58.755 [ 184665] [main-thread   ] [F] LL_A task-manager//task-queue/find-task to be executed task = <WAMessagesByActiveSessionTask: 0x60000124a5a0 [fix-streaming-items]>  queue=<WATaskQueue: 0x600001254af0>
20:08:58.757 [ 184665] [main-thread   ] [F] LL_A task-manager//task/start [<WATaskQueue: 0x600001254af0>]
20:08:58.757 [ 212278] [utility-qos   ] [F] LL_A task-manager//task-queue/run-task on queue task = <WAMessagesByActiveSessionTask: 0x60000124a5a0 [fix-streaming-items]>, queue = <WATaskQueue: 0x600001254af0>
20:08:58.760 [ 209909] [normal        ] [F] LL_N xmpp//< recv < [text/ id=ACAF1559BDAB7FD799846D6F56BEA996 f=******5872@g.us p=******4343:0@lid participant_pn=<******9099@s.whatsapp.net> [enc {139b}]]
20:08:58.761 [ 209909] [normal        ] [F] LL_W ccq/queued-stanza-factory/supports-stanza/disabled type=[message]
20:08:58.761 [ 209909] [normal        ] [F] LL_A wamessagehandler//ingress/enqueue/ACAF1559BDAB7FD799846D6F56BEA996/offline=0
20:08:58.796 [ 184665] [main-thread   ] [F] LL_A storage//save/background/done [ChatDB in 0.00s with no changes from 'NSManagedObjectContext 0x60000023dc70']
20:08:58.796 [ 184665] [main-thread   ] [F] LL_A messages-by-session//by-session [id: fix-streaming-items; count: 0; has-more: 0]
20:08:58.796 [ 184665] [main-thread   ] [F] LL_A task-manager//task-queue/task-completion task = <WAMessagesByActiveSessionTask: 0x60000124a5a0 [fix-streaming-items]>, queue = <WATaskQueue: 0x600001254af0>, should-run-again = 1
20:08:58.796 [ 184665] [main-thread   ] [F] LL_A task-manager//task finished for task-manager = <WATaskManager: 0x600001724100> on queue=<WATaskQueue: 0x600001254af0>
20:08:58.797 [ 184665] [main-thread   ] [F] LL_A task-manager//task-manager/run-task task-manager = <WATaskManager: 0x600001724100>, quiet mode 0 _executingTask 0
20:08:58.862 [ 209909] [handler       ] [F] LL_A wamessagehandler//ingress/dequeue/ACAF1559BDAB7FD799846D6F56BEA996/offline=0
20:08:58.867 [ 209909] [handler       ] [F] LL_A wamessagehandler//handle/context/process/ACAF1559BDAB7FD799846D6F56BEA996/start
20:08:58.868 [ 209909] [handler       ] [F] LL_A wamessagehandler//handle/context/process/ACAF1559BDAB7FD799846D6F56BEA996/end decryption-context=<decrypt_group retry_count=0 offline=0>
20:08:58.868 [ 209909] [handler       ] [F] LL_A wamessagehandler//handle/process/group/ACAF1559BDAB7FD799846D6F56BEA996
20:08:58.868 [ 212281] [prekey        ] [F] LL_A wamessagehandler//handle/decrypt/group/start/ACAF1559BDAB7FD799846D6F56BEA996
20:08:58.868 [ 212281] [crypto        ] [F] LL_A signal/store//batch-context/48C821FD-726F-436E-957F-1DA5E0EB65B6/decrypt-group-msg/deferredSaveCount is 1 after incrementing
20:08:58.869 [ 212281] [crypto        ] [F] LL_A signal/store//batch-context/48C821FD-726F-436E-957F-1DA5E0EB65B6/decrypt-group-msg/begin-execute
20:08:58.869 [ 212281] [NSManaged…4ea0] [F] LL_A signal/store//sender-key/fetch/WASignalAddress { d: <******4343:0@lid> ; g: ******g.us ; pq: NO ; scope: 0 }
20:08:58.871 [ 212281] [NSManaged…4ea0] [F] LL_A signal/store//sender-key/store/WASignalAddress { d: <******4343:0@lid> ; g: ******g.us ; pq: NO ; scope: 0 }
20:08:58.872 [ 212281] [NSManaged…4ea0] [F] LL_A signal/store//sender-key/store/update
20:08:58.872 [ 212281] [NSManaged…4ea0] [F] LL_A signal/store//save/skipped/deferredSaveCount is 1
20:08:58.872 [ 212281] [NSManaged…4ea0] [F] LL_A signal/store//sender-key/store/success
20:08:58.873 [ 212281] [NSManaged…4ea0] [F] LL_A signal/store//save/skipped/deferredSaveCount is 1
20:08:58.873 [ 212281] [crypto        ] [F] LL_A signal/store//batch-context/48C821FD-726F-436E-957F-1DA5E0EB65B6/decrypt-group-msg/end-execute
20:08:58.874 [ 212281] [NSManaged…4ea0] [F] LL_A storage//save/success [SignalDB in 0.00s with changes]
20:08:58.874 [ 212281] [NSManaged…4ea0] [F] LL_A signal/store//batch-context/48C821FD-726F-436E-957F-1DA5E0EB65B6/decrypt-group-msg/deferredSaveCount is 0 after decrementing
20:08:58.874 [ 212281] [crypto        ] [F] LL_A wamessagehandler//handle/decrypt/group/finished/ACAF1559BDAB7FD799846D6F56BEA996/(null)
20:08:58.875 [ 211652] [handler       ] [F] LL_A wamessagehandler//handle/process/post-decrypt/ACAF1559BDAB7FD799846D6F56BEA996: decryptFailure=0, duplicate=0 plaintextData=0 bytes, plaintextProtobufValid=1, botFbid=0, error=(null)
20:08:58.875 [ 211652] [handler       ] [F] LL_A wamessagehandler//egress/enqueue/ACAF1559BDAB7FD799846D6F56BEA996/offline=0
20:08:58.976 [ 184665] [main-thread   ] [F] LL_A wamessagehandler//egress/dequeue/postprocess-start/ACAF1559BDAB7FD799846D6F56BEA996/offline=0
20:08:58.986 [ 184665] [main-thread   ] [F] LL_E biz/unrecognized-verification-level: empty level
20:08:58.988 [ 184665] [main-thread   ] [F] LL_A messageprotobufserialization//messageID: ACAF1559BDAB7FD799846D6F56BEA996, verifyMessageType: 1, messageType: 12, canHaveExistingMediaItem: 0
20:08:58.992 [ 184665] [main-thread   ] [F] LL_A wamessagehandler//handle/postprocess-finish/ACAF1559BDAB7FD799846D6F56BEA996
20:08:58.995 [ 184665] [main-thread   ] [F] LL_A chatstorage//save/ids/success [ChatDB in 0.00s]
20:08:58.995 [ 184665] [main-thread   ] [F] LL_A chatstorage//save/process [ChatDB in 0.00s]
20:08:58.995 [ 184665] [main-thread   ] [F] LL_A chatstorage//indexing/should index messages 0
20:08:58.996 [ 213486] [NSManaged…6150] [F] LL_A storage//save/success [KVStore-BackedUpKeyValue.sqlite in 0.00s with changes]
20:08:58.999 [ 213486] [NSManaged…a970] [F] LL_A storage//save/success [KVStore-LocalKeyValue.sqlite in 0.00s with changes]
20:08:59.001 [ 184665] [main-thread   ] [F] LL_A storage//save/success [ChatDB in 0.01s with changes]
20:08:59.001 [ 184665] [main-thread   ] [F] LL_A chatstorage//save/aggregated success [ChatDB in 0.01s]
20:08:59.001 [ 184665] [main-thread   ] [F] LL_E chatsessionmanager//existingChatSessions/error: nil error
20:08:59.004 [ 184665] [main-thread   ] [F] LL_A chatsessiontransaction-groups//companion-join-dbg/companion-summary g=[<******5872@g.us>] total=[1] alreadyActive=[1] added=[0] reason=[0] addrMode=[2]
20:08:59.005 [ 184665] [main-thread   ] [F] LL_A chatsession/<******5872@g.us>/counter/611
20:08:59.005 [ 184665] [main-thread   ] [F] LL_E message//attach/thumbnail/skipped [thumbnailData: nil, jid: present, stanzaID: ACAF1559BDAB7FD799846D6F56BEA996]
20:08:59.005 [ 184665] [main-thread   ] [F] LL_A OrphanMessageManager/deleting message addons from cql orphan store
20:08:59.006 [ 184665] [main-thread   ] [F] LL_A OrphanMessageManager/resolving orphans from cql orphan store
20:08:59.007 [ 184665] [main-thread   ] [F] LL_A chatsessiontransaction//unread [******5872@g.us; 11 -> 12]
20:08:59.008 [ 184665] [NSManaged…9860] [F] LL_A storage//save/success [AppStateStore in 0.00s with changes]
20:08:59.009 [ 184665] [main-thread   ] [F] LL_A chatstorage//save/ids/success [ChatDB in 0.00s]
20:08:59.009 [ 184665] [main-thread   ] [F] LL_W chatsessions//controller-will-change-content/vc-class:WAChatListViewController/selected:******5239@lid
20:08:59.009 [ 184665] [main-thread   ] [F] LL_A chatsessions//will-begin-updating-tableview
20:08:59.009 [ 184665] [main-thread   ] [F] LL_A chatsessions/did-change-object/change-type:move/at-index:<NSIndexPath: 0xa88082748c347980> {length = 2, path = 0 - 1}/new-index:<NSIndexPath: 0xa88082748d347980> {length = 2, path = 0 - 0}/is-updating-table:1
20:08:59.009 [ 184665] [main-thread   ] [F] LL_A chatsessions/did-change-object/jid:******5872@g.us/last-message-stanzaID:ACAF1559BDAB7FD799846D6F56BEA996/message-date:2026-09-22 13:08:58 +0000
20:08:59.009 [ 184665] [main-thread   ] [F] LL_A chatsessions/did-change-object/mapped/change-type:move/at-index:<NSIndexPath: 0xa88082748c34f980> {length = 2, path = 16 - 1}/new-index:<NSIndexPath: 0xa88082748d34f980> {length = 2, path = 16 - 0}
20:08:59.009 [ 184665] [main-thread   ] [F] LL_A chatsessions/move/******5872@g.us: [1 -> 0]
20:08:59.009 [ 184665] [main-thread   ] [F] LL_A chatsessions/did-change-object/reload-before-move
20:08:59.010 [ 184665] [main-thread   ] [F] LL_A chatsessions/configureCell/jid:******5872@g.us/last-message-for-chat-list-msg-id:<******5872@g.us>_ACAF1559BDAB7FD799846D6F56BEA996_0_<******4343@lid>/chat-session-lastMessage-msg-id:<******5872@g.us>_ACAF1559BDAB7FD799846D6F56BEA996_0_<******4343@lid>
20:08:59.010 [ 184665] [main-thread   ] [F] LL_A chatsessions/configureCell/jid:******5872@g.us/msg-id:<******5872@g.us>_ACAF1559BDAB7FD799846D6F56BEA996_0_<******4343@lid>
20:08:59.010 [ 184665] [main-thread   ] [F] LL_A chatsessioncellstate/chatJID/******5872@g.us/date-text/20.08/message-timestamp/2026-09-22 13:08:58 +0000
20:08:59.010 [ 184665] [main-thread   ] [F] LL_A chatsessioncellstate/chatJID/******5872@g.us/messageForPreview/ACAF1559BDAB7FD799846D6F56BEA996)
20:08:59.010 [ 184665] [main-thread   ] [F] LL_A chat-message-preview-helper/messagePreviewForMessage/type:0
20:08:59.013 [ 184665] [main-thread   ] [F] LL_A updateCellForOldState/start/******5872@g.us
20:08:59.014 [ 184665] [main-thread   ] [F] LL_A updateCellForOldState/******5872@g.us/dateText:20.00/unreadCount:11/snippetText:not-empty
20:08:59.015 [ 184665] [main-thread   ] [F] LL_A chatsessions//pre-end-updates/chats-section:16/sections-at-begin-updates:20/sections-at-end-updates:20/frc-sections:1
20:08:59.019 [ 184665] [main-thread   ] [F] LL_A chatsessions//did-finish-updating-tableview
20:08:59.023 [ 184665] [main-thread   ] [F] LL_A chatstorage//save/process [ChatDB in 0.01s]
20:08:59.023 [ 184665] [main-thread   ] [F] LL_A chatstorage//indexing/should index messages 1
20:08:59.026 [ 184665] [main-thread   ] [F] LL_A storage//save/success [ChatDB in 0.00s with changes]
20:08:59.026 [ 184665] [main-thread   ] [F] LL_A chatstorage-searchengine//indexing/chat-messages/start
20:08:59.026 [ 184665] [main-thread   ] [F] LL_A chatstorage//save/aggregated success [ChatDB in 0.02s]
20:08:59.027 [ 184665] [main-thread   ] [F] LL_A notification-center//mainapp-notif/identifier=[MMeFq2f8nlWX41seplAgf_jHWDIJIBHHWYCzC88MNfw]/messageID.uniqueKey=[<******5872@g.us>_ACAF1559BDAB7FD799846D6F56BEA996_0_<******4343@lid>]/messageID.remoteChatJID=[******5872@g.us]/messageID.stanzaID=[ACAF1559BDAB7FD799846D6F56BEA996]/messageID.participantJID=[******4343@lid]/messageID.fromMe=[0]/displayStatus=[2]
20:08:59.028 [ 184665] [main-thread   ] [F] LL_A notification-center//show-local-notification/MMeFq2f8nlWX41seplAgf_jHWDIJIBHHWYCzC88MNfw
20:08:59.028 [ 184665] [main-thread   ] [F] LL_E wamessage+bot/missing-rich-response-data
20:08:59.031 [ 184665] [main-thread   ] [F] LL_A notification-scheduler//prepare-hq-thumbnail/isGrapevineInstalled:0
20:08:59.031 [ 184665] [main-thread   ] [F] LL_A notification-scheduler//prepare-hq-thumbnail/no-merge/ACAF1559BDAB7FD799846D6F56BEA996
20:08:59.031 [ 184665] [main-thread   ] [F] LL_A notification-scheduler//prepare-hq-thumbnail/update-notification-content-for-communication/ACAF1559BDAB7FD799846D6F56BEA996
LL_S <
2026-09-22 20:08:59.031 WhatsApp[4484:211652] Cannot create shortcut from intent (<INIntent: 0x600000bb5950> {
}) because it has no valid parameter combinations
LL_S >
20:08:59.032 [ 184665] [NSManaged…9860] [F] LL_A storage//save/success [AppStateStore in 0.00s with changes]
20:08:59.033 [ 213486] [NSManaged…a970] [F] LL_A storage//save/success [KVStore-LocalKeyValue.sqlite in 0.00s with changes]
20:08:59.033 [ 184665] [main-thread   ] [F] LL_A wamessagehandler//handle/chat-storage-processing-finished/ACAF1559BDAB7FD799846D6F56BEA996: accepted=1
20:08:59.035 [ 184665] [main-thread   ] [F] LL_A xmpp/main//incoming-message/acked/ACAF1559BDAB7FD799846D6F56BEA996
20:08:59.035 [ 211652] [normal        ] [F] LL_N stream//> send > [receipt/delivery t=******5872@g.us p=******4343:0@lid id=ACAF1559BDAB7FD799846D6F56BEA996]
20:08:59.038 [ 209909] [NSManaged…a970] [F] LL_A storage//save/success [KVStore-LocalKeyValue.sqlite in 0.00s with changes]
20:08:59.038 [ 184665] [main-thread   ] [F] LL_A task-manager//task-queue/schedule-task task=<WABlockTask: 0x6000036e9e00 [index-messages]> task-manager=<WATaskManager: 0x600001724100>, queue=<WATaskQueue: 0x600001254af0> existingTask=0, tasksArrayCount=2
20:08:59.039 [ 184665] [main-thread   ] [F] LL_A task-manager//task-queue/schedule-task task=<WABlockTask: 0x6000036e9e00 [index-messages]> task-manager=<WATaskManager: 0x600001724100>, queue=<WATaskQueue: 0x600001254b60> existingTask=0, tasksArrayCount=1
20:08:59.039 [ 184665] [main-thread   ] [F] LL_A chatstorage-searchengine//indexing/chat-messages/task-scheduled task = <WABlockTask: 0x6000036e9e00 [index-messages]>
20:08:59.039 [ 184665] [main-thread   ] [F] LL_A badge-controller/1 BadgeController/didReceiveVisibleMessage(ACAF1559BDAB7FD799846D6F56BEA996)
20:08:59.039 [ 184665] [main-thread   ] [F] LL_A badge-data-source/local-unread-count/messages: [0], missed-calls: [0], nse-messages: [0]
20:08:59.039 [ 184665] [main-thread   ] [F] LL_A notification-scheduler//local-notification/posted/MMeFq2f8nlWX41seplAgf_jHWDIJIBHHWYCzC88MNfw
20:08:59.039 [ 213489] [NSManaged…a970] [F] LL_A storage//save/success [KVStore-LocalKeyValue.sqlite in 0.00s with changes]
20:08:59.049 [ 213486] [NSManaged…a970] [F] LL_A storage//save/success [KVStore-LocalKeyValue.sqlite in 0.00s with changes]
20:08:59.816 [ 184665] [main-thread   ] [F] LL_A task-manager//task-manager/run-task task-manager = <WATaskManager: 0x600001724100>, quiet mode 0 _executingTask 0
20:08:59.816 [ 184665] [main-thread   ] [F] LL_A task-manager//run-task-in-group task-manager = <WATaskManager: 0x600001724100>, queue=<WATaskQueue: 0x600001254af0>
20:08:59.816 [ 184665] [main-thread   ] [F] LL_A task-manager//task-queue/find-task to be executed task = <WAMessagesByActiveSessionTask: 0x600001250b60 [orphaned-files]>  queue=<WATaskQueue: 0x600001254af0>
20:08:59.818 [ 184665] [main-thread   ] [F] LL_A task-manager//task/start [<WATaskQueue: 0x600001254af0>]
20:08:59.819 [ 213489] [utility-qos   ] [F] LL_A task-manager//task-queue/run-task on queue task = <WAMessagesByActiveSessionTask: 0x600001250b60 [orphaned-files]>, queue = <WATaskQueue: 0x600001254af0>
20:08:59.830 [ 213486] [NSManaged…fcf0] [F] LL_W chatstorage-tasks//orphaned/warning/linking [1; Media/50341328486416@lid/0/7/07712b40-2ae2-46a1-97c3-66570a6c8622.thumb -> Media/50341328486416@lid/0/e/0eedebae-52f7-4908-a93b-13b8fac081eb.thumb; 2026-07-07 12:46:04 +0000]
20:08:59.832 [ 213486] [NSManaged…fcf0] [F] LL_W chatstorage-tasks//orphaned/warning/linking [1; Media/50341328486416@lid/b/8/b88b1ee0-97ad-4c77-85c1-7392ae579414.thumb -> Media/50341328486416@lid/5/b/5bd1bcb2-7f85-46a4-8947-78a623450be5.thumb; 2026-07-07 12:46:04 +0000]
20:08:59.832 [ 213486] [NSManaged…fcf0] [F] LL_W chatstorage-tasks//orphaned/warning/linking [1; Media/50341328486416@lid/7/c/7ce4ede8-ac7e-4f70-8b79-b1620d9768d2.thumb -> Media/50341328486416@lid/8/2/829e6482-70aa-415d-bc88-1317c7079b1a.thumb; 2026-07-07 16:27:56 +0000]
20:08:59.833 [ 213486] [NSManaged…fcf0] [F] LL_W chatstorage-tasks//orphaned/warning/linking [1; Media/50341328486416@lid/d/5/d57d1cb9-75eb-4805-bb46-239af810bc91.thumb -> Media/50341328486416@lid/9/7/97ec83ee-179b-4383-8326-3f4d4c8769be.thumb; 2026-07-07 16:27:59 +0000]
20:08:59.834 [ 213486] [NSManaged…fcf0] [F] LL_W chatstorage-tasks//orphaned/warning/linking [1; Media/50341328486416@lid/8/0/8012159a-9bc3-4a18-8f94-7d33f40d7cd2.thumb -> Media/50341328486416@lid/4/7/476ac37a-f52d-4661-b6fe-4260264bf0d5.thumb; 2026-07-07 16:28:14 +0000]
20:08:59.835 [ 213486] [NSManaged…fa80] [F] LL_A storage//save/success [KVStore-Tracking.sqlite in 0.00s with no changes]
20:08:59.836 [ 213486] [NSManaged…fa80] [F] LL_A storage//save/success [KVStore-Tracking.sqlite in 0.00s with changes]
20:08:59.838 [ 184665] [main-thread   ] [F] LL_A storage//save/background/done [ChatDB in 0.00s with changes from 'NSManagedObjectContext 0x60000023fcf0']
20:08:59.838 [ 184665] [main-thread   ] [F] LL_A messages-by-session//by-session [id: orphaned-files; count: 40; has-more: 1]
20:08:59.838 [ 184665] [main-thread   ] [F] LL_A task-manager//task-queue/task-completion task = <WAMessagesByActiveSessionTask: 0x600001250b60 [orphaned-files]>, queue = <WATaskQueue: 0x600001254af0>, should-run-again = 1
20:08:59.839 [ 184665] [main-thread   ] [F] LL_A task-manager//task finished for task-manager = <WATaskManager: 0x600001724100> on queue=<WATaskQueue: 0x600001254af0>
20:08:59.839 [ 184665] [main-thread   ] [F] LL_A task-manager//task-manager/run-task task-manager = <WATaskManager: 0x600001724100>, quiet mode 0 _executingTask 0
20:09:00.556 [ 213486] [memory-us…ging] [F] LL_A app//memory: System [Used 5624MB, Free 65MB] Process [Footprint 173MB (+0MB), Available 0MB, Peak 186MB] [cpu/s: 0.080]
20:09:00.886 [ 184665] [main-thread   ] [F] LL_A task-manager//task-manager/run-task task-manager = <WATaskManager: 0x600001724100>, quiet mode 0 _executingTask 0
20:09:00.886 [ 184665] [main-thread   ] [F] LL_A task-manager//run-task-in-group task-manager = <WATaskManager: 0x600001724100>, queue=<WATaskQueue: 0x600001254af0>
20:09:00.886 [ 184665] [main-thread   ] [F] LL_A task-manager//task-queue/find-task to be executed task = <WABlockTask: 0x6000036e9e00 [index-messages]>  queue=<WATaskQueue: 0x600001254af0>
20:09:00.887 [ 184665] [main-thread   ] [F] LL_A task-manager//task/start [<WATaskQueue: 0x600001254af0>]
20:09:00.887 [ 211650] [utility-qos   ] [F] LL_A task-manager//task-queue/run-task on queue task = <WABlockTask: 0x6000036e9e00 [index-messages]>, queue = <WATaskQueue: 0x600001254af0>
20:09:00.895 [ 184665] [main-thread   ] [F] LL_A storage//save/background/done [ChatDB in 0.00s with changes from 'NSManagedObjectContext 0x60000023fcf0']
20:09:00.896 [ 184665] [main-thread   ] [F] LL_A msg-search//index/count [index-messages; 1 in 0.007s]
20:09:00.896 [ 184665] [main-thread   ] [F] LL_A msg-search//indexing/finish
20:09:00.896 [ 213486] [sanity-check  ] [F] LL_A msg-search//indexing/did-pass-sanity-check 1
20:09:00.896 [ 184665] [main-thread   ] [F] LL_A task-manager//task-queue/task-completion task = <WABlockTask: 0x6000036e9e00 [index-messages]>, queue = <WATaskQueue: 0x600001254af0>, should-run-again = 0
20:09:00.897 [ 184665] [main-thread   ] [F] LL_A task-manager//task finished for task-manager = <WATaskManager: 0x600001724100> on queue=<WATaskQueue: 0x600001254af0>
20:09:00.897 [ 184665] [main-thread   ] [F] LL_A task-manager//task-manager/run-task task-manager = <WATaskManager: 0x600001724100>, quiet mode 0 _executingTask 0
20:09:01.938 [ 184665] [main-thread   ] [F] LL_A task-manager//task-manager/run-task task-manager = <WATaskManager: 0x600001724100>, quiet mode 0 _executingTask 0
20:09:01.938 [ 184665] [main-thread   ] [F] LL_A task-manager//run-task-in-group task-manager = <WATaskManager: 0x600001724100>, queue=<WATaskQueue: 0x600001254af0>
20:09:01.938 [ 184665] [main-thread   ] [F] LL_A task-manager//task-queue/find-task to be executed task = <WAMessagesByActiveSessionTask: 0x60000124a5a0 [fix-streaming-items]>  queue=<WATaskQueue: 0x600001254af0>
20:09:01.940 [ 184665] [main-thread   ] [F] LL_A task-manager//task/start [<WATaskQueue: 0x600001254af0>]
20:09:01.940 [ 213489] [utility-qos   ] [F] LL_A task-manager//task-queue/run-task on queue task = <WAMessagesByActiveSessionTask: 0x60000124a5a0 [fix-streaming-items]>, queue = <WATaskQueue: 0x600001254af0>
20:09:01.944 [ 184665] [main-thread   ] [F] LL_A storage//save/background/done [ChatDB in 0.00s with no changes from 'NSManagedObjectContext 0x60000023fcf0']
20:09:01.944 [ 184665] [main-thread   ] [F] LL_A messages-by-session//by-session [id: fix-streaming-items; count: 0; has-more: 0]
20:09:01.944 [ 184665] [main-thread   ] [F] LL_A task-manager//task-queue/task-completion task = <WAMessagesByActiveSessionTask: 0x60000124a5a0 [fix-streaming-items]>, queue = <WATaskQueue: 0x600001254af0>, should-run-again = 1
20:09:01.945 [ 184665] [main-thread   ] [F] LL_A task-manager//task finished for task-manager = <WATaskManager: 0x600001724100> on queue=<WATaskQueue: 0x600001254af0>
20:09:01.945 [ 184665] [main-thread   ] [F] LL_A task-manager//task-manager/run-task task-manager = <WATaskManager: 0x600001724100>, quiet mode 0 _executingTask 0
20:09:02.991 [ 184665] [main-thread   ] [F] LL_A task-manager//task-manager/run-task task-manager = <WATaskManager: 0x600001724100>, quiet mode 0 _executingTask 0
20:09:02.991 [ 184665] [main-thread   ] [F] LL_A task-manager//run-task-in-group task-manager = <WATaskManager: 0x600001724100>, queue=<WATaskQueue: 0x600001254af0>
20:09:02.991 [ 184665] [main-thread   ] [F] LL_A task-manager//task-queue/find-task to be executed task = <WAMessagesByActiveSessionTask: 0x600001250b60 [orphaned-files]>  queue=<WATaskQueue: 0x600001254af0>
20:09:02.993 [ 184665] [main-thread   ] [F] LL_A task-manager//task/start [<WATaskQueue: 0x600001254af0>]
20:09:02.994 [ 213486] [utility-qos   ] [F] LL_A task-manager//task-queue/run-task on queue task = <WAMessagesByActiveSessionTask: 0x600001250b60 [orphaned-files]>, queue = <WATaskQueue: 0x600001254af0>
20:09:03.003 [ 213486] [NSManaged…fa80] [F] LL_A storage//save/success [KVStore-Tracking.sqlite in 0.00s with no changes]
20:09:03.005 [ 213486] [NSManaged…fa80] [F] LL_A storage//save/success [KVStore-Tracking.sqlite in 0.00s with changes]
20:09:03.005 [ 184665] [main-thread   ] [F] LL_A storage//save/background/done [ChatDB in 0.00s with no changes from 'NSManagedObjectContext 0x60000023fcf0']
20:09:03.006 [ 184665] [main-thread   ] [F] LL_A messages-by-session//by-session [id: orphaned-files; count: 40; has-more: 1]
20:09:03.006 [ 184665] [main-thread   ] [F] LL_A task-manager//task-queue/task-completion task = <WAMessagesByActiveSessionTask: 0x600001250b60 [orphaned-files]>, queue = <WATaskQueue: 0x600001254af0>, should-run-again = 1
20:09:03.007 [ 184665] [main-thread   ] [F] LL_A task-manager//task finished for task-manager = <WATaskManager: 0x600001724100> on queue=<WATaskQueue: 0x600001254af0>
20:09:03.007 [ 184665] [main-thread   ] [F] LL_A task-manager//task-manager/run-task task-manager = <WATaskManager: 0x600001724100>, quiet mode 0 _executingTask 0
20:09:03.556 [ 213490] [memory-us…ging] [F] LL_A app//memory: System [Used 5603MB, Free 86MB] Process [Footprint 173MB (-0MB), Available 0MB, Peak 186MB] [cpu/s: 0.028]
20:09:04.049 [ 184665] [main-thread   ] [F] LL_A task-manager//task-manager/run-task task-manager = <WATaskManager: 0x600001724100>, quiet mode 0 _executingTask 0
20:09:04.050 [ 184665] [main-thread   ] [F] LL_A task-manager//run-task-in-group task-manager = <WATaskManager: 0x600001724100>, queue=<WATaskQueue: 0x600001254af0>
20:09:04.050 [ 184665] [main-thread   ] [F] LL_A task-manager//task-queue/find-task to be executed task = <WAMessagesByActiveSessionTask: 0x60000124a5a0 [fix-streaming-items]>  queue=<WATaskQueue: 0x600001254af0>
20:09:04.052 [ 184665] [main-thread   ] [F] LL_A task-manager//task/start [<WATaskQueue: 0x600001254af0>]
20:09:04.052 [ 213489] [utility-qos   ] [F] LL_A task-manager//task-queue/run-task on queue task = <WAMessagesByActiveSessionTask: 0x60000124a5a0 [fix-streaming-items]>, queue = <WATaskQueue: 0x600001254af0>
20:09:04.058 [ 184665] [main-thread   ] [F] LL_A storage//save/background/done [ChatDB in 0.00s with no changes from 'NSManagedObjectContext 0x60000023fcf0']
20:09:04.058 [ 184665] [main-thread   ] [F] LL_A messages-by-session//by-session [id: fix-streaming-items; count: 0; has-more: 0]
20:09:04.058 [ 184665] [main-thread   ] [F] LL_A task-manager//task-queue/task-completion task = <WAMessagesByActiveSessionTask: 0x60000124a5a0 [fix-streaming-items]>, queue = <WATaskQueue: 0x600001254af0>, should-run-again = 1
20:09:04.059 [ 184665] [main-thread   ] [F] LL_A task-manager//task finished for task-manager = <WATaskManager: 0x600001724100> on queue=<WATaskQueue: 0x600001254af0>
20:09:04.059 [ 184665] [main-thread   ] [F] LL_A task-manager//task-manager/run-task task-manager = <WATaskManager: 0x600001724100>, quiet mode 0 _executingTask 0
20:09:05.108 [ 184665] [main-thread   ] [F] LL_A task-manager//task-manager/run-task task-manager = <WATaskManager: 0x600001724100>, quiet mode 0 _executingTask 0
20:09:05.108 [ 184665] [main-thread   ] [F] LL_A task-manager//run-task-in-group task-manager = <WATaskManager: 0x600001724100>, queue=<WATaskQueue: 0x600001254af0>
20:09:05.108 [ 184665] [main-thread   ] [F] LL_A task-manager//task-queue/find-task to be executed task = <WAMessagesByActiveSessionTask: 0x600001250b60 [orphaned-files]>  queue=<WATaskQueue: 0x600001254af0>
20:09:05.110 [ 184665] [main-thread   ] [F] LL_A task-manager//task/start [<WATaskQueue: 0x600001254af0>]
20:09:05.110 [ 213489] [utility-qos   ] [F] LL_A task-manager//task-queue/run-task on queue task = <WAMessagesByActiveSessionTask: 0x600001250b60 [orphaned-files]>, queue = <WATaskQueue: 0x600001254af0>
20:09:05.121 [ 213487] [NSManaged…fa80] [F] LL_A storage//save/success [KVStore-Tracking.sqlite in 0.00s with no changes]
20:09:05.123 [ 213487] [NSManaged…fa80] [F] LL_A storage//save/success [KVStore-Tracking.sqlite in 0.00s with changes]
20:09:05.123 [ 184665] [main-thread   ] [F] LL_A storage//save/background/done [ChatDB in 0.00s with no changes from 'NSManagedObjectContext 0x60000023fcf0']
20:09:05.123 [ 184665] [main-thread   ] [F] LL_A messages-by-session//by-session [id: orphaned-files; count: 40; has-more: 1]
20:09:05.123 [ 184665] [main-thread   ] [F] LL_A task-manager//task-queue/task-completion task = <WAMessagesByActiveSessionTask: 0x600001250b60 [orphaned-files]>, queue = <WATaskQueue: 0x600001254af0>, should-run-again = 1
20:09:05.124 [ 184665] [main-thread   ] [F] LL_A task-manager//task finished for task-manager = <WATaskManager: 0x600001724100> on queue=<WATaskQueue: 0x600001254af0>
20:09:05.124 [ 184665] [main-thread   ] [F] LL_A task-manager//task-manager/run-task task-manager = <WATaskManager: 0x600001724100>, quiet mode 0 _executingTask 0
20:09:06.127 [ 184665] [main-thread   ] [F] LL_A task-manager//task-manager/run-task task-manager = <WATaskManager: 0x600001724100>, quiet mode 0 _executingTask 0
20:09:06.127 [ 184665] [main-thread   ] [F] LL_A task-manager//run-task-in-group task-manager = <WATaskManager: 0x600001724100>, queue=<WATaskQueue: 0x600001254af0>
20:09:06.127 [ 184665] [main-thread   ] [F] LL_A task-manager//task-queue/find-task to be executed task = <WAMessagesByActiveSessionTask: 0x60000124a5a0 [fix-streaming-items]>  queue=<WATaskQueue: 0x600001254af0>
20:09:06.129 [ 184665] [main-thread   ] [F] LL_A task-manager//task/start [<WATaskQueue: 0x600001254af0>]
20:09:06.129 [ 212281] [utility-qos   ] [F] LL_A task-manager//task-queue/run-task on queue task = <WAMessagesByActiveSessionTask: 0x60000124a5a0 [fix-streaming-items]>, queue = <WATaskQueue: 0x600001254af0>
20:09:06.133 [ 184665] [main-thread   ] [F] LL_A storage//save/background/done [ChatDB in 0.00s with no changes from 'NSManagedObjectContext 0x60000023fcf0']
20:09:06.133 [ 184665] [main-thread   ] [F] LL_A messages-by-session//by-session [id: fix-streaming-items; count: 0; has-more: 0]
20:09:06.133 [ 184665] [main-thread   ] [F] LL_A task-manager//task-queue/task-completion task = <WAMessagesByActiveSessionTask: 0x60000124a5a0 [fix-streaming-items]>, queue = <WATaskQueue: 0x600001254af0>, should-run-again = 1
20:09:06.134 [ 184665] [main-thread   ] [F] LL_A task-manager//task finished for task-manager = <WATaskManager: 0x600001724100> on queue=<WATaskQueue: 0x600001254af0>
20:09:06.134 [ 184665] [main-thread   ] [F] LL_A task-manager//task-manager/run-task task-manager = <WATaskManager: 0x600001724100>, quiet mode 0 _executingTask 0
20:09:06.437 [ 184665] [main-thread   ] [F] LL_A task-manager//task-queue/schedule-task task=<WARepeatingBlockTask: 0x60000122ebc0 [com.whatsapp.bloks-cache.cleanup.task]> task-manager=<WATaskManager: 0x600001724100>, queue=<WATaskQueue: 0x600001254af0> existingTask=0, tasksArrayCount=2
20:09:06.556 [ 212281] [memory-us…ging] [F] LL_A app//memory: System [Used 5623MB, Free 53MB] Process [Footprint 173MB (+0MB), Available 0MB, Peak 186MB] [cpu/s: 0.028]
20:09:07.183 [ 184665] [main-thread   ] [F] LL_A task-manager//task-manager/run-task task-manager = <WATaskManager: 0x600001724100>, quiet mode 0 _executingTask 0
20:09:07.183 [ 184665] [main-thread   ] [F] LL_A task-manager//run-task-in-group task-manager = <WATaskManager: 0x600001724100>, queue=<WATaskQueue: 0x600001254af0>
20:09:07.183 [ 184665] [main-thread   ] [F] LL_A task-manager//task-queue/find-task to be executed task = <WAMessagesByActiveSessionTask: 0x600001250b60 [orphaned-files]>  queue=<WATaskQueue: 0x600001254af0>
20:09:07.185 [ 184665] [main-thread   ] [F] LL_A task-manager//task/start [<WATaskQueue: 0x600001254af0>]
20:09:07.185 [ 213490] [utility-qos   ] [F] LL_A task-manager//task-queue/run-task on queue task = <WAMessagesByActiveSessionTask: 0x600001250b60 [orphaned-files]>, queue = <WATaskQueue: 0x600001254af0>
20:09:07.195 [ 213489] [NSManaged…fcf0] [F] LL_W chatstorage-tasks//orphaned/warning/linking [1; Media/50341328486416@lid/9/7/97bb36b9-cd1a-4a8e-aa97-5441aea155c2.thumb -> Media/50341328486416@lid/4/b/4b81574b-4f24-4676-a26c-6b8d01fb2043.thumb; 2026-07-08 17:27:09 +0000]
20:09:07.196 [ 213489] [NSManaged…fa80] [F] LL_A storage//save/success [KVStore-Tracking.sqlite in 0.00s with no changes]
20:09:07.198 [ 213489] [NSManaged…fa80] [F] LL_A storage//save/success [KVStore-Tracking.sqlite in 0.00s with changes]
20:09:07.199 [ 184665] [main-thread   ] [F] LL_A storage//save/background/done [ChatDB in 0.00s with changes from 'NSManagedObjectContext 0x60000023fcf0']
20:09:07.200 [ 184665] [main-thread   ] [F] LL_A messages-by-session//by-session [id: orphaned-files; count: 40; has-more: 1]
20:09:07.200 [ 184665] [main-thread   ] [F] LL_A task-manager//task-queue/task-completion task = <WAMessagesByActiveSessionTask: 0x600001250b60 [orphaned-files]>, queue = <WATaskQueue: 0x600001254af0>, should-run-again = 1
20:09:07.201 [ 184665] [main-thread   ] [F] LL_A task-manager//task finished for task-manager = <WATaskManager: 0x600001724100> on queue=<WATaskQueue: 0x600001254af0>
20:09:07.201 [ 184665] [main-thread   ] [F] LL_A task-manager//task-manager/run-task task-manager = <WATaskManager: 0x600001724100>, quiet mode 0 _executingTask 0
20:09:08.250 [ 184665] [main-thread   ] [F] LL_A task-manager//task-manager/run-task task-manager = <WATaskManager: 0x600001724100>, quiet mode 0 _executingTask 0
20:09:08.250 [ 184665] [main-thread   ] [F] LL_A task-manager//run-task-in-group task-manager = <WATaskManager: 0x600001724100>, queue=<WATaskQueue: 0x600001254af0>
20:09:08.250 [ 184665] [main-thread   ] [F] LL_A task-manager//task-queue/find-task to be executed task = <WARepeatingBlockTask: 0x60000122ebc0 [com.whatsapp.bloks-cache.cleanup.task]>  queue=<WATaskQueue: 0x600001254af0>
20:09:08.252 [ 184665] [main-thread   ] [F] LL_A task-manager//task/start [<WATaskQueue: 0x600001254af0>]
20:09:08.252 [ 213487] [utility-qos   ] [F] LL_A task-manager//task-queue/run-task on queue task = <WARepeatingBlockTask: 0x60000122ebc0 [com.whatsapp.bloks-cache.cleanup.task]>, queue = <WATaskQueue: 0x600001254af0>
20:09:08.260 [ 213487] [NSManaged…a970] [F] LL_A storage//save/success [KVStore-LocalKeyValue.sqlite in 0.00s with changes]
20:09:08.260 [ 213487] [repeating-task] [F] LL_A task-manager//task-queue/task-completion task = <WARepeatingBlockTask: 0x60000122ebc0 [com.whatsapp.bloks-cache.cleanup.task]>, queue = <WATaskQueue: 0x600001254af0>, should-run-again = 0
20:09:08.261 [ 184665] [main-thread   ] [F] LL_A task-manager//task finished for task-manager = <WATaskManager: 0x600001724100> on queue=<WATaskQueue: 0x600001254af0>
20:09:08.261 [ 184665] [main-thread   ] [F] LL_A task-manager//task-manager/run-task task-manager = <WATaskManager: 0x600001724100>, quiet mode 0 _executingTask 0
20:09:09.121 [ 213488] [normal        ] [F] LL_E [WAMSYS] WCCConnectionLifecycleTokenCreate [Line 293] [LogLevel:I] connection/lifecycle_manager/token/acquire [id = 7, requestor = 2, reason = 1, acquire time = 811775349, wcc_source = 2, wcc_reason = 10, token_count = 2]
20:09:09.303 [ 184665] [main-thread   ] [F] LL_A task-manager//task-manager/run-task task-manager = <WATaskManager: 0x600001724100>, quiet mode 0 _executingTask 0
20:09:09.304 [ 184665] [main-thread   ] [F] LL_A task-manager//run-task-in-group task-manager = <WATaskManager: 0x600001724100>, queue=<WATaskQueue: 0x600001254af0>
20:09:09.304 [ 184665] [main-thread   ] [F] LL_A task-manager//task-queue/find-task to be executed task = <WAMessagesByActiveSessionTask: 0x60000124a5a0 [fix-streaming-items]>  queue=<WATaskQueue: 0x600001254af0>
20:09:09.306 [ 184665] [main-thread   ] [F] LL_A task-manager//task/start [<WATaskQueue: 0x600001254af0>]
20:09:09.306 [ 212281] [utility-qos   ] [F] LL_A task-manager//task-queue/run-task on queue task = <WAMessagesByActiveSessionTask: 0x60000124a5a0 [fix-streaming-items]>, queue = <WATaskQueue: 0x600001254af0>
20:09:09.321 [ 184665] [main-thread   ] [F] LL_A storage//save/background/done [ChatDB in 0.00s with no changes from 'NSManagedObjectContext 0x60000023fcf0']
20:09:09.321 [ 184665] [main-thread   ] [F] LL_A messages-by-session//by-session [id: fix-streaming-items; count: 0; has-more: 0]
20:09:09.322 [ 184665] [main-thread   ] [F] LL_A task-manager//task-queue/task-completion task = <WAMessagesByActiveSessionTask: 0x60000124a5a0 [fix-streaming-items]>, queue = <WATaskQueue: 0x600001254af0>, should-run-again = 1
20:09:09.322 [ 184665] [main-thread   ] [F] LL_A task-manager//task finished for task-manager = <WATaskManager: 0x600001724100> on queue=<WATaskQueue: 0x600001254af0>
20:09:09.322 [ 184665] [main-thread   ] [F] LL_A task-manager//task-manager/run-task task-manager = <WATaskManager: 0x600001724100>, quiet mode 0 _executingTask 0
20:09:09.326 [ 213487] [normal        ] [F] LL_A xmpp//client-to-server-ping/server-time-shift: 0.224 sec
20:09:09.556 [ 213487] [memory-us…ging] [F] LL_A app//memory: System [Used 5594MB, Free 80MB] Process [Footprint 173MB (+0MB), Available 0MB, Peak 186MB] [cpu/s: 0.032]
20:09:10.366 [ 184665] [main-thread   ] [F] LL_A task-manager//task-manager/run-task task-manager = <WATaskManager: 0x600001724100>, quiet mode 0 _executingTask 0
20:09:10.366 [ 184665] [main-thread   ] [F] LL_A task-manager//run-task-in-group task-manager = <WATaskManager: 0x600001724100>, queue=<WATaskQueue: 0x600001254af0>
20:09:10.366 [ 184665] [main-thread   ] [F] LL_A task-manager//task-queue/find-task to be executed task = <WAMessagesByActiveSessionTask: 0x600001250b60 [orphaned-files]>  queue=<WATaskQueue: 0x600001254af0>
20:09:10.368 [ 184665] [main-thread   ] [F] LL_A task-manager//task/start [<WATaskQueue: 0x600001254af0>]
20:09:10.368 [ 213488] [utility-qos   ] [F] LL_A task-manager//task-queue/run-task on queue task = <WAMessagesByActiveSessionTask: 0x600001250b60 [orphaned-files]>, queue = <WATaskQueue: 0x600001254af0>
20:09:10.380 [ 213488] [NSManaged…fa80] [F] LL_A storage//save/success [KVStore-Tracking.sqlite in 0.00s with no changes]
20:09:10.382 [ 213488] [NSManaged…fa80] [F] LL_A storage//save/success [KVStore-Tracking.sqlite in 0.00s with changes]
20:09:10.382 [ 184665] [main-thread   ] [F] LL_A storage//save/background/done [ChatDB in 0.00s with no changes from 'NSManagedObjectContext 0x60000023fcf0']
20:09:10.382 [ 184665] [main-thread   ] [F] LL_A messages-by-session//by-session [id: orphaned-files; count: 40; has-more: 1]
20:09:10.382 [ 184665] [main-thread   ] [F] LL_A task-manager//task-queue/task-completion task = <WAMessagesByActiveSessionTask: 0x600001250b60 [orphaned-files]>, queue = <WATaskQueue: 0x600001254af0>, should-run-again = 1
20:09:10.383 [ 184665] [main-thread   ] [F] LL_A task-manager//task finished for task-manager = <WATaskManager: 0x600001724100> on queue=<WATaskQueue: 0x600001254af0>
20:09:10.383 [ 184665] [main-thread   ] [F] LL_A task-manager//task-manager/run-task task-manager = <WATaskManager: 0x600001724100>, quiet mode 0 _executingTask 0
20:09:11.433 [ 184665] [main-thread   ] [F] LL_A task-manager//task-manager/run-task task-manager = <WATaskManager: 0x600001724100>, quiet mode 0 _executingTask 0
20:09:11.433 [ 184665] [main-thread   ] [F] LL_A task-manager//run-task-in-group task-manager = <WATaskManager: 0x600001724100>, queue=<WATaskQueue: 0x600001254af0>
20:09:11.433 [ 184665] [main-thread   ] [F] LL_A task-manager//task-queue/find-task to be executed task = <WAMessagesByActiveSessionTask: 0x60000124a5a0 [fix-streaming-items]>  queue=<WATaskQueue: 0x600001254af0>
20:09:11.435 [ 184665] [main-thread   ] [F] LL_A task-manager//task/start [<WATaskQueue: 0x600001254af0>]
20:09:11.435 [ 213490] [utility-qos   ] [F] LL_A task-manager//task-queue/run-task on queue task = <WAMessagesByActiveSessionTask: 0x60000124a5a0 [fix-streaming-items]>, queue = <WATaskQueue: 0x600001254af0>
20:09:11.439 [ 184665] [main-thread   ] [F] LL_A storage//save/background/done [ChatDB in 0.00s with no changes from 'NSManagedObjectContext 0x60000023fcf0']
20:09:11.440 [ 184665] [main-thread   ] [F] LL_A messages-by-session//by-session [id: fix-streaming-items; count: 0; has-more: 0]
20:09:11.440 [ 184665] [main-thread   ] [F] LL_A task-manager//task-queue/task-completion task = <WAMessagesByActiveSessionTask: 0x60000124a5a0 [fix-streaming-items]>, queue = <WATaskQueue: 0x600001254af0>, should-run-again = 1
20:09:11.441 [ 184665] [main-thread   ] [F] LL_A task-manager//task finished for task-manager = <WATaskManager: 0x600001724100> on queue=<WATaskQueue: 0x600001254af0>
20:09:11.441 [ 184665] [main-thread   ] [F] LL_A task-manager//task-manager/run-task task-manager = <WATaskManager: 0x600001724100>, quiet mode 0 _executingTask 0
20:09:12.133 [ 213490] [addressbook   ] [F] LL_A syncmanager//usync/scheduled-full/check c:[(null)] d:[2026-09-22 15:14:14 +0000] dm:[2026-09-22 15:14:14 +0000] sl:[(null)] b:[2026-09-22 15:14:14 +0000] s:[2026-09-22 15:14:14 +0000]
20:09:12.133 [ 213490] [addressbook   ] [F] LL_A syncmanager//usync/scheduled-full/run/background
20:09:12.135 [ 213490] [addressbook   ] [F] LL_A syncmanager//usync/unisync/begin
20:09:12.135 [ 213490] [addressbook   ] [F] LL_A syncmanager//usync/prepare-list/Full items=[0] deleted=[0]
20:09:12.145 [ 213490] [addressbook   ] [F] LL_A syncmanager//usync/prepare-sidelist/Full items=[62]
20:09:12.146 [ 213490] [addressbook   ] [F] LL_A syncmanager//usync/contacts/backoff is nil or before now:[nil]
20:09:12.146 [ 213490] [addressbook   ] [F] LL_A syncmanager//usync/contacts/nextScheduledFullSyncDate is:[(null)]
20:09:12.146 [ 213490] [addressbook   ] [F] LL_A syncmanager//usync/contacts/isCompanionDevice
20:09:12.146 [ 213490] [addressbook   ] [F] LL_A syncmanager//usync/contacts/isContactSyncEnabled:[NO]
20:09:12.146 [ 213490] [addressbook   ] [F] LL_A syncmanager//usync/unisync/nc/allowMutation: 1, mode: 3, orion_usync_allow_mutation_attribute:1 
20:09:12.156 [ 213490] [addressbook   ] [F] LL_A syncmanager//usync/unisync/start/Background/Full list=[0] sidelist=[62]
20:09:12.156 [ 213490] [addressbook   ] [F] LL_A sync-session//usync/request/start/ cl:n dl:n dm:n pl:n sl:n st:n bz:n lid:n un=[n] ts:n cl=[0] sl=[0]
20:09:12.156 [ 213488] [normal        ] [F] LL_E sync-session//usync/request/all protocols off
20:09:12.156 [ 184665] [main-thread   ] [F] LL_A syncmanager//usync/unisync/finished time=[0.000]
20:09:12.157 [ 213490] [addressbook   ] [F] LL_A syncmanager//usync/usync/skipped/already in progress
20:09:12.159 [ 184665] [main-thread   ] [F] LL_A chat-mgr//syncmanager/usync/delegate/sync-finished result=[Success] reason=[None] deleletedContacts=[0]
20:09:12.159 [ 213490] [addressbook   ] [F] LL_A chat-mgr//refresh-chats/started
20:09:12.159 [ 213490] [addressbook   ] [F] LL_A chat-mgr//refresh-chats/finished time=[0.000]
20:09:12.165 [ 213490] [NSManaged…fcf0] [F] LL_W chatsession/missing-contact-identifier
20:09:12.191 [ 184665] [main-thread   ] [F] LL_A storage//save/background/done [ChatDB in 0.00s with no changes from 'NSManagedObjectContext 0x60000023fcf0']
20:09:12.191 [ 184665] [main-thread   ] [F] LL_A chat-mgr//refresh-chats/merged-changes
20:09:12.491 [ 184665] [main-thread   ] [F] LL_A task-manager//task-manager/run-task task-manager = <WATaskManager: 0x600001724100>, quiet mode 0 _executingTask 0
20:09:12.491 [ 184665] [main-thread   ] [F] LL_A task-manager//run-task-in-group task-manager = <WATaskManager: 0x600001724100>, queue=<WATaskQueue: 0x600001254af0>
20:09:12.491 [ 184665] [main-thread   ] [F] LL_A task-manager//task-queue/find-task to be executed task = <WAMessagesByActiveSessionTask: 0x600001250b60 [orphaned-files]>  queue=<WATaskQueue: 0x600001254af0>
20:09:12.492 [ 184665] [main-thread   ] [F] LL_A task-manager//task/start [<WATaskQueue: 0x600001254af0>]
20:09:12.492 [ 213490] [utility-qos   ] [F] LL_A task-manager//task-queue/run-task on queue task = <WAMessagesByActiveSessionTask: 0x600001250b60 [orphaned-files]>, queue = <WATaskQueue: 0x600001254af0>
20:09:12.504 [ 213490] [NSManaged…fcf0] [F] LL_W chatstorage-tasks//orphaned/warning/linking [1; Media/50341328486416@lid/b/a/baf3d672-aa15-4f9c-9aed-13bd5948a6e2.thumb -> Media/50341328486416@lid/5/3/53604f3b-3245-474a-b054-70594b45e54a.thumb; 2026-08-19 11:19:44 +0000]
20:09:12.505 [ 213490] [NSManaged…fcf0] [F] LL_W chatstorage-tasks//orphaned/warning/linking [1; Media/50341328486416@lid/0/7/07738899-d4db-47df-aa9e-c1980d3b3a64.thumb -> Media/50341328486416@lid/7/e/7ec7deb6-d1ed-4383-b53a-b292e7a49742.thumb; 2026-08-19 11:19:45 +0000]
20:09:12.506 [ 213490] [NSManaged…fcf0] [F] LL_W chatstorage-tasks//orphaned/warning/linking [1; Media/50341328486416@lid/0/1/01f7a0e7-ec3f-443b-8a09-c426c164cf3b.thumb -> Media/50341328486416@lid/a/1/a1a29124-8b14-4633-b28a-51a5b0971053.thumb; 2026-08-19 11:19:45 +0000]
20:09:12.507 [ 213490] [NSManaged…fcf0] [F] LL_W chatstorage-tasks//orphaned/warning/linking [1; Media/50341328486416@lid/4/c/4ca06f99-7898-4004-a2b0-db63accb72a2.webp -> Media/50341328486416@lid/a/b/ab5389ca-65ef-4b5c-a201-daacd2a6c804.webp; 2026-08-22 01:55:28 +0000]
20:09:12.508 [ 213490] [NSManaged…fcf0] [F] LL_W chatstorage-tasks//orphaned/warning/linking [1; Media/50341328486416@lid/4/b/4b4028e0-fd61-4a65-bda0-a5b3ed48f949.thumb -> Media/50341328486416@lid/8/f/8fc49c41-53f1-4a3c-a164-776866ded07e.thumb; 2026-08-23 11:45:56 +0000]
20:09:12.509 [ 213490] [NSManaged…fcf0] [F] LL_W chatstorage-tasks//orphaned/warning/linking [1; Media/50341328486416@lid/4/b/4b4028e0-fd61-4a65-bda0-a5b3ed48f949.jpg -> Media/50341328486416@lid/8/f/8fc49c41-53f1-4a3c-a164-776866ded07e.jpg; 2026-08-23 11:45:56 +0000]
20:09:12.510 [ 213490] [NSManaged…fa80] [F] LL_A storage//save/success [KVStore-Tracking.sqlite in 0.00s with no changes]
20:09:12.511 [ 213490] [NSManaged…fa80] [F] LL_A storage//save/success [KVStore-Tracking.sqlite in 0.00s with changes]
20:09:12.513 [ 184665] [main-thread   ] [F] LL_A storage//save/background/done [ChatDB in 0.00s with changes from 'NSManagedObjectContext 0x60000023fcf0']
20:09:12.513 [ 184665] [main-thread   ] [F] LL_A messages-by-session//by-session [id: orphaned-files; count: 40; has-more: 1]
20:09:12.513 [ 184665] [main-thread   ] [F] LL_A task-manager//task-queue/task-completion task = <WAMessagesByActiveSessionTask: 0x600001250b60 [orphaned-files]>, queue = <WATaskQueue: 0x600001254af0>, should-run-again = 1
20:09:12.514 [ 184665] [main-thread   ] [F] LL_A task-manager//task finished for task-manager = <WATaskManager: 0x600001724100> on queue=<WATaskQueue: 0x600001254af0>
20:09:12.514 [ 184665] [main-thread   ] [F] LL_A task-manager//task-manager/run-task task-manager = <WATaskManager: 0x600001724100>, quiet mode 0 _executingTask 0
20:09:12.555 [ 213490] [memory-us…ging] [F] LL_A app//memory: System [Used 5623MB, Free 55MB] Process [Footprint 173MB (-0MB), Available 0MB, Peak 186MB] [cpu/s: 0.051]
20:09:13.556 [ 184665] [main-thread   ] [F] LL_A task-manager//task-manager/run-task task-manager = <WATaskManager: 0x600001724100>, quiet mode 0 _executingTask 0
20:09:13.556 [ 184665] [main-thread   ] [F] LL_A task-manager//run-task-in-group task-manager = <WATaskManager: 0x600001724100>, queue=<WATaskQueue: 0x600001254af0>
20:09:13.556 [ 184665] [main-thread   ] [F] LL_A task-manager//task-queue/find-task to be executed task = <WAMessagesByActiveSessionTask: 0x60000124a5a0 [fix-streaming-items]>  queue=<WATaskQueue: 0x600001254af0>
20:09:13.558 [ 184665] [main-thread   ] [F] LL_A task-manager//task/start [<WATaskQueue: 0x600001254af0>]
20:09:13.558 [ 212281] [utility-qos   ] [F] LL_A task-manager//task-queue/run-task on queue task = <WAMessagesByActiveSessionTask: 0x60000124a5a0 [fix-streaming-items]>, queue = <WATaskQueue: 0x600001254af0>
20:09:13.566 [ 184665] [main-thread   ] [F] LL_A storage//save/background/done [ChatDB in 0.00s with no changes from 'NSManagedObjectContext 0x60000023fcf0']
20:09:13.567 [ 184665] [main-thread   ] [F] LL_A messages-by-session//by-session [id: fix-streaming-items; count: 0; has-more: 0]
20:09:13.567 [ 184665] [main-thread   ] [F] LL_A task-manager//task-queue/task-completion task = <WAMessagesByActiveSessionTask: 0x60000124a5a0 [fix-streaming-items]>, queue = <WATaskQueue: 0x600001254af0>, should-run-again = 1
20:09:13.567 [ 184665] [main-thread   ] [F] LL_A task-manager//task finished for task-manager = <WATaskManager: 0x600001724100> on queue=<WATaskQueue: 0x600001254af0>
20:09:13.568 [ 184665] [main-thread   ] [F] LL_A task-manager//task-manager/run-task task-manager = <WATaskManager: 0x600001724100>, quiet mode 0 _executingTask 0
20:09:14.616 [ 184665] [main-thread   ] [F] LL_A task-manager//task-manager/run-task task-manager = <WATaskManager: 0x600001724100>, quiet mode 0 _executingTask 0
20:09:14.617 [ 184665] [main-thread   ] [F] LL_A task-manager//run-task-in-group task-manager = <WATaskManager: 0x600001724100>, queue=<WATaskQueue: 0x600001254af0>
20:09:14.617 [ 184665] [main-thread   ] [F] LL_A task-manager//task-queue/find-task to be executed task = <WAMessagesByActiveSessionTask: 0x600001250b60 [orphaned-files]>  queue=<WATaskQueue: 0x600001254af0>
20:09:14.619 [ 184665] [main-thread   ] [F] LL_A task-manager//task/start [<WATaskQueue: 0x600001254af0>]
20:09:14.619 [ 212281] [utility-qos   ] [F] LL_A task-manager//task-queue/run-task on queue task = <WAMessagesByActiveSessionTask: 0x600001250b60 [orphaned-files]>, queue = <WATaskQueue: 0x600001254af0>
20:09:14.632 [ 213490] [NSManaged…fcf0] [F] LL_W chatstorage-tasks//orphaned/warning/linking [1; Media/50341328486416@lid/6/7/675167d1-9e2f-4d73-a900-ad5d18f0a4a6.thumb -> Media/50341328486416@lid/c/5/c5149270-da04-4edb-beeb-fed663571ba0.thumb; 2026-08-26 10:05:22 +0000]
20:09:14.633 [ 213490] [NSManaged…fcf0] [F] LL_W chatstorage-tasks//orphaned/warning/linking [1; Media/50341328486416@lid/6/7/675167d1-9e2f-4d73-a900-ad5d18f0a4a6.jpg -> Media/50341328486416@lid/c/5/c5149270-da04-4edb-beeb-fed663571ba0.jpg; 2026-08-26 10:05:22 +0000]
20:09:14.634 [ 213490] [NSManaged…fcf0] [F] LL_W chatstorage-tasks//orphaned/warning/linking [1; Media/50341328486416@lid/b/3/b33411fb-9c34-42ac-a6f4-7080c5d99fa4.thumb -> Media/50341328486416@lid/c/f/cfde10d6-a8b6-4472-8ca7-bb3fb24b90fb.thumb; 2026-08-26 10:46:10 +0000]
20:09:14.635 [ 213490] [NSManaged…fcf0] [F] LL_W chatstorage-tasks//orphaned/warning/linking [1; Media/50341328486416@lid/c/f/cfb246ce-e79c-4a82-b29f-72e62de2a33e.thumb -> Media/50341328486416@lid/d/3/d3fe497a-2ffd-4a6c-95e8-5ec20268cc94.thumb; 2026-08-26 10:53:43 +0000]
20:09:14.636 [ 213490] [NSManaged…fcf0] [F] LL_W chatstorage-tasks//orphaned/warning/linking [1; Media/50341328486416@lid/c/f/cfb246ce-e79c-4a82-b29f-72e62de2a33e.jpg -> Media/50341328486416@lid/d/3/d3fe497a-2ffd-4a6c-95e8-5ec20268cc94.jpg; 2026-08-26 10:53:43 +0000]
20:09:14.637 [ 213490] [NSManaged…fcf0] [F] LL_W chatstorage-tasks//orphaned/warning/linking [1; Media/50341328486416@lid/9/1/91c72f56-db7c-48b1-a9fd-81e756c580d4.thumb -> Media/50341328486416@lid/1/6/165b1623-63e8-4da3-80b0-529397c0bfa5.thumb; 2026-08-26 10:53:43 +0000]
20:09:14.638 [ 213490] [NSManaged…fcf0] [F] LL_W chatstorage-tasks//orphaned/warning/linking [1; Media/50341328486416@lid/9/1/91c72f56-db7c-48b1-a9fd-81e756c580d4.jpg -> Media/50341328486416@lid/1/6/165b1623-63e8-4da3-80b0-529397c0bfa5.jpg; 2026-08-26 10:53:43 +0000]
20:09:14.638 [ 213490] [NSManaged…fcf0] [F] LL_W chatstorage-tasks//orphaned/warning/linking [1; Media/50341328486416@lid/d/c/dc51a6d9-4bfe-4a93-ad41-aed2dfde668e.thumb -> Media/50341328486416@lid/d/7/d7c456cb-fb8e-4de3-a87b-f1b5127f5b7b.thumb; 2026-08-26 11:27:18 +0000]
20:09:14.639 [ 213490] [NSManaged…fcf0] [F] LL_W chatstorage-tasks//orphaned/warning/linking [1; Media/50341328486416@lid/d/c/dc51a6d9-4bfe-4a93-ad41-aed2dfde668e.jpg -> Media/50341328486416@lid/d/7/d7c456cb-fb8e-4de3-a87b-f1b5127f5b7b.jpg; 2026-08-26 11:27:18 +0000]
20:09:14.641 [ 213490] [NSManaged…fcf0] [F] LL_W chatstorage-tasks//orphaned/warning/linking [1; Media/50341328486416@lid/7/b/7b8069ba-6cf1-468a-914b-48b2bb82e30d.thumb -> Media/50341328486416@lid/2/7/279ff1be-bcce-4dd7-93af-e7c64ff9ecda.thumb; 2026-08-26 11:27:18 +0000]
20:09:14.642 [ 213490] [NSManaged…fcf0] [F] LL_W chatstorage-tasks//orphaned/warning/linking [1; Media/50341328486416@lid/7/b/7b8069ba-6cf1-468a-914b-48b2bb82e30d.jpg -> Media/50341328486416@lid/2/7/279ff1be-bcce-4dd7-93af-e7c64ff9ecda.jpg; 2026-08-26 11:27:18 +0000]
20:09:14.642 [ 213490] [NSManaged…fa80] [F] LL_A storage//save/success [KVStore-Tracking.sqlite in 0.00s with no changes]
20:09:14.643 [ 213490] [NSManaged…fa80] [F] LL_A storage//save/success [KVStore-Tracking.sqlite in 0.00s with changes]
20:09:14.645 [ 184665] [main-thread   ] [F] LL_A storage//save/background/done [ChatDB in 0.00s with changes from 'NSManagedObjectContext 0x60000023fcf0']
20:09:14.645 [ 184665] [main-thread   ] [F] LL_A messages-by-session//by-session [id: orphaned-files; count: 40; has-more: 1]
20:09:14.645 [ 184665] [main-thread   ] [F] LL_A task-manager//task-queue/task-completion task = <WAMessagesByActiveSessionTask: 0x600001250b60 [orphaned-files]>, queue = <WATaskQueue: 0x600001254af0>, should-run-again = 1
20:09:14.646 [ 184665] [main-thread   ] [F] LL_A task-manager//task finished for task-manager = <WATaskManager: 0x600001724100> on queue=<WATaskQueue: 0x600001254af0>
20:09:14.646 [ 184665] [main-thread   ] [F] LL_A task-manager//task-manager/run-task task-manager = <WATaskManager: 0x600001724100>, quiet mode 0 _executingTask 0
20:09:15.556 [ 213487] [memory-us…ging] [F] LL_A app//memory: System [Used 5658MB, Free 42MB] Process [Footprint 173MB (+0MB), Available 0MB, Peak 186MB] [cpu/s: 0.026]
20:09:15.691 [ 184665] [main-thread   ] [F] LL_A task-manager//task-manager/run-task task-manager = <WATaskManager: 0x600001724100>, quiet mode 0 _executingTask 0
20:09:15.691 [ 184665] [main-thread   ] [F] LL_A task-manager//run-task-in-group task-manager = <WATaskManager: 0x600001724100>, queue=<WATaskQueue: 0x600001254af0>
20:09:15.691 [ 184665] [main-thread   ] [F] LL_A task-manager//task-queue/find-task to be executed task = <WAMessagesByActiveSessionTask: 0x60000124a5a0 [fix-streaming-items]>  queue=<WATaskQueue: 0x600001254af0>
20:09:15.693 [ 184665] [main-thread   ] [F] LL_A task-manager//task/start [<WATaskQueue: 0x600001254af0>]
20:09:15.693 [ 212281] [utility-qos   ] [F] LL_A task-manager//task-queue/run-task on queue task = <WAMessagesByActiveSessionTask: 0x60000124a5a0 [fix-streaming-items]>, queue = <WATaskQueue: 0x600001254af0>
20:09:15.699 [ 184665] [main-thread   ] [F] LL_A storage//save/background/done [ChatDB in 0.00s with no changes from 'NSManagedObjectContext 0x60000023fcf0']
20:09:15.699 [ 184665] [main-thread   ] [F] LL_A messages-by-session//by-session [id: fix-streaming-items; count: 0; has-more: 0]
20:09:15.699 [ 184665] [main-thread   ] [F] LL_A task-manager//task-queue/task-completion task = <WAMessagesByActiveSessionTask: 0x60000124a5a0 [fix-streaming-items]>, queue = <WATaskQueue: 0x600001254af0>, should-run-again = 1
20:09:15.700 [ 184665] [main-thread   ] [F] LL_A task-manager//task finished for task-manager = <WATaskManager: 0x600001724100> on queue=<WATaskQueue: 0x600001254af0>
20:09:15.700 [ 184665] [main-thread   ] [F] LL_A task-manager//task-manager/run-task task-manager = <WATaskManager: 0x600001724100>, quiet mode 0 _executingTask 0
20:09:16.750 [ 184665] [main-thread   ] [F] LL_A task-manager//task-manager/run-task task-manager = <WATaskManager: 0x600001724100>, quiet mode 0 _executingTask 0
20:09:16.750 [ 184665] [main-thread   ] [F] LL_A task-manager//run-task-in-group task-manager = <WATaskManager: 0x600001724100>, queue=<WATaskQueue: 0x600001254af0>
20:09:16.750 [ 184665] [main-thread   ] [F] LL_A task-manager//task-queue/find-task to be executed task = <WAMessagesByActiveSessionTask: 0x600001250b60 [orphaned-files]>  queue=<WATaskQueue: 0x600001254af0>
20:09:16.752 [ 184665] [main-thread   ] [F] LL_A task-manager//task/start [<WATaskQueue: 0x600001254af0>]
20:09:16.752 [ 213487] [utility-qos   ] [F] LL_A task-manager//task-queue/run-task on queue task = <WAMessagesByActiveSessionTask: 0x600001250b60 [orphaned-files]>, queue = <WATaskQueue: 0x600001254af0>
20:09:16.761 [ 213487] [NSManaged…fa80] [F] LL_A storage//save/success [KVStore-Tracking.sqlite in 0.00s with no changes]
20:09:16.762 [ 213487] [NSManaged…fa80] [F] LL_A storage//save/success [KVStore-Tracking.sqlite in 0.00s with changes]
20:09:16.763 [ 184665] [main-thread   ] [F] LL_A storage//save/background/done [ChatDB in 0.00s with no changes from 'NSManagedObjectContext 0x60000023fcf0']
20:09:16.763 [ 184665] [main-thread   ] [F] LL_A messages-by-session//by-session [id: orphaned-files; count: 40; has-more: 1]
20:09:16.763 [ 184665] [main-thread   ] [F] LL_A task-manager//task-queue/task-completion task = <WAMessagesByActiveSessionTask: 0x600001250b60 [orphaned-files]>, queue = <WATaskQueue: 0x600001254af0>, should-run-again = 1
20:09:16.763 [ 184665] [main-thread   ] [F] LL_A task-manager//task finished for task-manager = <WATaskManager: 0x600001724100> on queue=<WATaskQueue: 0x600001254af0>
20:09:16.763 [ 184665] [main-thread   ] [F] LL_A task-manager//task-manager/run-task task-manager = <WATaskManager: 0x600001724100>, quiet mode 0 _executingTask 0
20:09:17.809 [ 184665] [main-thread   ] [F] LL_A task-manager//task-manager/run-task task-manager = <WATaskManager: 0x600001724100>, quiet mode 0 _executingTask 0
20:09:17.809 [ 184665] [main-thread   ] [F] LL_A task-manager//run-task-in-group task-manager = <WATaskManager: 0x600001724100>, queue=<WATaskQueue: 0x600001254af0>
20:09:17.809 [ 184665] [main-thread   ] [F] LL_A task-manager//task-queue/find-task to be executed task = <WAMessagesByActiveSessionTask: 0x60000124a5a0 [fix-streaming-items]>  queue=<WATaskQueue: 0x600001254af0>
20:09:17.811 [ 184665] [main-thread   ] [F] LL_A task-manager//task/start [<WATaskQueue: 0x600001254af0>]
20:09:17.811 [ 212281] [utility-qos   ] [F] LL_A task-manager//task-queue/run-task on queue task = <WAMessagesByActiveSessionTask: 0x60000124a5a0 [fix-streaming-items]>, queue = <WATaskQueue: 0x600001254af0>
20:09:17.825 [ 184665] [main-thread   ] [F] LL_A storage//save/background/done [ChatDB in 0.00s with no changes from 'NSManagedObjectContext 0x60000023fcf0']
20:09:17.826 [ 184665] [main-thread   ] [F] LL_A messages-by-session//by-session [id: fix-streaming-items; count: 0; has-more: 0]
20:09:17.826 [ 184665] [main-thread   ] [F] LL_A task-manager//task-queue/task-completion task = <WAMessagesByActiveSessionTask: 0x60000124a5a0 [fix-streaming-items]>, queue = <WATaskQueue: 0x600001254af0>, should-run-again = 1
20:09:17.826 [ 184665] [main-thread   ] [F] LL_A task-manager//task finished for task-manager = <WATaskManager: 0x600001724100> on queue=<WATaskQueue: 0x600001254af0>
20:09:17.826 [ 184665] [main-thread   ] [F] LL_A task-manager//task-manager/run-task task-manager = <WATaskManager: 0x600001724100>, quiet mode 0 _executingTask 0
20:09:18.556 [ 212281] [memory-us…ging] [F] LL_A app//memory: System [Used 5650MB, Free 49MB] Process [Footprint 173MB (+0MB), Available 0MB, Peak 186MB] [cpu/s: 0.025]
20:09:18.867 [ 184665] [main-thread   ] [F] LL_A task-manager//task-manager/run-task task-manager = <WATaskManager: 0x600001724100>, quiet mode 0 _executingTask 0
20:09:18.867 [ 184665] [main-thread   ] [F] LL_A task-manager//run-task-in-group task-manager = <WATaskManager: 0x600001724100>, queue=<WATaskQueue: 0x600001254af0>
20:09:18.867 [ 184665] [main-thread   ] [F] LL_A task-manager//task-queue/find-task to be executed task = <WAMessagesByActiveSessionTask: 0x600001250b60 [orphaned-files]>  queue=<WATaskQueue: 0x600001254af0>
20:09:18.869 [ 184665] [main-thread   ] [F] LL_A task-manager//task/start [<WATaskQueue: 0x600001254af0>]
20:09:18.869 [ 213487] [utility-qos   ] [F] LL_A task-manager//task-queue/run-task on queue task = <WAMessagesByActiveSessionTask: 0x600001250b60 [orphaned-files]>, queue = <WATaskQueue: 0x600001254af0>
20:09:18.877 [ 213487] [NSManaged…fa80] [F] LL_A storage//save/success [KVStore-Tracking.sqlite in 0.00s with no changes]
20:09:18.878 [ 213487] [NSManaged…fa80] [F] LL_A storage//save/success [KVStore-Tracking.sqlite in 0.00s with changes]
20:09:18.878 [ 184665] [main-thread   ] [F] LL_A storage//save/background/done [ChatDB in 0.00s with no changes from 'NSManagedObjectContext 0x60000023fcf0']
20:09:18.878 [ 184665] [main-thread   ] [F] LL_A messages-by-session//by-session [id: orphaned-files; count: 40; has-more: 1]
20:09:18.878 [ 184665] [main-thread   ] [F] LL_A task-manager//task-queue/task-completion task = <WAMessagesByActiveSessionTask: 0x600001250b60 [orphaned-files]>, queue = <WATaskQueue: 0x600001254af0>, should-run-again = 1
20:09:18.878 [ 184665] [main-thread   ] [F] LL_A task-manager//task finished for task-manager = <WATaskManager: 0x600001724100> on queue=<WATaskQueue: 0x600001254af0>
20:09:18.878 [ 184665] [main-thread   ] [F] LL_A task-manager//task-manager/run-task task-manager = <WATaskManager: 0x600001724100>, quiet mode 0 _executingTask 0
20:09:19.926 [ 184665] [main-thread   ] [F] LL_A task-manager//task-manager/run-task task-manager = <WATaskManager: 0x600001724100>, quiet mode 0 _executingTask 0
20:09:19.926 [ 184665] [main-thread   ] [F] LL_A task-manager//run-task-in-group task-manager = <WATaskManager: 0x600001724100>, queue=<WATaskQueue: 0x600001254af0>
20:09:19.926 [ 184665] [main-thread   ] [F] LL_A task-manager//task-queue/find-task to be executed task = <WAMessagesByActiveSessionTask: 0x60000124a5a0 [fix-streaming-items]>  queue=<WATaskQueue: 0x600001254af0>
20:09:19.928 [ 184665] [main-thread   ] [F] LL_A task-manager//task/start [<WATaskQueue: 0x600001254af0>]
20:09:19.928 [ 213487] [utility-qos   ] [F] LL_A task-manager//task-queue/run-task on queue task = <WAMessagesByActiveSessionTask: 0x60000124a5a0 [fix-streaming-items]>, queue = <WATaskQueue: 0x600001254af0>
20:09:19.932 [ 184665] [main-thread   ] [F] LL_A storage//save/background/done [ChatDB in 0.00s with no changes from 'NSManagedObjectContext 0x60000023fcf0']
20:09:19.932 [ 184665] [main-thread   ] [F] LL_A messages-by-session//by-session [id: fix-streaming-items; count: 0; has-more: 0]
20:09:19.932 [ 184665] [main-thread   ] [F] LL_A task-manager//task-queue/task-completion task = <WAMessagesByActiveSessionTask: 0x60000124a5a0 [fix-streaming-items]>, queue = <WATaskQueue: 0x600001254af0>, should-run-again = 1
20:09:19.934 [ 184665] [main-thread   ] [F] LL_A task-manager//task finished for task-manager = <WATaskManager: 0x600001724100> on queue=<WATaskQueue: 0x600001254af0>
20:09:19.934 [ 184665] [main-thread   ] [F] LL_A task-manager//task-manager/run-task task-manager = <WATaskManager: 0x600001724100>, quiet mode 0 _executingTask 0
20:09:20.983 [ 184665] [main-thread   ] [F] LL_A task-manager//task-manager/run-task task-manager = <WATaskManager: 0x600001724100>, quiet mode 0 _executingTask 0
20:09:20.983 [ 184665] [main-thread   ] [F] LL_A task-manager//run-task-in-group task-manager = <WATaskManager: 0x600001724100>, queue=<WATaskQueue: 0x600001254af0>
20:09:20.984 [ 184665] [main-thread   ] [F] LL_A task-manager//task-queue/find-task to be executed task = <WAMessagesByActiveSessionTask: 0x600001250b60 [orphaned-files]>  queue=<WATaskQueue: 0x600001254af0>
20:09:20.985 [ 184665] [main-thread   ] [F] LL_A task-manager//task/start [<WATaskQueue: 0x600001254af0>]
20:09:20.985 [ 212281] [utility-qos   ] [F] LL_A task-manager//task-queue/run-task on queue task = <WAMessagesByActiveSessionTask: 0x600001250b60 [orphaned-files]>, queue = <WATaskQueue: 0x600001254af0>
20:09:20.995 [ 213487] [NSManaged…fa80] [F] LL_A storage//save/success [KVStore-Tracking.sqlite in 0.00s with changes]
20:09:20.996 [ 213487] [NSManaged…fa80] [F] LL_A storage//save/success [KVStore-Tracking.sqlite in 0.00s with changes]
20:09:20.996 [ 184665] [main-thread   ] [F] LL_A storage//save/background/done [ChatDB in 0.00s with no changes from 'NSManagedObjectContext 0x60000023fcf0']
20:09:20.996 [ 184665] [main-thread   ] [F] LL_A messages-by-session//by-session [id: orphaned-files; count: 40; has-more: 1]
20:09:20.996 [ 184665] [main-thread   ] [F] LL_A task-manager//task-queue/task-completion task = <WAMessagesByActiveSessionTask: 0x600001250b60 [orphaned-files]>, queue = <WATaskQueue: 0x600001254af0>, should-run-again = 1
20:09:20.997 [ 184665] [main-thread   ] [F] LL_A task-manager//task finished for task-manager = <WATaskManager: 0x600001724100> on queue=<WATaskQueue: 0x600001254af0>
20:09:20.997 [ 184665] [main-thread   ] [F] LL_A task-manager//task-manager/run-task task-manager = <WATaskManager: 0x600001724100>, quiet mode 0 _executingTask 0
20:09:21.556 [ 213488] [memory-us…ging] [F] LL_A app//memory: System [Used 5611MB, Free 66MB] Process [Footprint 174MB (+0MB), Available 0MB, Peak 186MB] [cpu/s: 0.025]
20:09:22.041 [ 184665] [main-thread   ] [F] LL_A task-manager//task-manager/run-task task-manager = <WATaskManager: 0x600001724100>, quiet mode 0 _executingTask 0
20:09:22.041 [ 184665] [main-thread   ] [F] LL_A task-manager//run-task-in-group task-manager = <WATaskManager: 0x600001724100>, queue=<WATaskQueue: 0x600001254af0>
20:09:22.041 [ 184665] [main-thread   ] [F] LL_A task-manager//task-queue/find-task to be executed task = <WAMessagesByActiveSessionTask: 0x60000124a5a0 [fix-streaming-items]>  queue=<WATaskQueue: 0x600001254af0>
20:09:22.043 [ 184665] [main-thread   ] [F] LL_A task-manager//task/start [<WATaskQueue: 0x600001254af0>]
20:09:22.043 [ 213490] [utility-qos   ] [F] LL_A task-manager//task-queue/run-task on queue task = <WAMessagesByActiveSessionTask: 0x60000124a5a0 [fix-streaming-items]>, queue = <WATaskQueue: 0x600001254af0>
20:09:22.050 [ 184665] [main-thread   ] [F] LL_A storage//save/background/done [ChatDB in 0.00s with no changes from 'NSManagedObjectContext 0x60000023fcf0']
20:09:22.051 [ 184665] [main-thread   ] [F] LL_A messages-by-session//by-session [id: fix-streaming-items; count: 0; has-more: 0]
20:09:22.051 [ 184665] [main-thread   ] [F] LL_A task-manager//task-queue/task-completion task = <WAMessagesByActiveSessionTask: 0x60000124a5a0 [fix-streaming-items]>, queue = <WATaskQueue: 0x600001254af0>, should-run-again = 1
20:09:22.052 [ 184665] [main-thread   ] [F] LL_A task-manager//task finished for task-manager = <WATaskManager: 0x600001724100> on queue=<WATaskQueue: 0x600001254af0>
20:09:22.052 [ 184665] [main-thread   ] [F] LL_A task-manager//task-manager/run-task task-manager = <WATaskManager: 0x600001724100>, quiet mode 0 _executingTask 0
20:09:23.100 [ 184665] [main-thread   ] [F] LL_A task-manager//task-manager/run-task task-manager = <WATaskManager: 0x600001724100>, quiet mode 0 _executingTask 0
20:09:23.100 [ 184665] [main-thread   ] [F] LL_A task-manager//run-task-in-group task-manager = <WATaskManager: 0x600001724100>, queue=<WATaskQueue: 0x600001254af0>
20:09:23.100 [ 184665] [main-thread   ] [F] LL_A task-manager//task-queue/find-task to be executed task = <WAMessagesByActiveSessionTask: 0x600001250b60 [orphaned-files]>  queue=<WATaskQueue: 0x600001254af0>
20:09:23.102 [ 184665] [main-thread   ] [F] LL_A task-manager//task/start [<WATaskQueue: 0x600001254af0>]
20:09:23.102 [ 213490] [utility-qos   ] [F] LL_A task-manager//task-queue/run-task on queue task = <WAMessagesByActiveSessionTask: 0x600001250b60 [orphaned-files]>, queue = <WATaskQueue: 0x600001254af0>
20:09:23.113 [ 213490] [NSManaged…fcf0] [F] LL_W chatstorage-tasks//orphaned/warning/linking [1; Media/50341328486416@lid/8/2/82a863e8-6c5a-4683-bf4e-4342c68ca717.webp -> Media/50341328486416@lid/b/9/b9c6ec41-82f4-4faf-871e-0f892c9387e4.webp; 2026-09-15 13:15:56 +0000]
20:09:23.114 [ 213490] [NSManaged…fa80] [F] LL_A storage//save/success [KVStore-Tracking.sqlite in 0.00s with no changes]
20:09:23.116 [ 213490] [NSManaged…fa80] [F] LL_A storage//save/success [KVStore-Tracking.sqlite in 0.00s with changes]
20:09:23.118 [ 184665] [main-thread   ] [F] LL_A storage//save/background/done [ChatDB in 0.00s with changes from 'NSManagedObjectContext 0x60000023fcf0']
20:09:23.118 [ 184665] [main-thread   ] [F] LL_A messages-by-session//by-session [id: orphaned-files; count: 40; has-more: 1]
20:09:23.118 [ 184665] [main-thread   ] [F] LL_A task-manager//task-queue/task-completion task = <WAMessagesByActiveSessionTask: 0x600001250b60 [orphaned-files]>, queue = <WATaskQueue: 0x600001254af0>, should-run-again = 1
20:09:23.119 [ 184665] [main-thread   ] [F] LL_A task-manager//task finished for task-manager = <WATaskManager: 0x600001724100> on queue=<WATaskQueue: 0x600001254af0>
20:09:23.119 [ 184665] [main-thread   ] [F] LL_A task-manager//task-manager/run-task task-manager = <WATaskManager: 0x600001724100>, quiet mode 0 _executingTask 0
20:09:24.119 [ 184665] [main-thread   ] [F] LL_A task-manager//task-manager/run-task task-manager = <WATaskManager: 0x600001724100>, quiet mode 0 _executingTask 0
20:09:24.119 [ 184665] [main-thread   ] [F] LL_A task-manager//run-task-in-group task-manager = <WATaskManager: 0x600001724100>, queue=<WATaskQueue: 0x600001254af0>
20:09:24.119 [ 184665] [main-thread   ] [F] LL_A task-manager//task-queue/find-task to be executed task = <WAMessagesByActiveSessionTask: 0x60000124a5a0 [fix-streaming-items]>  queue=<WATaskQueue: 0x600001254af0>
20:09:24.122 [ 184665] [main-thread   ] [F] LL_A task-manager//task/start [<WATaskQueue: 0x600001254af0>]
20:09:24.122 [ 212281] [utility-qos   ] [F] LL_A task-manager//task-queue/run-task on queue task = <WAMessagesByActiveSessionTask: 0x60000124a5a0 [fix-streaming-items]>, queue = <WATaskQueue: 0x600001254af0>
20:09:24.128 [ 184665] [main-thread   ] [F] LL_A storage//save/background/done [ChatDB in 0.00s with no changes from 'NSManagedObjectContext 0x60000023fcf0']
20:09:24.129 [ 184665] [main-thread   ] [F] LL_A messages-by-session//by-session [id: fix-streaming-items; count: 0; has-more: 0]
20:09:24.129 [ 184665] [main-thread   ] [F] LL_A task-manager//task-queue/task-completion task = <WAMessagesByActiveSessionTask: 0x60000124a5a0 [fix-streaming-items]>, queue = <WATaskQueue: 0x600001254af0>, should-run-again = 1
20:09:24.130 [ 184665] [main-thread   ] [F] LL_A task-manager//task finished for task-manager = <WATaskManager: 0x600001724100> on queue=<WATaskQueue: 0x600001254af0>
20:09:24.130 [ 184665] [main-thread   ] [F] LL_A task-manager//task-manager/run-task task-manager = <WATaskManager: 0x600001724100>, quiet mode 0 _executingTask 0
20:09:24.555 [ 213488] [memory-us…ging] [F] LL_A app//memory: System [Used 5637MB, Free 42MB] Process [Footprint 174MB (-0MB), Available 0MB, Peak 186MB] [cpu/s: 0.028]
20:09:25.171 [ 184665] [main-thread   ] [F] LL_A task-manager//task-manager/run-task task-manager = <WATaskManager: 0x600001724100>, quiet mode 0 _executingTask 0
20:09:25.171 [ 184665] [main-thread   ] [F] LL_A task-manager//run-task-in-group task-manager = <WATaskManager: 0x600001724100>, queue=<WATaskQueue: 0x600001254af0>
20:09:25.171 [ 184665] [main-thread   ] [F] LL_A task-manager//task-queue/find-task to be executed task = <WAMessagesByActiveSessionTask: 0x600001250b60 [orphaned-files]>  queue=<WATaskQueue: 0x600001254af0>
20:09:25.173 [ 184665] [main-thread   ] [F] LL_A task-manager//task/start [<WATaskQueue: 0x600001254af0>]
20:09:25.173 [ 213488] [utility-qos   ] [F] LL_A task-manager//task-queue/run-task on queue task = <WAMessagesByActiveSessionTask: 0x600001250b60 [orphaned-files]>, queue = <WATaskQueue: 0x600001254af0>
20:09:25.184 [ 213490] [NSManaged…fa80] [F] LL_A storage//save/success [KVStore-Tracking.sqlite in 0.00s with changes]
20:09:25.185 [ 213490] [NSManaged…fa80] [F] LL_A storage//save/success [KVStore-Tracking.sqlite in 0.00s with changes]
20:09:25.185 [ 184665] [main-thread   ] [F] LL_A storage//save/background/done [ChatDB in 0.00s with no changes from 'NSManagedObjectContext 0x60000023fcf0']
20:09:25.186 [ 184665] [main-thread   ] [F] LL_A messages-by-session//by-session [id: orphaned-files; count: 40; has-more: 1]
20:09:25.186 [ 184665] [main-thread   ] [F] LL_A task-manager//task-queue/task-completion task = <WAMessagesByActiveSessionTask: 0x600001250b60 [orphaned-files]>, queue = <WATaskQueue: 0x600001254af0>, should-run-again = 1
20:09:25.187 [ 184665] [main-thread   ] [F] LL_A task-manager//task finished for task-manager = <WATaskManager: 0x600001724100> on queue=<WATaskQueue: 0x600001254af0>
20:09:25.187 [ 184665] [main-thread   ] [F] LL_A task-manager//task-manager/run-task task-manager = <WATaskManager: 0x600001724100>, quiet mode 0 _executingTask 0
20:09:26.233 [ 184665] [main-thread   ] [F] LL_A task-manager//task-manager/run-task task-manager = <WATaskManager: 0x600001724100>, quiet mode 0 _executingTask 0
20:09:26.234 [ 184665] [main-thread   ] [F] LL_A task-manager//run-task-in-group task-manager = <WATaskManager: 0x600001724100>, queue=<WATaskQueue: 0x600001254af0>
20:09:26.234 [ 184665] [main-thread   ] [F] LL_A task-manager//task-queue/find-task to be executed task = <WAMessagesByActiveSessionTask: 0x60000124a5a0 [fix-streaming-items]>  queue=<WATaskQueue: 0x600001254af0>
20:09:26.235 [ 184665] [main-thread   ] [F] LL_A task-manager//task/start [<WATaskQueue: 0x600001254af0>]
20:09:26.235 [ 213487] [utility-qos   ] [F] LL_A task-manager//task-queue/run-task on queue task = <WAMessagesByActiveSessionTask: 0x60000124a5a0 [fix-streaming-items]>, queue = <WATaskQueue: 0x600001254af0>
20:09:26.241 [ 184665] [main-thread   ] [F] LL_A storage//save/background/done [ChatDB in 0.00s with no changes from 'NSManagedObjectContext 0x60000023fcf0']
20:09:26.242 [ 184665] [main-thread   ] [F] LL_A messages-by-session//by-session [id: fix-streaming-items; count: 0; has-more: 0]
20:09:26.242 [ 184665] [main-thread   ] [F] LL_A task-manager//task-queue/task-completion task = <WAMessagesByActiveSessionTask: 0x60000124a5a0 [fix-streaming-items]>, queue = <WATaskQueue: 0x600001254af0>, should-run-again = 1
20:09:26.243 [ 184665] [main-thread   ] [F] LL_A task-manager//task finished for task-manager = <WATaskManager: 0x600001724100> on queue=<WATaskQueue: 0x600001254af0>
20:09:26.243 [ 184665] [main-thread   ] [F] LL_A task-manager//task-manager/run-task task-manager = <WATaskManager: 0x600001724100>, quiet mode 0 _executingTask 0
20:09:27.291 [ 184665] [main-thread   ] [F] LL_A task-manager//task-manager/run-task task-manager = <WATaskManager: 0x600001724100>, quiet mode 0 _executingTask 0
20:09:27.291 [ 184665] [main-thread   ] [F] LL_A task-manager//run-task-in-group task-manager = <WATaskManager: 0x600001724100>, queue=<WATaskQueue: 0x600001254af0>
20:09:27.291 [ 184665] [main-thread   ] [F] LL_A task-manager//task-queue/find-task to be executed task = <WAMessagesByActiveSessionTask: 0x600001250b60 [orphaned-files]>  queue=<WATaskQueue: 0x600001254af0>
20:09:27.293 [ 184665] [main-thread   ] [F] LL_A task-manager//task/start [<WATaskQueue: 0x600001254af0>]
20:09:27.294 [ 213488] [utility-qos   ] [F] LL_A task-manager//task-queue/run-task on queue task = <WAMessagesByActiveSessionTask: 0x600001250b60 [orphaned-files]>, queue = <WATaskQueue: 0x600001254af0>
20:09:27.304 [ 213488] [NSManaged…fcf0] [F] LL_W chatstorage-tasks//orphaned/warning/linking [1; Media/50341328486416@lid/5/a/5a4458b1-e1ed-4876-82f4-fcef2dd9f8aa.thumb -> Media/50341328486416@lid/0/8/08b43032-0eb3-448e-9381-7bd831dfd8fc.thumb; 2026-09-18 10:42:36 +0000]
20:09:27.306 [ 213488] [NSManaged…fcf0] [F] LL_W chatstorage-tasks//orphaned/warning/linking [1; Media/50341328486416@lid/5/a/5a4458b1-e1ed-4876-82f4-fcef2dd9f8aa.mp4 -> Media/50341328486416@lid/0/8/08b43032-0eb3-448e-9381-7bd831dfd8fc.mp4; 2026-09-18 10:42:36 +0000]
20:09:27.307 [ 213488] [NSManaged…fcf0] [F] LL_W chatstorage-tasks//orphaned/warning/linking [1; Media/50341328486416@lid/d/4/d4740272-5af9-43e8-931d-85918bc3513a.thumb -> Media/50341328486416@lid/4/4/44e157c8-d909-4202-ab43-ecb7f680783d.thumb; 2026-09-18 10:42:42 +0000]
20:09:27.308 [ 213488] [NSManaged…fcf0] [F] LL_W chatstorage-tasks//orphaned/warning/linking [1; Media/50341328486416@lid/8/b/8b55b011-ab6a-4db1-b276-cd2e114f0dc0.thumb -> Media/50341328486416@lid/7/1/71191925-76d1-4995-9f3d-9c751d40c308.thumb; 2026-09-19 04:34:23 +0000]
20:09:27.309 [ 213488] [NSManaged…fa80] [F] LL_A storage//save/success [KVStore-Tracking.sqlite in 0.00s with no changes]
20:09:27.310 [ 213488] [NSManaged…fa80] [F] LL_A storage//save/success [KVStore-Tracking.sqlite in 0.00s with changes]
20:09:27.312 [ 184665] [main-thread   ] [F] LL_A storage//save/background/done [ChatDB in 0.00s with changes from 'NSManagedObjectContext 0x60000023fcf0']
20:09:27.312 [ 184665] [main-thread   ] [F] LL_A messages-by-session//by-session [id: orphaned-files; count: 13; has-more: 0]
20:09:27.312 [ 184665] [main-thread   ] [F] LL_A task-manager//task-queue/task-completion task = <WAMessagesByActiveSessionTask: 0x600001250b60 [orphaned-files]>, queue = <WATaskQueue: 0x600001254af0>, should-run-again = 1
20:09:27.313 [ 184665] [main-thread   ] [F] LL_A task-manager//task finished for task-manager = <WATaskManager: 0x600001724100> on queue=<WATaskQueue: 0x600001254af0>
20:09:27.313 [ 184665] [main-thread   ] [F] LL_A task-manager//task-manager/run-task task-manager = <WATaskManager: 0x600001724100>, quiet mode 0 _executingTask 0
20:09:27.555 [ 212281] [memory-us…ging] [F] LL_A app//memory: System [Used 5542MB, Free 136MB] Process [Footprint 174MB (+0MB), Available 0MB, Peak 186MB] [cpu/s: 0.033]
20:09:28.358 [ 184665] [main-thread   ] [F] LL_A task-manager//task-manager/run-task task-manager = <WATaskManager: 0x600001724100>, quiet mode 0 _executingTask 0
20:09:28.358 [ 184665] [main-thread   ] [F] LL_A task-manager//run-task-in-group task-manager = <WATaskManager: 0x600001724100>, queue=<WATaskQueue: 0x600001254af0>
20:09:28.358 [ 184665] [main-thread   ] [F] LL_A task-manager//task-queue/find-task to be executed task = <WAMessagesByActiveSessionTask: 0x60000124a5a0 [fix-streaming-items]>  queue=<WATaskQueue: 0x600001254af0>
20:09:28.360 [ 184665] [main-thread   ] [F] LL_A task-manager//task/start [<WATaskQueue: 0x600001254af0>]
20:09:28.361 [ 212281] [utility-qos   ] [F] LL_A task-manager//task-queue/run-task on queue task = <WAMessagesByActiveSessionTask: 0x60000124a5a0 [fix-streaming-items]>, queue = <WATaskQueue: 0x600001254af0>
20:09:28.364 [ 184665] [main-thread   ] [F] LL_A storage//save/background/done [ChatDB in 0.00s with no changes from 'NSManagedObjectContext 0x60000023fcf0']
20:09:28.364 [ 184665] [main-thread   ] [F] LL_A messages-by-session//by-session [id: fix-streaming-items; count: 0; has-more: 0]
20:09:28.364 [ 184665] [main-thread   ] [F] LL_A task-manager//task-queue/task-completion task = <WAMessagesByActiveSessionTask: 0x60000124a5a0 [fix-streaming-items]>, queue = <WATaskQueue: 0x600001254af0>, should-run-again = 1
20:09:28.365 [ 184665] [main-thread   ] [F] LL_A task-manager//task finished for task-manager = <WATaskManager: 0x600001724100> on queue=<WATaskQueue: 0x600001254af0>
20:09:28.365 [ 184665] [main-thread   ] [F] LL_A task-manager//task-manager/run-task task-manager = <WATaskManager: 0x600001724100>, quiet mode 0 _executingTask 0
20:09:29.326 [ 213488] [normal        ] [F] LL_N stream//idle
20:09:29.326 [ 213488] [normal        ] [F] LL_A ccq/connection/cancel-stanza-processing/skip-resources-released
20:09:29.411 [ 184665] [main-thread   ] [F] LL_A task-manager//task-manager/run-task task-manager = <WATaskManager: 0x600001724100>, quiet mode 0 _executingTask 0
20:09:29.411 [ 184665] [main-thread   ] [F] LL_A task-manager//run-task-in-group task-manager = <WATaskManager: 0x600001724100>, queue=<WATaskQueue: 0x600001254af0>
20:09:29.411 [ 184665] [main-thread   ] [F] LL_A task-manager//task-queue/find-task to be executed task = <WAMessagesByActiveSessionTask: 0x600001250b60 [orphaned-files]>  queue=<WATaskQueue: 0x600001254af0>
20:09:29.413 [ 184665] [main-thread   ] [F] LL_A task-manager//task/start [<WATaskQueue: 0x600001254af0>]
20:09:29.413 [ 213488] [utility-qos   ] [F] LL_A task-manager//task-queue/run-task on queue task = <WAMessagesByActiveSessionTask: 0x600001250b60 [orphaned-files]>, queue = <WATaskQueue: 0x600001254af0>
20:09:29.420 [ 212281] [NSManaged…fa80] [F] LL_A storage//save/success [KVStore-Tracking.sqlite in 0.00s with no changes]
20:09:29.422 [ 212281] [NSManaged…fa80] [F] LL_A storage//save/success [KVStore-Tracking.sqlite in 0.00s with changes]
20:09:29.422 [ 184665] [main-thread   ] [F] LL_A storage//save/background/done [ChatDB in 0.00s with no changes from 'NSManagedObjectContext 0x60000023fcf0']
20:09:29.422 [ 184665] [main-thread   ] [F] LL_A messages-by-session//by-session [id: orphaned-files; count: 2; has-more: 0]
20:09:29.422 [ 184665] [main-thread   ] [F] LL_A task-manager//task-queue/task-completion task = <WAMessagesByActiveSessionTask: 0x600001250b60 [orphaned-files]>, queue = <WATaskQueue: 0x600001254af0>, should-run-again = 1
20:09:29.423 [ 184665] [main-thread   ] [F] LL_A task-manager//task finished for task-manager = <WATaskManager: 0x600001724100> on queue=<WATaskQueue: 0x600001254af0>
20:09:29.423 [ 184665] [main-thread   ] [F] LL_A task-manager//task-manager/run-task task-manager = <WATaskManager: 0x600001724100>, quiet mode 0 _executingTask 0
20:09:30.470 [ 184665] [main-thread   ] [F] LL_A task-manager//task-manager/run-task task-manager = <WATaskManager: 0x600001724100>, quiet mode 0 _executingTask 0
20:09:30.471 [ 184665] [main-thread   ] [F] LL_A task-manager//run-task-in-group task-manager = <WATaskManager: 0x600001724100>, queue=<WATaskQueue: 0x600001254af0>
20:09:30.471 [ 184665] [main-thread   ] [F] LL_A task-manager//task-queue/find-task to be executed task = <WAMessagesByActiveSessionTask: 0x60000124a5a0 [fix-streaming-items]>  queue=<WATaskQueue: 0x600001254af0>
20:09:30.473 [ 184665] [main-thread   ] [F] LL_A task-manager//task/start [<WATaskQueue: 0x600001254af0>]
20:09:30.473 [ 212281] [utility-qos   ] [F] LL_A task-manager//task-queue/run-task on queue task = <WAMessagesByActiveSessionTask: 0x60000124a5a0 [fix-streaming-items]>, queue = <WATaskQueue: 0x600001254af0>
20:09:30.485 [ 184665] [main-thread   ] [F] LL_A storage//save/background/done [ChatDB in 0.00s with no changes from 'NSManagedObjectContext 0x60000023fcf0']
20:09:30.486 [ 184665] [main-thread   ] [F] LL_A messages-by-session//by-session [id: fix-streaming-items; count: 0; has-more: 0]
20:09:30.486 [ 184665] [main-thread   ] [F] LL_A task-manager//task-queue/task-completion task = <WAMessagesByActiveSessionTask: 0x60000124a5a0 [fix-streaming-items]>, queue = <WATaskQueue: 0x600001254af0>, should-run-again = 1
20:09:30.486 [ 184665] [main-thread   ] [F] LL_A task-manager//task finished for task-manager = <WATaskManager: 0x600001724100> on queue=<WATaskQueue: 0x600001254af0>
20:09:30.486 [ 184665] [main-thread   ] [F] LL_A task-manager//task-manager/run-task task-manager = <WATaskManager: 0x600001724100>, quiet mode 0 _executingTask 0
20:09:30.555 [ 213490] [memory-us…ging] [F] LL_A app//memory: System [Used 5552MB, Free 127MB] Process [Footprint 174MB (+0MB), Available 0MB, Peak 186MB] [cpu/s: 0.032]
20:09:31.533 [ 184665] [main-thread   ] [F] LL_A task-manager//task-manager/run-task task-manager = <WATaskManager: 0x600001724100>, quiet mode 0 _executingTask 0
20:09:31.534 [ 184665] [main-thread   ] [F] LL_A task-manager//run-task-in-group task-manager = <WATaskManager: 0x600001724100>, queue=<WATaskQueue: 0x600001254af0>
20:09:31.534 [ 184665] [main-thread   ] [F] LL_A task-manager//task-queue/find-task to be executed task = <WAMessagesByActiveSessionTask: 0x600001250b60 [orphaned-files]>  queue=<WATaskQueue: 0x600001254af0>
20:09:31.536 [ 184665] [main-thread   ] [F] LL_A task-manager//task/start [<WATaskQueue: 0x600001254af0>]
20:09:31.536 [ 212281] [utility-qos   ] [F] LL_A task-manager//task-queue/run-task on queue task = <WAMessagesByActiveSessionTask: 0x600001250b60 [orphaned-files]>, queue = <WATaskQueue: 0x600001254af0>
20:09:31.540 [ 212281] [NSManaged…fa80] [F] LL_A storage//save/success [KVStore-Tracking.sqlite in 0.00s with no changes]
20:09:31.542 [ 212281] [NSManaged…fa80] [F] LL_A storage//save/success [KVStore-Tracking.sqlite in 0.00s with changes]
20:09:31.543 [ 184665] [main-thread   ] [F] LL_A storage//save/background/done [ChatDB in 0.00s with no changes from 'NSManagedObjectContext 0x60000023fcf0']
20:09:31.543 [ 184665] [main-thread   ] [F] LL_A messages-by-session//by-session [id: orphaned-files; count: 0; has-more: 0]
20:09:31.543 [ 184665] [main-thread   ] [F] LL_A task-manager//task-queue/task-completion task = <WAMessagesByActiveSessionTask: 0x600001250b60 [orphaned-files]>, queue = <WATaskQueue: 0x600001254af0>, should-run-again = 1
20:09:31.544 [ 184665] [main-thread   ] [F] LL_A task-manager//task finished for task-manager = <WATaskManager: 0x600001724100> on queue=<WATaskQueue: 0x600001254af0>
20:09:31.544 [ 184665] [main-thread   ] [F] LL_A task-manager//task-manager/run-task task-manager = <WATaskManager: 0x600001724100>, quiet mode 0 _executingTask 0
20:09:32.593 [ 184665] [main-thread   ] [F] LL_A task-manager//task-manager/run-task task-manager = <WATaskManager: 0x600001724100>, quiet mode 0 _executingTask 0
20:09:32.593 [ 184665] [main-thread   ] [F] LL_A task-manager//run-task-in-group task-manager = <WATaskManager: 0x600001724100>, queue=<WATaskQueue: 0x600001254af0>
20:09:32.594 [ 184665] [main-thread   ] [F] LL_A task-manager//task-queue/find-task to be executed task = <WAMessagesByActiveSessionTask: 0x60000124a5a0 [fix-streaming-items]>  queue=<WATaskQueue: 0x600001254af0>
20:09:32.595 [ 184665] [main-thread   ] [F] LL_A task-manager//task/start [<WATaskQueue: 0x600001254af0>]
20:09:32.595 [ 213490] [utility-qos   ] [F] LL_A task-manager//task-queue/run-task on queue task = <WAMessagesByActiveSessionTask: 0x60000124a5a0 [fix-streaming-items]>, queue = <WATaskQueue: 0x600001254af0>
20:09:32.599 [ 184665] [main-thread   ] [F] LL_A storage//save/background/done [ChatDB in 0.00s with no changes from 'NSManagedObjectContext 0x60000023fcf0']
20:09:32.600 [ 184665] [main-thread   ] [F] LL_A messages-by-session//by-session [id: fix-streaming-items; count: 0; has-more: 0]
20:09:32.600 [ 184665] [main-thread   ] [F] LL_A task-manager//task-queue/task-completion task = <WAMessagesByActiveSessionTask: 0x60000124a5a0 [fix-streaming-items]>, queue = <WATaskQueue: 0x600001254af0>, should-run-again = 1
20:09:32.601 [ 184665] [main-thread   ] [F] LL_A task-manager//task finished for task-manager = <WATaskManager: 0x600001724100> on queue=<WATaskQueue: 0x600001254af0>
20:09:32.601 [ 184665] [main-thread   ] [F] LL_A task-manager//task-manager/run-task task-manager = <WATaskManager: 0x600001724100>, quiet mode 0 _executingTask 0
20:09:33.555 [ 213490] [memory-us…ging] [F] LL_A app//memory: System [Used 5560MB, Free 119MB] Process [Footprint 174MB (+0MB), Available 0MB, Peak 186MB] [cpu/s: 0.025]
20:09:33.650 [ 184665] [main-thread   ] [F] LL_A task-manager//task-manager/run-task task-manager = <WATaskManager: 0x600001724100>, quiet mode 0 _executingTask 0
20:09:33.650 [ 184665] [main-thread   ] [F] LL_A task-manager//run-task-in-group task-manager = <WATaskManager: 0x600001724100>, queue=<WATaskQueue: 0x600001254af0>
20:09:33.650 [ 184665] [main-thread   ] [F] LL_A task-manager//task-queue/find-task to be executed task = <WAMessagesByActiveSessionTask: 0x600001250b60 [orphaned-files]>  queue=<WATaskQueue: 0x600001254af0>
20:09:33.652 [ 184665] [main-thread   ] [F] LL_A task-manager//task/start [<WATaskQueue: 0x600001254af0>]
20:09:33.653 [ 213490] [utility-qos   ] [F] LL_A task-manager//task-queue/run-task on queue task = <WAMessagesByActiveSessionTask: 0x600001250b60 [orphaned-files]>, queue = <WATaskQueue: 0x600001254af0>
20:09:33.661 [ 213490] [NSManaged…fa80] [F] LL_A storage//save/success [KVStore-Tracking.sqlite in 0.00s with no changes]
20:09:33.662 [ 213490] [NSManaged…fa80] [F] LL_A storage//save/success [KVStore-Tracking.sqlite in 0.00s with changes]
20:09:33.662 [ 184665] [main-thread   ] [F] LL_A storage//save/background/done [ChatDB in 0.00s with no changes from 'NSManagedObjectContext 0x60000023fcf0']
20:09:33.663 [ 184665] [main-thread   ] [F] LL_A messages-by-session//by-session [id: orphaned-files; count: 12; has-more: 0]
20:09:33.663 [ 184665] [main-thread   ] [F] LL_A task-manager//task-queue/task-completion task = <WAMessagesByActiveSessionTask: 0x600001250b60 [orphaned-files]>, queue = <WATaskQueue: 0x600001254af0>, should-run-again = 1
20:09:33.664 [ 184665] [main-thread   ] [F] LL_A task-manager//task finished for task-manager = <WATaskManager: 0x600001724100> on queue=<WATaskQueue: 0x600001254af0>
20:09:33.664 [ 184665] [main-thread   ] [F] LL_A task-manager//task-manager/run-task task-manager = <WATaskManager: 0x600001724100>, quiet mode 0 _executingTask 0
20:09:34.708 [ 184665] [main-thread   ] [F] LL_A task-manager//task-manager/run-task task-manager = <WATaskManager: 0x600001724100>, quiet mode 0 _executingTask 0
20:09:34.708 [ 184665] [main-thread   ] [F] LL_A task-manager//run-task-in-group task-manager = <WATaskManager: 0x600001724100>, queue=<WATaskQueue: 0x600001254af0>
20:09:34.708 [ 184665] [main-thread   ] [F] LL_A task-manager//task-queue/find-task to be executed task = <WAMessagesByActiveSessionTask: 0x60000124a5a0 [fix-streaming-items]>  queue=<WATaskQueue: 0x600001254af0>
20:09:34.709 [ 184665] [main-thread   ] [F] LL_A task-manager//task/start [<WATaskQueue: 0x600001254af0>]
20:09:34.709 [ 213490] [utility-qos   ] [F] LL_A task-manager//task-queue/run-task on queue task = <WAMessagesByActiveSessionTask: 0x60000124a5a0 [fix-streaming-items]>, queue = <WATaskQueue: 0x600001254af0>
20:09:34.714 [ 184665] [main-thread   ] [F] LL_A storage//save/background/done [ChatDB in 0.00s with no changes from 'NSManagedObjectContext 0x60000023fcf0']
20:09:34.714 [ 184665] [main-thread   ] [F] LL_A messages-by-session//by-session [id: fix-streaming-items; count: 0; has-more: 0]
20:09:34.714 [ 184665] [main-thread   ] [F] LL_A task-manager//task-queue/task-completion task = <WAMessagesByActiveSessionTask: 0x60000124a5a0 [fix-streaming-items]>, queue = <WATaskQueue: 0x600001254af0>, should-run-again = 1
20:09:34.715 [ 184665] [main-thread   ] [F] LL_A task-manager//task finished for task-manager = <WATaskManager: 0x600001724100> on queue=<WATaskQueue: 0x600001254af0>
20:09:34.715 [ 184665] [main-thread   ] [F] LL_A task-manager//task-manager/run-task task-manager = <WATaskManager: 0x600001724100>, quiet mode 0 _executingTask 0
20:09:35.758 [ 184665] [main-thread   ] [F] LL_A task-manager//task-manager/run-task task-manager = <WATaskManager: 0x600001724100>, quiet mode 0 _executingTask 0
20:09:35.758 [ 184665] [main-thread   ] [F] LL_A task-manager//run-task-in-group task-manager = <WATaskManager: 0x600001724100>, queue=<WATaskQueue: 0x600001254af0>
20:09:35.758 [ 184665] [main-thread   ] [F] LL_A task-manager//task-queue/find-task to be executed task = <WAMessagesByActiveSessionTask: 0x600001250b60 [orphaned-files]>  queue=<WATaskQueue: 0x600001254af0>
20:09:35.760 [ 184665] [main-thread   ] [F] LL_A task-manager//task/start [<WATaskQueue: 0x600001254af0>]
20:09:35.760 [ 213488] [utility-qos   ] [F] LL_A task-manager//task-queue/run-task on queue task = <WAMessagesByActiveSessionTask: 0x600001250b60 [orphaned-files]>, queue = <WATaskQueue: 0x600001254af0>
20:09:35.772 [ 213488] [NSManaged…fa80] [F] LL_A storage//save/success [KVStore-Tracking.sqlite in 0.00s with no changes]
20:09:35.773 [ 213488] [NSManaged…fa80] [F] LL_A storage//save/success [KVStore-Tracking.sqlite in 0.00s with changes]
20:09:35.774 [ 184665] [main-thread   ] [F] LL_A storage//save/background/done [ChatDB in 0.00s with no changes from 'NSManagedObjectContext 0x60000023fcf0']
20:09:35.774 [ 184665] [main-thread   ] [F] LL_A messages-by-session//by-session [id: orphaned-files; count: 40; has-more: 1]
20:09:35.774 [ 184665] [main-thread   ] [F] LL_A task-manager//task-queue/task-completion task = <WAMessagesByActiveSessionTask: 0x600001250b60 [orphaned-files]>, queue = <WATaskQueue: 0x600001254af0>, should-run-again = 1
20:09:35.775 [ 184665] [main-thread   ] [F] LL_A task-manager//task finished for task-manager = <WATaskManager: 0x600001724100> on queue=<WATaskQueue: 0x600001254af0>
20:09:35.775 [ 184665] [main-thread   ] [F] LL_A task-manager//task-manager/run-task task-manager = <WATaskManager: 0x600001724100>, quiet mode 0 _executingTask 0
20:09:36.555 [ 213488] [memory-us…ging] [F] LL_A app//memory: System [Used 5563MB, Free 116MB] Process [Footprint 174MB (0MB), Available 0MB, Peak 186MB] [cpu/s: 0.027]
20:09:36.821 [ 184665] [main-thread   ] [F] LL_A task-manager//task-manager/run-task task-manager = <WATaskManager: 0x600001724100>, quiet mode 0 _executingTask 0
20:09:36.822 [ 184665] [main-thread   ] [F] LL_A task-manager//run-task-in-group task-manager = <WATaskManager: 0x600001724100>, queue=<WATaskQueue: 0x600001254af0>
20:09:36.822 [ 184665] [main-thread   ] [F] LL_A task-manager//task-queue/find-task to be executed task = <WAMessagesByActiveSessionTask: 0x60000124a5a0 [fix-streaming-items]>  queue=<WATaskQueue: 0x600001254af0>
20:09:36.824 [ 184665] [main-thread   ] [F] LL_A task-manager//task/start [<WATaskQueue: 0x600001254af0>]
20:09:36.824 [ 213487] [utility-qos   ] [F] LL_A task-manager//task-queue/run-task on queue task = <WAMessagesByActiveSessionTask: 0x60000124a5a0 [fix-streaming-items]>, queue = <WATaskQueue: 0x600001254af0>
20:09:36.829 [ 184665] [main-thread   ] [F] LL_A storage//save/background/done [ChatDB in 0.00s with no changes from 'NSManagedObjectContext 0x60000023fcf0']
20:09:36.829 [ 184665] [main-thread   ] [F] LL_A messages-by-session//by-session [id: fix-streaming-items; count: 0; has-more: 0]
20:09:36.829 [ 184665] [main-thread   ] [F] LL_A task-manager//task-queue/task-completion task = <WAMessagesByActiveSessionTask: 0x60000124a5a0 [fix-streaming-items]>, queue = <WATaskQueue: 0x600001254af0>, should-run-again = 1
20:09:36.831 [ 184665] [main-thread   ] [F] LL_A task-manager//task finished for task-manager = <WATaskManager: 0x600001724100> on queue=<WATaskQueue: 0x600001254af0>
20:09:36.831 [ 184665] [main-thread   ] [F] LL_A task-manager//task-manager/run-task task-manager = <WATaskManager: 0x600001724100>, quiet mode 0 _executingTask 0
20:09:37.875 [ 184665] [main-thread   ] [F] LL_A task-manager//task-manager/run-task task-manager = <WATaskManager: 0x600001724100>, quiet mode 0 _executingTask 0
20:09:37.875 [ 184665] [main-thread   ] [F] LL_A task-manager//run-task-in-group task-manager = <WATaskManager: 0x600001724100>, queue=<WATaskQueue: 0x600001254af0>
20:09:37.875 [ 184665] [main-thread   ] [F] LL_A task-manager//task-queue/find-task to be executed task = <WAMessagesByActiveSessionTask: 0x600001250b60 [orphaned-files]>  queue=<WATaskQueue: 0x600001254af0>
20:09:37.877 [ 184665] [main-thread   ] [F] LL_A task-manager//task/start [<WATaskQueue: 0x600001254af0>]
20:09:37.877 [ 213488] [utility-qos   ] [F] LL_A task-manager//task-queue/run-task on queue task = <WAMessagesByActiveSessionTask: 0x600001250b60 [orphaned-files]>, queue = <WATaskQueue: 0x600001254af0>
20:09:37.887 [ 213488] [NSManaged…fa80] [F] LL_A storage//save/success [KVStore-Tracking.sqlite in 0.00s with no changes]
20:09:37.888 [ 213488] [NSManaged…fa80] [F] LL_A storage//save/success [KVStore-Tracking.sqlite in 0.00s with changes]
20:09:37.889 [ 184665] [main-thread   ] [F] LL_A storage//save/background/done [ChatDB in 0.00s with no changes from 'NSManagedObjectContext 0x60000023fcf0']
20:09:37.889 [ 184665] [main-thread   ] [F] LL_A messages-by-session//by-session [id: orphaned-files; count: 40; has-more: 1]
20:09:37.889 [ 184665] [main-thread   ] [F] LL_A task-manager//task-queue/task-completion task = <WAMessagesByActiveSessionTask: 0x600001250b60 [orphaned-files]>, queue = <WATaskQueue: 0x600001254af0>, should-run-again = 1
20:09:37.890 [ 184665] [main-thread   ] [F] LL_A task-manager//task finished for task-manager = <WATaskManager: 0x600001724100> on queue=<WATaskQueue: 0x600001254af0>
20:09:37.890 [ 184665] [main-thread   ] [F] LL_A task-manager//task-manager/run-task task-manager = <WATaskManager: 0x600001724100>, quiet mode 0 _executingTask 0
20:09:38.937 [ 184665] [main-thread   ] [F] LL_A task-manager//task-manager/run-task task-manager = <WATaskManager: 0x600001724100>, quiet mode 0 _executingTask 0
20:09:38.938 [ 184665] [main-thread   ] [F] LL_A task-manager//run-task-in-group task-manager = <WATaskManager: 0x600001724100>, queue=<WATaskQueue: 0x600001254af0>
20:09:38.938 [ 184665] [main-thread   ] [F] LL_A task-manager//task-queue/find-task to be executed task = <WAMessagesByActiveSessionTask: 0x60000124a5a0 [fix-streaming-items]>  queue=<WATaskQueue: 0x600001254af0>
20:09:38.940 [ 184665] [main-thread   ] [F] LL_A task-manager//task/start [<WATaskQueue: 0x600001254af0>]
20:09:38.940 [ 212281] [utility-qos   ] [F] LL_A task-manager//task-queue/run-task on queue task = <WAMessagesByActiveSessionTask: 0x60000124a5a0 [fix-streaming-items]>, queue = <WATaskQueue: 0x600001254af0>
20:09:38.945 [ 184665] [main-thread   ] [F] LL_A storage//save/background/done [ChatDB in 0.00s with no changes from 'NSManagedObjectContext 0x60000023fcf0']
20:09:38.946 [ 184665] [main-thread   ] [F] LL_A messages-by-session//by-session [id: fix-streaming-items; count: 0; has-more: 0]
20:09:38.946 [ 184665] [main-thread   ] [F] LL_A task-manager//task-queue/task-completion task = <WAMessagesByActiveSessionTask: 0x60000124a5a0 [fix-streaming-items]>, queue = <WATaskQueue: 0x600001254af0>, should-run-again = 1
20:09:38.947 [ 184665] [main-thread   ] [F] LL_A task-manager//task finished for task-manager = <WATaskManager: 0x600001724100> on queue=<WATaskQueue: 0x600001254af0>
20:09:38.947 [ 184665] [main-thread   ] [F] LL_A task-manager//task-manager/run-task task-manager = <WATaskManager: 0x600001724100>, quiet mode 0 _executingTask 0
20:09:39.555 [ 212281] [memory-us…ging] [F] LL_A app//memory: System [Used 5654MB, Free 52MB] Process [Footprint 174MB (+0MB), Available 0MB, Peak 186MB] [cpu/s: 0.027]
20:09:39.777 [ 184665] [main-thread   ] [F] LL_A scene-delegate/will-resign-active
20:09:39.777 [ 184665] [main-thread   ] [F] LL_A app//will-resign-active
20:09:39.781 [ 184665] [main-thread   ] [F] LL_A scene-delegate/did-enter-background
20:09:39.781 [ 184665] [main-thread   ] [F] LL_A app//did-enter-background
20:09:39.781 [ 184665] [main-thread   ] [F] LL_A app//memory: System [Used 5658MB, Free 45MB] Process [Footprint 174MB (0MB), Available 0MB, Peak 186MB]
20:09:39.782 [ 184665] [main-thread   ] [F] LL_A termination-marker//set-marker/main/pid: 4484
20:09:39.782 [ 184665] [main-thread   ] [F] LL_A termination-marker//set-marker/main/background
20:09:39.782 [ 184665] [main-thread   ] [F] LL_A assetslibrary//save-media/defer-began
20:09:39.784 [ 184665] [main-thread   ] [F] LL_A bgtaskcontroller//task-submitting-or-cancelling
20:09:39.787 [ 184665] [WARecursi…Lock] [F] LL_E storage//mutate/database-metadata/failed to save: WAChatSessionMigrationBase.ChatSessionMigrationError()
20:09:39.788 [ 184665] [main-thread   ] [F] LL_E broadcast-list-account-migration-v2/prepare/failed error=[‎The migration is disabled. Migration should only run on primary devices.]
20:09:39.790 [ 184665] [WARecursi…Lock] [F] LL_E storage//mutate/database-metadata/failed to save: WAChatSessionMigrationBase.ChatSessionMigrationError()
20:09:39.790 [ 184665] [main-thread   ] [F] LL_E bot-fbid-migration/prepare/failed error=[‎The migration is disabled. The `ai_fbid_local_db_migration_version_ios` ab prop is disabled.]
20:09:39.794 [ 184665] [WARecursi…Lock] [F] LL_E storage//mutate/database-metadata/failed to save: WAChatSessionMigrationBase.ChatSessionMigrationError()
20:09:39.794 [ 184665] [main-thread   ] [F] LL_E broadcast-list-account-migration-v2/prepare/failed error=[‎The migration is disabled. Migration should only run on primary devices.]
20:09:39.796 [ 184665] [WARecursi…Lock] [F] LL_E storage//mutate/database-metadata/failed to save: WAChatSessionMigrationBase.ChatSessionMigrationError()
20:09:39.796 [ 184665] [main-thread   ] [F] LL_E bot-fbid-migration/prepare/failed error=[‎The migration is disabled. The `ai_fbid_local_db_migration_version_ios` ab prop is disabled.]
20:09:39.796 [ 184665] [main-thread   ] [F] LL_A bgtaskcontroller//task-disabled com.whatsapp.nse_merge
20:09:39.798 [ 184665] [main-thread   ] [F] LL_A bgtaskcontroller//task-disabled com.whatsapp.icloud_backup
20:09:39.798 [ 184665] [main-thread   ] [F] LL_A bgtaskcontroller//task-disabled com.whatsapp.canonical-user-manager
20:09:39.798 [ 184665] [main-thread   ] [F] LL_A bgtaskcontroller//task-disabled com.whatsapp.metaai-bot-session-cleanup
20:09:39.800 [ 184665] [main-thread   ] [F] LL_A ephemeral/after-read/timer/lifecycle [event=did-background, activeBlocks=0]
20:09:39.801 [ 213492] [WamBufferStore] [F] LL_A fieldstats/wameta///buffer/create/succeeded 1-0-2851
20:09:39.801 [ 184665] [main-thread   ] [F] LL_A chatvcnew-chat-bar/ptt-recording/interrupt pttComponent.recordingIsActive=false chatBar.recordingIsActive=false
20:09:39.801 [ 213492] [WamBufferStore] [F] LL_A fieldstats/wameta///buffer/create/succeeded: 1-0-2851
20:09:39.802 [ 213487] [xpcqueue      ] [F] LL_A bgtaskcontroller//pending-task com.whatsapp.background_fetch
20:09:39.802 [ 213487] [xpcqueue      ] [F] LL_A bgtaskcontroller//pending-task com.whatsapp.scam-group-messages
20:09:39.802 [ 213487] [xpcqueue      ] [F] LL_A bgtaskcontroller//pending-task com.whatsapp.db_maintenance
20:09:39.802 [ 213487] [xpcqueue      ] [F] LL_A bgtaskcontroller//pending-task com.whatsapp.storage_management
20:09:39.803 [ 213487] [xpcqueue      ] [F] LL_A bgtaskcontroller//task-already-scheduled com.whatsapp.background_fetch
20:09:39.803 [ 213487] [xpcqueue      ] [F] LL_A bgtaskcontroller//task-already-scheduled com.whatsapp.scam-group-messages
20:09:39.803 [ 213487] [xpcqueue      ] [F] LL_A bgtaskcontroller//task-already-scheduled com.whatsapp.db_maintenance
20:09:39.803 [ 213487] [xpcqueue      ] [F] LL_A bgtaskcontroller//task-already-scheduled com.whatsapp.storage_management
20:09:39.807 [ 213488] [NSManaged…a970] [F] LL_A storage//save/success [KVStore-LocalKeyValue.sqlite in 0.00s with changes]
20:09:39.808 [ 213488] [storage       ] [F] LL_E wachat-list-view-controller+activity-indicator-extension/Failed to save activity indicator states
20:09:39.819 [ 184665] [main-thread   ] [B] LL_A chatstorage//save/ids/success [ChatDB in 0.00s]
20:09:39.819 [ 184665] [main-thread   ] [B] LL_A chatstorage//save/process [ChatDB in 0.00s]
20:09:39.819 [ 184665] [main-thread   ] [B] LL_A chatstorage//indexing/should index messages 0
20:09:39.819 [ 184665] [main-thread   ] [B] LL_A storage//save/success [ChatDB in 0.00s with no changes]
20:09:39.819 [ 184665] [main-thread   ] [B] LL_A chatstorage//save/aggregated success [ChatDB in 0.00s]
20:09:39.827 [ 214062] [WamBufferStore] [B] LL_A fieldstats/wameta///buffer/move/succeeded from /Users/adistyputri/Library/Group Containers/group.net.whatsapp.WhatsApp.shared/FieldStats2/WhatsApp/wam-a/wam-a-1-0-2851 to /Users/adistyputri/Library/Group Containers/group.net.whatsapp.WhatsApp.shared/FieldStats2/WhatsApp/wam-o/wam-o-1-0-2851
20:09:39.827 [ 214062] [WamBufferStore] [B] LL_A fieldstats/wameta///buffer/rotate/succeeded - 1-0-2851, eventCount: 3, recordCount: 56
20:09:39.828 [ 214062] [utility       ] [B] LL_A buffer/upload/initiated - accountUUID: <legacy-primary>, streamId: 1, channel: 0, sequenceNumber: 2851, eventCount: 3, recordCount: 56
20:09:39.829 [ 214057] [normal        ] [B] LL_N stream//> send > [iq/set ns=w:stats t=s.whatsapp.net id=1790079492-53]
20:09:39.856 [ 212281] [NSManaged…4ea0] [B] LL_A storage//save/success [SignalDB in 0.03s with changes]
20:09:39.858 [ 184665] [main-thread   ] [B] LL_A badge-controller/7 BadgeController/didEnterBackground
20:09:39.858 [ 184665] [main-thread   ] [B] LL_A badge-state-machine/Handled badge change [didEnterBackground]: 2 -> 2
20:09:40.023 [ 214056] [normal        ] [B] LL_N xmpp//< recv < [iq/result f=s.whatsapp.net id=1790079492-53]
20:09:40.024 [ 214056] [normal        ] [B] LL_A fieldstats/wameta/transport/buffer/send/succeeded - accountUUID: <legacy-primary>, stream id: 1, channel: 0, sequenceNumber: 2851, eventCount: 3, recordCount: 56
20:09:40.025 [ 213487] [WamBufferStore] [B] LL_A fieldstats/wameta///buffer/drop/succeeded - accountUUID: <legacy-primary>, bufferType: old, file: wam-o-1-0-2851
20:09:40.025 [ 213487] [utility       ] [B] LL_A fieldstats/wameta///buffer/fetch/initiated - accountUUID: <legacy-primary>, streamId: 1, bufferType: old, bufferRootDir: /Users/adistyputri/Library/Group Containers/group.net.whatsapp.WhatsApp.shared/FieldStats2/WhatsApp, fetchLimit: 20
20:09:40.025 [ 213487] [WamBufferStore] [B] LL_A fieldstats/wameta///buffer/fetch/cross-context - accountUUID: <legacy-primary>, will fetch from 1 directories
20:09:40.025 [ 213487] [WamBufferStore] [B] LL_A fieldstats/wameta///buffer/fetch/dir: /Users/adistyputri/Library/Group Containers/group.net.whatsapp.WhatsApp.shared/FieldStats2/WhatsApp/wam-o, count: 0
20:09:40.025 [ 213487] [WamBufferStore] [B] LL_A fieldstats/wameta///buffer/fetch/completed - accountUUID: <legacy-primary>, bufferType: old, successfully parsed: 0 buffers
20:09:40.025 [ 214054] [bgtask        ] [B] LL_A process//background-task/end/main/1744
20:09:42.555 [ 214054] [memory-us…ging] [B] LL_A app//memory: System [Used 5538MB, Free 158MB] Process [Footprint 176MB (+2MB), Available 0MB, Peak 186MB] [cpu/s: 0.056]
20:09:45.554 [ 213492] [memory-us…ging] [B] LL_A app//memory: System [Used 5537MB, Free 159MB] Process [Footprint 176MB (-0MB), Available 0MB, Peak 186MB] [cpu/s: 0.004]
20:09:48.553 [ 213487] [memory-us…ging] [B] LL_A app//memory: System [Used 5550MB, Free 146MB] Process [Footprint 176MB (-0MB), Available 0MB, Peak 186MB] [cpu/s: 0.003]
20:09:51.554 [ 213492] [memory-us…ging] [B] LL_A app//memory: System [Used 5513MB, Free 186MB] Process [Footprint 175MB (-0MB), Available 0MB, Peak 186MB] [cpu/s: 0.003]
20:09:54.555 [ 213492] [memory-us…ging] [B] LL_A app//memory: System [Used 5547MB, Free 152MB] Process [Footprint 175MB (0MB), Available 0MB, Peak 186MB] [cpu/s: 0.002]
20:09:57.553 [ 213487] [memory-us…ging] [B] LL_A app//memory: System [Used 5541MB, Free 158MB] Process [Footprint 175MB (-0MB), Available 0MB, Peak 186MB] [cpu/s: 0.005]
20:10:00.024 [ 213492] [normal        ] [B] LL_N stream//idle
20:10:00.024 [ 213492] [normal        ] [B] LL_A ccq/connection/cancel-stanza-processing/skip-resources-released
20:10:00.553 [ 213492] [memory-us…ging] [B] LL_A app//memory: System [Used 5522MB, Free 179MB] Process [Footprint 175MB (0MB), Available 0MB, Peak 186MB] [cpu/s: 0.003]
20:10:03.554 [ 214061] [memory-us…ging] [B] LL_A app//memory: System [Used 5567MB, Free 133MB] Process [Footprint 175MB (0MB), Available 0MB, Peak 186MB] [cpu/s: 0.003]
20:10:06.554 [ 213492] [memory-us…ging] [B] LL_A app//memory: System [Used 5579MB, Free 124MB] Process [Footprint 175MB (-0MB), Available 0MB, Peak 186MB] [cpu/s: 0.004]
20:10:09.553 [ 213492] [memory-us…ging] [B] LL_A app//memory: System [Used 5580MB, Free 122MB] Process [Footprint 175MB (0MB), Available 0MB, Peak 186MB] [cpu/s: 0.002]
20:10:12.130 [ 213487] [addressbook   ] [B] LL_A syncmanager//usync/scheduled-full/check c:[(null)] d:[2026-09-22 15:14:14 +0000] dm:[2026-09-22 15:14:14 +0000] sl:[(null)] b:[2026-09-22 15:14:14 +0000] s:[2026-09-22 15:14:14 +0000]
20:10:12.130 [ 213487] [addressbook   ] [B] LL_A syncmanager//usync/scheduled-full/run/background
20:10:12.133 [ 213487] [addressbook   ] [B] LL_A syncmanager//usync/unisync/begin
20:10:12.133 [ 213487] [addressbook   ] [B] LL_A syncmanager//usync/prepare-list/Full items=[0] deleted=[0]
20:10:12.157 [ 213487] [addressbook   ] [B] LL_A syncmanager//usync/prepare-sidelist/Full items=[62]
20:10:12.158 [ 213487] [addressbook   ] [B] LL_A syncmanager//usync/contacts/backoff is nil or before now:[nil]
20:10:12.158 [ 213487] [addressbook   ] [B] LL_A syncmanager//usync/contacts/nextScheduledFullSyncDate is:[(null)]
20:10:12.158 [ 213487] [addressbook   ] [B] LL_A syncmanager//usync/contacts/isCompanionDevice
20:10:12.158 [ 213487] [addressbook   ] [B] LL_A syncmanager//usync/contacts/isContactSyncEnabled:[NO]
20:10:12.159 [ 213487] [addressbook   ] [B] LL_A syncmanager//usync/unisync/nc/allowMutation: 1, mode: 3, orion_usync_allow_mutation_attribute:1 
